# WaveFront *.obj file (generated by Autodesk ATF)

mtllib BASE.mtl

g MeshBody1

v 12.500001 0.003582 23.700001
v 12.585187 0.650630 23.700001
v 12.834938 1.253582 23.700001
v 13.232235 1.771349 23.700001
v 13.750001 2.168646 23.700001
v 14.352954 2.418397 23.700001
v 15.000001 2.503582 23.700001
v 15.647049 2.418397 23.700001
v 16.250001 2.168646 23.700001
v 16.767768 1.771349 23.700001
v 17.165065 1.253582 23.700001
v 17.414816 0.650630 23.700001
v 17.500001 0.003582 23.700001
v 17.414816 -0.643465 23.700001
v 17.165065 -1.246418 23.700001
v 16.767768 -1.764185 23.700001
v 16.250001 -2.161481 23.700001
v 15.647049 -2.411232 23.700001
v 15.000001 -2.496418 23.700001
v 14.352954 -2.411232 23.700001
v 13.750001 -2.161481 23.700001
v 13.232235 -1.764185 23.700001
v 12.834938 -1.246418 23.700001
v 12.585187 -0.643465 23.700001
v 13.755648 2.171896 29.699411
v 13.239301 1.778388 29.699410
v 12.841686 1.265197 29.699409
v 12.589614 0.666931 29.699409
v 12.500084 0.023932 29.699408
v 12.579134 -0.620438 29.699407
v 12.821433 -1.222729 29.699406
v 13.210642 -1.742325 29.699405
v 13.720514 -2.144187 29.699405
v 14.316667 -2.401216 29.699404
v 14.923409 -2.495244 29.699404
v 15.534770 -2.438553 29.699404
v 16.113876 -2.234560 29.699405
v 16.625798 -1.895572 29.699405
v 17.039657 -1.442034 29.699406
v 17.330492 -0.901301 29.699406
v 17.480760 -0.305989 29.699407
v 17.481399 0.307994 29.699408
v 17.332369 0.903617 29.699409
v 17.042659 1.444954 29.699410
v 16.629743 1.899352 29.699410
v 16.118528 2.239404 29.699411
v 15.539848 2.444600 29.699411
v 14.928605 2.502563 29.699411
v 14.321670 2.409796 29.699411
v 19.650670 -45.881012 29.699345
v 19.715785 44.945766 29.699468
v 8.926046 41.540102 29.699464
v -66.499999 61.503582 25.700001
v -65.499999 62.503582 24.700001
v -65.499999 62.503582 1.700001
v -67.499999 60.503582 1.700001
v -67.499999 60.503582 24.700001
v 55.500001 62.503582 24.700001
v 55.500001 62.503582 1.700001
v -65.499999 60.503582 26.700001
v 55.500001 60.503582 26.700001
v 56.500001 61.503582 25.700001
v -67.499999 -60.496418 24.700001
v -66.499999 -61.496418 25.700001
v -65.499999 -60.496418 26.700001
v 57.500001 60.503582 24.700001
v 57.500001 60.503582 1.700001
v 57.500001 -60.496418 1.700001
v 55.500001 -62.496418 1.700001
v -65.499999 -62.496418 1.700001
v -67.499999 -60.496418 1.700001
v 54.500001 -59.496418 1.700001
v 54.500001 59.503582 1.700001
v -64.499999 59.503582 1.700001
v -64.499999 -59.496418 1.700001
v 57.500001 -60.496418 24.700001
v 55.500001 -60.496418 26.700001
v 56.500001 -61.496418 25.700001
v -65.499999 -62.496418 24.700001
v 55.500001 -62.496418 24.700001
v 55.048955 5.992267 26.700001
v 55.395921 -0.493220 26.700001
v 55.395815 -0.495141 26.700001
v 55.039552 -6.980107 26.700001
v 55.039233 -6.982041 26.700001
v 53.983911 -13.390439 26.700001
v 53.983380 -13.392347 26.700001
v 52.241382 -19.649056 26.700001
v 52.240635 -19.650926 26.700001
v 49.832386 -25.682586 26.700001
v 49.831428 -25.684390 26.700001
v 46.785177 -31.420288 26.700001
v 46.784019 -31.421993 26.700001
v 43.135478 -36.794893 26.700001
v 43.134128 -36.796480 26.700001
v 38.926072 -41.743392 26.700001
v 38.924543 -41.744838 26.700001
v 34.206323 -46.207764 26.700001
v 34.204622 -46.209055 26.700001
v 29.031547 -50.135671 26.700001
v 29.029712 -50.136773 26.700001
v 23.462432 -53.481066 26.700001
v 23.460468 -53.481973 26.700001
v 17.564264 -56.204715 26.700001
v 17.562194 -56.205411 26.700001
v 11.406187 -58.274699 26.700001
v 11.404040 -58.275170 26.700001
v 5.060405 -59.666743 26.700001
v 5.058217 -59.666979 26.700001
v -1.398680 -60.364523 26.700001
v -1.400866 -60.364522 26.700001
v -7.895343 -60.359866 26.700001
v -7.897534 -60.359626 26.700001
v -14.353431 -59.652825 26.700001
v -14.355599 -59.652346 26.700001
v -20.697209 -58.251683 26.700001
v -20.699293 -58.250979 26.700001
v -26.852306 -56.172872 26.700001
v -26.854294 -56.171951 26.700001
v -32.746568 -53.440769 26.700001
v -32.748445 -53.439637 26.700001
v -38.310882 -50.087392 26.700001
v -38.312608 -50.086078 26.700001
v -43.480014 -46.152070 26.700001
v -43.481575 -46.150588 26.700001
v -48.193363 -41.680934 26.700001
v -48.194742 -41.679308 26.700001
v -52.395663 -36.726405 26.700001
v -52.396836 -36.724671 26.700001
v -56.037657 -31.346572 26.700001
v -56.038633 -31.344728 26.700001
v -59.076638 -25.604507 26.700001
v -59.077406 -25.602575 26.700001
v -61.476973 -19.567529 26.700001
v -61.477514 -19.565576 26.700001
v -63.210529 -13.306420 26.700001
v -63.210853 -13.304431 26.700001
v -64.256977 -6.894581 26.700001
v -64.257083 -6.892604 26.700001
v -64.604046 -0.407190 26.700001
v -64.603939 -0.405251 26.700001
v -64.247675 6.079693 26.700001
v -64.247363 6.081590 26.700001
v -63.192035 12.490025 26.700001
v -63.191525 12.491857 26.700001
v -61.449503 18.748642 26.700001
v -61.448814 18.750368 26.700001
v -59.040515 24.782172 26.700001
v -59.039644 24.783813 26.700001
v -55.993304 30.519873 26.700001
v -55.992284 30.521374 26.700001
v -52.343599 35.894485 26.700001
v -52.342450 35.895837 26.700001
v -48.134200 40.842976 26.700001
v -48.132915 40.844192 26.700001
v -43.414445 45.307352 26.700001
v -43.413051 45.308410 26.700001
v -38.239675 49.235261 26.700001
v -38.238190 49.236153 26.700001
v -32.670559 52.580657 26.700001
v -32.668992 52.581381 26.700001
v -26.772386 55.304304 26.700001
v -26.770774 55.304846 26.700001
v -20.614314 57.374284 26.700001
v -20.612662 57.374647 26.700001
v -14.268534 58.766334 26.700001
v -14.266845 58.766516 26.700001
v -7.809438 59.464111 26.700001
v -7.807761 59.464110 26.700001
v -1.312775 59.459454 26.700001
v -1.311126 59.459273 26.700001
v 5.145302 58.752416 26.700001
v 5.146943 58.752053 26.700001
v 11.489082 57.351268 26.700001
v 11.490683 57.350728 26.700001
v 17.644185 55.272461 26.700001
v 17.645722 55.271748 26.700001
v 23.538441 52.540360 26.700001
v 23.539895 52.539483 26.700001
v 29.102753 49.186982 26.700001
v 29.104109 49.185950 26.700001
v 34.271892 45.251657 26.700001
v 34.273149 45.250464 26.700001
v 38.985235 40.780519 26.700001
v 38.986361 40.779190 26.700001
v 43.187541 35.825997 26.700001
v 43.188531 35.824536 26.700001
v 46.829530 30.446157 26.700001
v 46.830367 30.444575 26.700001
v 49.868509 24.704093 26.700001
v 49.869182 24.702400 26.700001
v 52.268851 18.667115 26.700001
v 52.269344 18.665337 26.700001
v 54.002405 12.406006 26.700001
v 54.002706 12.404163 26.700001
v 55.048853 5.994167 26.700001
v 54.500001 -59.496418 23.700001
v 54.500001 59.503582 23.700001
v -64.499999 -59.496418 23.700001
v -64.499999 59.503582 23.700001
v -64.604047 -0.407192 28.699400
v -64.256973 -6.894584 28.699394
v -63.210526 -13.306422 28.699384
v -61.476974 -19.567532 28.699374
v -59.076636 -25.604509 28.699365
v -56.037658 -31.346575 28.699356
v -52.395664 -36.726408 28.699354
v -48.193361 -41.680937 28.699349
v -43.480019 -46.152072 28.699337
v -38.310883 -50.087395 28.699330
v -32.746566 -53.440771 28.699330
v -26.852304 -56.172875 28.699330
v -20.697207 -58.251686 28.699319
v -14.353429 -59.652827 28.699321
v -7.895351 -60.359868 28.699323
v -1.398675 -60.364526 28.699321
v 5.060407 -59.666745 28.699327
v 11.406187 -58.274702 28.699325
v 17.564258 -56.204718 28.699333
v 23.462431 -53.481069 28.699332
v 29.031547 -50.135674 28.699343
v 34.206315 -46.207767 28.699345
v 38.926070 -41.743394 28.699350
v 43.135478 -36.794896 28.699360
v 46.785177 -31.420291 28.699367
v 49.832387 -25.682589 28.699372
v 52.241382 -19.649059 28.699382
v 53.983910 -13.390441 28.699388
v 55.039546 -6.980110 28.699402
v 55.395921 -0.493223 28.699409
v -10.069148 48.253677 60.699471
v -10.314485 48.253805 95.878563
v -11.064342 48.254341 96.949469
v -9.390060 48.253143 94.954137
v -8.319154 48.252377 94.204280
v -7.134303 48.251528 93.651774
v -5.871512 48.250623 93.313411
v -4.569155 48.249690 93.199471
v -2.004003 48.247850 93.651776
v 0.930849 48.245791 60.699472
v -0.819153 48.247000 94.204279
v -3.266790 48.248756 93.313411
v -12.069151 48.255056 100.699469
v -12.069151 48.255114 57.726254
v -11.955209 48.254976 99.397108
v -11.616845 48.254736 98.134318
v 0.251751 48.246231 94.954137
v 1.176177 48.245567 95.878563
v 1.926034 48.245028 96.949471
v 2.478538 48.244630 98.134320
v 2.816901 48.244386 99.397110
v 2.930845 48.244303 100.699470
v 2.930847 48.244361 57.726254
v -10.069292 48.053680 60.699471
v -12.069294 48.055118 57.726254
v 0.930705 48.045794 60.699472
v 2.930704 48.044364 57.726254
v 0.861021 -49.154184 60.699340
v -3.336618 -49.151219 93.313279
v -2.073831 -49.152125 93.651644
v -4.638983 -49.150285 93.199339
v -10.138976 -49.146298 60.699339
v -5.941340 -49.149351 93.313279
v -7.204131 -49.148447 93.651643
v -8.388982 -49.147598 94.204148
v -9.459888 -49.146831 94.954005
v -10.384313 -49.146170 95.878431
v -11.134170 -49.145634 96.949337
v -11.686673 -49.145239 98.134186
v -12.025037 -49.144998 99.396976
v 0.181923 -49.153744 94.954005
v 1.106349 -49.154408 95.878432
v -0.888981 -49.152975 94.204147
v -12.138979 -49.144918 100.699337
v -12.138979 -49.144860 57.726123
v 2.747073 -49.155589 99.396978
v 2.861017 -49.155672 100.699338
v 2.408710 -49.155344 98.134188
v 1.856206 -49.154947 96.949339
v 2.861019 -49.155614 57.726123
v 0.861164 -48.954184 60.699340
v 2.861163 -48.955614 57.726123
v -10.138833 -48.946298 60.699339
v -12.138835 -48.944860 57.726123
v 43.157345 16.854896 28.699434
v 45.857898 5.398710 28.699413
v 44.840536 11.205281 28.699421
v 46.195716 -0.486627 28.699407
v 45.849460 -6.371474 28.699397
v 44.823774 -12.176580 28.699390
v 43.132483 -17.823779 28.699387
v 40.798363 -23.237017 28.699375
v 30.293947 -37.365621 28.699359
v 40.830989 22.271475 28.699437
v 37.892789 27.382080 28.699447
v 34.335578 -33.074175 28.699364
v 37.852839 -28.343408 28.699372
v 30.346842 36.415126 28.699459
v 27.411728 38.990992 28.699458
v 34.382315 32.117890 28.699452
v 27.355143 -39.937274 28.699351
v 26.653900 -41.379291 29.699351
v 26.712554 40.434012 29.699462
v 33.411599 -35.192974 29.699362
v 34.872317 -33.523856 29.699359
v 30.774970 -37.874455 29.699359
v 29.220336 -39.285248 29.699354
v 40.270787 -25.718734 29.699371
v 41.424177 -23.551107 29.699372
v 38.438050 -28.727879 29.699365
v 37.111029 -30.651216 29.699365
v 44.815213 -14.941083 29.699390
v 45.505069 -12.338214 29.699392
v 43.790471 -18.063251 29.699384
v 42.849967 -20.459340 29.699378
v 46.810469 -3.415952 29.699405
v 46.895918 -0.487130 29.699410
v 46.544892 -6.453093 29.699402
v 46.141104 -9.235344 29.699394
v 46.814669 2.441807 29.699413
v 46.553447 5.479326 29.699418
v 46.153648 8.262153 29.699417
v 45.522063 11.365931 29.699425
v 44.835940 13.969787 29.699429
v 43.815675 17.093421 29.699432
v 42.878608 19.490860 29.699433
v 41.457253 22.584669 29.699435
v 40.306972 24.753943 29.699439
v 38.478551 27.765715 29.699442
v 37.154289 29.690951 29.699447
v 34.919698 32.566798 29.699448
v 33.461376 34.238010 29.699456
v 30.828594 36.923271 29.699460
v 29.275985 38.336288 29.699459
v -39.554967 -37.315545 28.699350
v -47.100912 -28.282503 28.699365
v -43.590441 -33.018308 28.699362
v -50.039113 -23.171893 28.699372
v -52.365472 -17.755315 28.699376
v -54.048663 -12.105696 28.699384
v -55.066023 -6.299126 28.699387
v -55.403845 -0.413788 28.699396
v -55.057585 5.471059 28.699403
v -54.031900 11.276164 28.699416
v -52.340610 16.923360 28.699423
v -50.006487 22.336598 28.699433
v -47.060961 27.442985 28.699440
v -43.543704 32.173756 28.699450
v -39.502072 36.465202 28.699450
v -36.563264 39.036857 28.699455
v -36.619850 -39.891409 28.699349
v -35.862022 40.478873 29.699462
v -35.920676 -41.334430 29.699351
v -42.619721 34.292554 29.699451
v -44.080434 32.623435 29.699447
v -39.983092 36.974037 29.699454
v -38.428457 38.384826 29.699454
v -49.478909 24.818313 29.699433
v -50.632302 22.650690 29.699429
v -47.646176 27.827459 29.699441
v -46.319158 29.750794 29.699443
v -54.023337 14.040661 29.699420
v -54.713197 11.437792 29.699419
v -52.998595 17.162829 29.699426
v -52.058090 19.558922 29.699426
v -56.018597 2.515531 29.699402
v -56.104051 -0.413288 29.699396
v -55.753015 5.552672 29.699411
v -55.349223 8.334922 29.699413
v -56.022797 -3.342229 29.699394
v -55.761569 -6.379748 29.699395
v -55.361767 -9.162575 29.699389
v -54.730191 -12.266353 29.699387
v -54.044064 -14.870209 29.699380
v -53.023799 -17.993843 29.699378
v -52.086731 -20.391278 29.699372
v -50.665378 -23.485087 29.699366
v -49.515094 -25.654365 29.699365
v -47.686677 -28.666135 29.699364
v -46.362419 -30.591372 29.699361
v -44.127816 -33.467220 29.699358
v -42.669498 -35.138430 29.699357
v -40.036716 -37.823689 29.699352
v -38.484106 -39.236709 29.699349
v -7.888584 -51.947967 102.574334
v -7.516522 -55.948236 103.109781
v -7.891451 -55.947967 102.574328
v -7.513654 -51.948236 103.109787
v -7.054310 -55.948568 103.571995
v -7.051443 -51.948568 103.572001
v -6.518856 -55.948953 103.946924
v -6.515989 -51.948953 103.946929
v -5.926433 -55.949378 104.223176
v -5.923565 -51.949378 104.223182
v -5.295038 -55.949831 104.392358
v -5.292170 -51.949831 104.392363
v -4.643857 -55.950298 104.449329
v -4.640989 -51.950298 104.449334
v -3.992677 -55.950764 104.392358
v -3.989809 -51.950765 104.392363
v -3.361283 -55.951217 104.223177
v -3.358416 -51.951217 104.223182
v -2.768859 -55.951641 103.946925
v -2.765992 -51.951641 103.946930
v -2.233406 -55.952025 103.571997
v -2.230538 -51.952025 103.572002
v -1.771191 -55.952355 103.109783
v -1.768323 -51.952355 103.109788
v -1.396261 -55.952623 102.574328
v -1.393393 -51.952623 102.574333
v -1.120012 -55.952821 101.981905
v -1.117144 -51.952821 101.981911
v -0.950828 -55.952941 101.350509
v -0.947960 -51.952941 101.350515
v -0.893858 -55.952981 100.699329
v -0.890991 -51.952981 100.699335
v -0.950828 -55.952939 100.048148
v -0.947961 -51.952939 100.048154
v -1.120010 -55.952817 99.416753
v -1.117142 -51.952817 99.416759
v -1.396264 -55.952618 98.824330
v -1.393396 -51.952618 98.824335
v -1.771190 -55.952349 98.288876
v -1.768323 -51.952349 98.288881
v -2.233404 -55.952017 97.826662
v -2.230536 -51.952017 97.826667
v -2.768858 -55.951632 97.451734
v -2.765990 -51.951633 97.451739
v -3.361281 -55.951207 97.175481
v -3.358413 -51.951207 97.175486
v -3.992677 -55.950754 97.006301
v -3.989810 -51.950755 97.006306
v -4.643855 -55.950288 96.949328
v -4.640987 -51.950288 96.949333
v -5.295037 -55.949821 97.006299
v -5.292170 -51.949821 97.006305
v -5.926434 -55.949368 97.175483
v -5.923566 -51.949368 97.175488
v -6.518858 -55.948944 97.451734
v -6.515990 -51.948944 97.451740
v -7.054311 -55.948561 97.826663
v -7.051443 -51.948561 97.826669
v -7.516523 -55.948230 98.288875
v -7.513655 -51.948230 98.288880
v -7.891451 -55.947962 98.824329
v -7.888583 -51.947962 98.824334
v -8.167703 -55.947765 99.416753
v -8.164836 -51.947765 99.416759
v -8.336886 -55.947644 100.048148
v -8.334018 -51.947644 100.048153
v -8.393856 -55.947604 100.699328
v -8.390988 -51.947604 100.699334
v -8.336885 -55.947646 101.350509
v -8.334018 -51.947646 101.350515
v -8.167702 -55.947768 101.981903
v -8.164834 -51.947768 101.981909
v -4.640989 -51.950290 98.399334
v -5.040380 -51.950003 98.434276
v -5.427633 -51.949726 98.538040
v -5.790991 -51.949466 98.707476
v -6.119399 -51.949230 98.937431
v -6.402892 -51.949028 99.220923
v -6.632847 -51.948863 99.549334
v -6.802282 -51.948742 99.912688
v -6.906048 -51.948668 100.299944
v -6.940988 -51.948644 100.699334
v -6.906046 -51.948669 101.098725
v -6.802281 -51.948744 101.485980
v -6.632848 -51.948866 101.849334
v -6.402890 -51.949032 102.177745
v -6.119400 -51.949235 102.461236
v -5.790988 -51.949471 102.691192
v -5.427637 -51.949732 102.860628
v -5.040381 -51.950009 102.964393
v -4.640989 -51.950296 102.999334
v -4.241600 -51.950582 102.964393
v -3.854342 -51.950860 102.860627
v -3.490991 -51.951120 102.691194
v -3.162576 -51.951355 102.461235
v -2.879088 -51.951558 102.177746
v -2.649132 -51.951722 101.849334
v -2.479697 -51.951843 101.485981
v -2.375934 -51.951917 101.098726
v -2.340987 -51.951942 100.699333
v -2.375930 -51.951916 100.299942
v -2.479696 -51.951841 99.912688
v -2.649130 -51.951719 99.549334
v -2.879087 -51.951554 99.220922
v -3.162576 -51.951350 98.937431
v -3.490987 -51.951114 98.707475
v -3.854345 -51.950854 98.538042
v -4.241599 -51.950576 98.434277
v -1.319554 51.047356 98.824475
v -1.040432 55.047156 99.416903
v -1.316686 55.047355 98.824480
v -1.043300 51.047157 99.416898
v -0.871250 55.047034 100.048298
v -0.874118 51.047035 100.048293
v -0.814280 55.046992 100.699479
v -0.817148 51.046993 100.699474
v -0.871250 55.047032 101.350660
v -0.874118 51.047033 101.350654
v -1.040434 55.047153 101.982056
v -1.043301 51.047154 101.982050
v -1.316683 55.047350 102.574478
v -1.319551 51.047351 102.574473
v -1.691613 55.047618 103.109933
v -1.694481 51.047619 103.109927
v -2.153828 55.047949 103.572147
v -2.156696 51.047950 103.572141
v -2.689281 55.048332 103.947075
v -2.692149 51.048333 103.947070
v -3.281705 55.048756 104.223327
v -3.284573 51.048758 104.223322
v -3.913098 55.049209 104.392508
v -3.915966 51.049210 104.392503
v -4.564279 55.049676 104.449479
v -4.567147 51.049677 104.449473
v -5.215460 55.050143 104.392508
v -5.218327 51.050144 104.392503
v -5.846855 55.050595 104.223327
v -5.849722 51.050597 104.223321
v -6.439278 55.051021 103.947074
v -6.442146 51.051022 103.947068
v -6.974732 55.051405 103.572146
v -6.977600 51.051406 103.572140
v -7.436943 55.051737 103.109931
v -7.439811 51.051738 103.109926
v -7.811873 55.052006 102.574479
v -7.814741 51.052008 102.574473
v -8.088124 55.052205 101.982054
v -8.090991 51.052206 101.982048
v -8.257307 55.052327 101.350659
v -8.260175 51.052329 101.350654
v -8.314277 55.052369 100.699478
v -8.317145 51.052370 100.699473
v -8.257308 55.052329 100.048298
v -8.260175 51.052330 100.048293
v -8.088125 55.052209 99.416903
v -8.090993 51.052210 99.416898
v -7.811873 55.052012 98.824479
v -7.814741 51.052013 98.824474
v -7.436945 55.051743 98.289025
v -7.439812 51.051745 98.289019
v -6.974732 55.051413 97.826813
v -6.977600 51.051414 97.826808
v -6.439280 55.051029 97.451884
v -6.442147 51.051030 97.451879
v -5.846855 55.050605 97.175633
v -5.849723 51.050606 97.175628
v -5.215459 55.050153 97.006449
v -5.218327 51.050154 97.006444
v -4.564277 55.049686 96.949478
v -4.567144 51.049687 96.949473
v -3.913099 55.049219 97.006451
v -3.915967 51.049220 97.006445
v -3.281703 55.048766 97.175631
v -3.284571 51.048767 97.175626
v -2.689279 55.048341 97.451884
v -2.692147 51.048342 97.451879
v -2.153825 55.047957 97.826812
v -2.156693 51.047958 97.826807
v -1.691612 55.047625 98.289026
v -1.694480 51.047626 98.289020
v -5.717148 51.050509 98.707616
v -5.353790 51.050249 98.538179
v -4.966537 51.049971 98.434416
v -4.567147 51.049685 98.399474
v -4.167756 51.049399 98.434416
v -3.780502 51.049121 98.538181
v -3.417144 51.048860 98.707614
v -3.088733 51.048624 98.937571
v -2.805244 51.048421 99.221062
v -2.575287 51.048255 99.549473
v -2.405853 51.048133 99.912827
v -2.302088 51.048058 100.300082
v -2.267144 51.048033 100.699472
v -2.302091 51.048057 101.098866
v -2.405855 51.048131 101.486120
v -2.575289 51.048252 101.849474
v -2.805245 51.048417 102.177885
v -3.088733 51.048620 102.461375
v -3.417148 51.048855 102.691333
v -3.780499 51.049115 102.860766
v -4.167757 51.049392 102.964532
v -4.567146 51.049679 102.999473
v -4.966538 51.049965 102.964532
v -5.353794 51.050243 102.860767
v -5.717145 51.050504 102.691331
v -6.045558 51.050739 102.461376
v -6.329047 51.050943 102.177885
v -6.559005 51.051108 101.849474
v -6.728438 51.051230 101.486119
v -6.832204 51.051305 101.098864
v -6.867145 51.051331 100.699473
v -6.832205 51.051306 100.300083
v -6.728440 51.051232 99.912828
v -6.559004 51.051111 99.549473
v -6.329049 51.050947 99.221063
v -6.045556 51.050744 98.937571
v -6.624498 -28.948782 38.699365
v -5.630946 -37.949508 47.112748
v -5.624810 -29.391867 37.699363
v -6.630947 -37.948793 48.599354
v -6.583634 28.051205 38.699442
v -5.583311 28.492857 37.699441
v -6.577178 37.051190 48.599455
v -5.577177 37.050475 47.112850
v -2.630947 -37.951661 48.599353
v -3.624817 -29.393301 37.699371
v -3.630948 -37.950942 47.112745
v -2.624494 -28.951650 38.699362
v -3.583319 28.491423 37.699449
v -2.583630 28.048338 38.699439
v -3.577179 37.049041 47.112846
v -2.577178 37.048322 48.599454
v -5.577176 37.050488 37.699452
v -3.577183 37.049054 37.699461
v -3.630952 -37.950929 37.699360
v -5.630945 -37.949495 37.699351
v -62.604045 -0.408629 30.699404
v -62.259555 5.862030 30.699405
v -62.268547 -6.679776 30.699388
v -61.256977 -12.877886 30.699385
v -59.581209 -18.930290 30.699373
v -57.260885 -24.766035 30.699366
v -54.323206 -30.316698 30.699354
v -50.802614 -35.517206 30.699350
v -46.740388 -40.306582 30.699343
v -42.184151 -44.628678 30.699342
v -37.187320 -48.432825 30.699338
v -31.808482 -51.674421 30.699336
v -26.110697 -54.315458 30.699332
v -20.160770 -56.324973 30.699323
v -14.028454 -57.679407 30.699322
v -7.785638 -58.362884 30.699329
v -1.505530 -58.367387 30.699327
v 4.738259 -57.692862 30.699327
v 10.872514 -56.347221 30.699327
v 16.825320 -54.346239 30.699331
v 22.526880 -51.713375 30.699338
v 27.910355 -48.479495 30.699343
v 32.912642 -44.682517 30.699346
v 37.475066 -40.366958 30.699354
v 41.544157 -35.583411 30.699360
v 45.072200 -30.387956 30.699370
v 48.017838 -24.841511 30.699376
v 50.346536 -19.009100 30.699380
v 52.030983 -12.959105 30.699388
v 53.051430 -6.762451 30.699402
v 53.395918 -0.491792 30.699412
v 55.048847 5.994165 28.699419
v 53.060421 5.779355 30.699419
v 54.002404 12.406003 28.699423
v 52.048860 11.977462 30.699421
v 52.268852 18.667113 28.699433
v 50.373090 18.029866 30.699430
v 49.868510 24.704091 28.699441
v 48.052757 23.865614 30.699442
v 46.829530 30.446154 28.699451
v 45.115075 29.416275 30.699451
v 43.187542 35.825994 28.699458
v 41.594485 34.616783 30.699455
v 38.985233 40.780516 28.699462
v 37.532257 39.406158 30.699462
v 34.271884 45.251654 28.699468
v 32.976025 43.728258 30.699465
v 29.102754 49.186979 28.699477
v 27.979188 47.532401 30.699473
v 23.538440 52.540357 28.699475
v 22.600355 50.773998 30.699477
v 17.644178 55.272458 28.699484
v 16.902576 53.415031 30.699476
v 11.489082 57.351266 28.699481
v 10.952645 55.424546 30.699479
v 5.145305 58.752413 28.699487
v 4.820326 56.778987 30.699482
v -1.312770 59.459451 28.699483
v -1.422489 57.462464 30.699483
v -7.809447 59.464108 28.699485
v -7.702597 57.466966 30.699486
v -14.268532 58.766331 28.699482
v -13.946387 56.792441 30.699477
v -20.614312 57.374281 28.699475
v -20.080638 55.446794 30.699475
v -26.772384 55.304301 28.699481
v -26.033440 53.445812 30.699478
v -32.670557 52.580654 28.699473
v -31.735007 50.812952 30.699474
v -38.239677 49.235258 28.699465
v -37.118488 47.579071 30.699468
v -43.414449 45.307349 28.699461
v -42.120767 43.782096 30.699461
v -48.134198 40.842974 28.699460
v -46.683197 39.466534 30.699451
v -52.343601 35.894483 28.699452
v -50.752286 34.682989 30.699445
v -55.993305 30.519870 28.699439
v -54.280331 29.487534 30.699435
v -59.040513 24.782170 28.699433
v -57.225965 23.941091 30.699432
v -61.449505 18.748640 28.699426
v -59.554655 18.108675 30.699423
v -63.192032 12.490023 28.699419
v -61.239100 12.058680 30.699419
v -64.247671 6.079691 28.699412
v -39.085242 39.138905 30.699453
v -43.357890 34.967170 30.699449
v -47.129160 30.337220 30.699445
v -50.350262 25.308964 30.699436
v -52.979525 19.947445 30.699433
v -54.982935 14.322033 30.699417
v -56.334567 8.505511 30.699411
v -57.016937 2.573118 30.699404
v -57.021218 -3.398388 30.699396
v -56.347354 -9.331749 30.699387
v -55.004064 -15.150207 30.699377
v -53.008723 -20.778485 30.699378
v -50.387149 -26.143770 30.699367
v -47.173261 -31.176638 30.699362
v -43.408633 -35.811989 30.699353
v -39.141971 -39.989848 30.699346
v -34.922097 -43.311228 30.699336
v -34.860610 42.454228 30.699452
v 29.877120 -40.039329 30.699352
v 34.149762 -35.867592 30.699360
v 37.921037 -31.237644 30.699365
v 41.142137 -26.209389 30.699375
v 43.771407 -20.847869 30.699375
v 45.774814 -15.222458 30.699387
v 47.126441 -9.405932 30.699396
v 47.808810 -3.473543 30.699404
v 47.813091 2.497964 30.699412
v 47.139229 8.431329 30.699420
v 45.795943 14.249783 30.699427
v 43.800604 19.878061 30.699430
v 41.179024 25.243345 30.699445
v 37.965137 30.276214 30.699448
v 34.200505 34.911566 30.699456
v 29.933849 39.089423 30.699459
v 25.713977 42.410801 30.699464
v 25.652490 -43.354655 30.699348
v -18.073947 41.559459 29.699462
v -25.367222 46.678771 29.699464
v -28.858795 44.980590 29.699469
v -21.123867 48.328332 29.699467
v -18.070721 46.059458 29.699469
v -18.070004 47.059457 29.699470
v -13.070009 47.055873 29.699463
v -13.100119 5.055883 29.699406
v -18.108001 -5.940529 29.699398
v -13.108005 -5.944114 29.699392
v -18.100115 5.059468 29.699413
v -18.096889 9.559467 29.699419
v -13.073952 41.555874 29.699456
v -18.111227 -10.440528 29.699392
v -18.134169 -42.440520 29.699349
v -28.923911 -45.846188 29.699346
v -18.137395 -46.940521 29.699343
v -18.138112 -47.940519 29.699341
v -13.137399 -46.944106 29.699336
v -13.138116 -47.944104 29.699335
v -13.111232 -10.444113 29.699385
v -13.134173 -42.444104 29.699342
v -13.070726 46.055873 29.699462
v -13.096893 9.555882 29.699413
v -21.193791 -49.205017 29.699335
v -18.139688 -50.139613 29.699338
v -25.434776 -47.549374 29.699337
v -18.068428 49.258546 29.699473
v -25.770391 47.593900 30.699469
v -29.858369 45.576627 30.699465
v -21.444636 49.275484 30.699475
v -17.067506 50.548934 30.699471
v -29.924339 -46.440792 30.699340
v -21.515917 -50.151711 30.699340
v -17.140618 -51.431431 30.699333
v -25.839257 -48.463924 30.699339
v -17.138833 -48.941239 30.699336
v -12.138830 -48.944824 30.699334
v -12.136679 -45.944822 30.699338
v -17.136682 -45.941237 30.699340
v -17.134890 -43.441240 30.699344
v -12.134887 -43.444824 30.699342
v -12.110512 -9.444831 30.699388
v -17.110514 -9.441246 30.699390
v -17.108722 -6.941247 30.699393
v -12.108719 -6.944832 30.699391
v -12.099399 6.055165 30.699409
v -17.099402 6.058750 30.699411
v -17.097610 8.558749 30.699414
v -12.097607 8.555164 30.699412
v -12.073232 42.555156 30.699458
v -17.073234 42.558740 30.699460
v -17.071442 45.058740 30.699463
v -12.071440 45.055155 30.699462
v -12.069289 48.055154 30.699466
v -17.069291 48.058739 30.699467
v 8.861882 -47.959876 29.699343
v 8.862599 -46.959878 29.699344
v 3.861879 -47.956291 29.699345
v 8.865825 -42.459877 29.699350
v 8.888767 -10.459885 29.699394
v 3.865823 -42.456292 29.699352
v 3.888764 -10.456300 29.699396
v 3.903102 9.543695 29.699423
v 3.926044 41.543686 29.699466
v 8.903105 9.540110 29.699421
v 8.899879 5.040111 29.699415
v 8.891993 -5.959886 29.699400
v 3.891990 -5.956301 29.699402
v 3.899876 5.043696 29.699417
v 8.929273 46.040101 29.699470
v 8.929989 47.040100 29.699471
v 3.929270 46.043685 29.699472
v 3.929987 47.043685 29.699473
v 16.159096 -47.579194 29.699342
v 11.915741 -49.228754 29.699339
v 8.860306 -50.158970 29.699340
v 11.985665 48.304596 29.699471
v 8.931566 49.239189 29.699474
v 16.226650 46.648952 29.699470
v 3.862596 -46.956294 29.699346
v 12.307790 49.251286 30.699472
v 7.932489 50.531011 30.699476
v 16.631131 47.563501 30.699469
v 20.716213 45.540369 30.699467
v 7.930704 48.040816 30.699473
v 2.930706 48.044400 30.699468
v 2.928555 45.044401 30.699463
v 7.928553 45.040817 30.699469
v 7.926761 42.540817 30.699465
v 2.926763 42.544402 30.699460
v 2.902388 8.544411 30.699414
v 7.902385 8.540826 30.699419
v 7.900593 6.040827 30.699416
v 2.900595 6.044411 30.699411
v 2.891275 -6.955585 30.699393
v 7.891273 -6.959170 30.699398
v 7.889481 -9.459169 30.699395
v 2.889483 -9.455585 30.699390
v 2.865108 -43.455578 30.699344
v 7.865106 -43.459163 30.699349
v 7.863313 -45.959160 30.699346
v 2.863315 -45.955575 30.699340
v 2.861165 -48.955578 30.699336
v 7.861163 -48.959162 30.699342
v 7.859377 -51.449354 30.699338
v 16.562265 -48.494322 30.699339
v 20.650244 -46.477050 30.699342
v 12.236509 -50.175909 30.699338
v -10.640985 -51.945926 52.199335
v -10.640591 -51.396890 53.150295
v -10.640478 -51.240096 53.040508
v -10.640717 -51.570362 53.231186
v -10.640846 -51.755248 53.280729
v -10.640302 -50.994964 52.748371
v -10.640247 -50.914074 52.574898
v -10.640380 -51.104753 52.905165
v -10.640198 -50.847849 52.199336
v -10.640207 -50.864534 52.008658
v -10.640207 -50.864535 52.390015
v -10.640303 -50.994963 51.650295
v -10.640380 -51.104751 51.493505
v -10.640245 -50.914073 51.823771
v -10.640594 -51.396887 51.248373
v -10.640713 -51.570360 51.167479
v -10.640476 -51.240094 51.358161
v -10.640982 -51.945924 51.101256
v -10.641118 -52.136604 51.117942
v -10.640845 -51.755246 51.117942
v -10.641381 -52.494962 51.248371
v -10.641488 -52.651755 51.358159
v -10.641251 -52.321490 51.167478
v -10.641666 -52.896887 51.650293
v -10.641725 -52.977778 51.823768
v -10.641587 -52.787099 51.493502
v -10.641772 -53.044004 52.199333
v -10.641757 -53.027318 52.390012
v -10.641758 -53.027318 52.008656
v -10.641666 -52.896889 52.748369
v -10.641586 -52.787101 52.905163
v -10.641726 -52.977779 52.574895
v -10.641378 -52.494964 53.150293
v -10.641256 -52.321492 53.231185
v -10.641490 -52.651758 53.040507
v -10.640985 -51.945927 53.297411
v -10.641120 -52.136607 53.280728
v -12.140984 -51.944848 50.699335
v -12.141169 -52.205320 50.722119
v -12.140795 -51.684376 50.722120
v -12.140615 -51.431816 50.789792
v -12.140445 -51.194848 50.900296
v -12.140291 -50.980670 51.050268
v -12.140156 -50.795784 51.235155
v -12.140052 -50.645812 51.449338
v -12.139974 -50.535313 51.686305
v -12.139925 -50.467639 51.938861
v -12.139906 -50.444852 52.199335
v -12.139924 -50.467640 52.459807
v -12.139971 -50.535314 52.712365
v -12.140052 -50.645814 52.949338
v -12.140159 -50.795787 53.163518
v -12.140297 -50.980673 53.348400
v -12.140445 -51.194851 53.498373
v -12.140617 -51.431820 53.608873
v -12.140793 -51.684380 53.676546
v -12.140985 -51.944852 53.699334
v -12.141167 -52.205324 53.676545
v -12.141352 -52.457881 53.608872
v -12.141520 -52.694854 53.498371
v -12.141679 -52.909031 53.348398
v -12.141807 -53.093918 53.163515
v -12.141915 -53.243890 52.949334
v -12.141992 -53.354389 52.712362
v -12.142042 -53.422062 52.459803
v -12.142056 -53.444850 52.199331
v -12.142043 -53.422061 51.938857
v -12.141995 -53.354388 51.686302
v -12.141915 -53.243888 51.449334
v -12.141804 -53.093915 51.235152
v -12.141674 -52.909028 51.050265
v -12.141520 -52.694850 50.900294
v -12.141350 -52.457877 50.789791
v -10.575387 39.554068 40.199456
v -10.575778 39.005028 39.248495
v -10.575889 38.848244 39.358284
v -10.575657 39.178505 39.167602
v -10.575526 39.363388 39.118062
v -10.576066 38.603103 39.650418
v -10.576122 38.522216 39.823892
v -10.575987 38.712890 39.493627
v -10.576174 38.455993 40.199455
v -10.576159 38.472670 40.390134
v -10.576160 38.472671 40.008777
v -10.576066 38.603102 40.748494
v -10.575990 38.712888 40.905290
v -10.576123 38.522215 40.575018
v -10.575778 39.005025 41.150418
v -10.575656 39.178502 41.231310
v -10.575890 38.848241 41.040632
v -10.575387 39.554067 41.297533
v -10.575248 39.744740 41.280851
v -10.575522 39.363385 41.280850
v -10.574991 40.103108 41.150419
v -10.574878 40.259893 41.040633
v -10.575117 39.929631 41.231311
v -10.574703 40.505025 40.748496
v -10.574644 40.585920 40.575021
v -10.574783 40.395238 40.905292
v -10.574600 40.652144 40.199458
v -10.574610 40.635458 40.008780
v -10.574609 40.635458 40.390137
v -10.574703 40.505027 39.650420
v -10.574781 40.395240 39.493630
v -10.574642 40.585921 39.823894
v -10.574991 40.103111 39.248496
v -10.575118 39.929634 39.167603
v -10.574877 40.259895 39.358286
v -10.575387 39.554070 39.101380
v -10.575252 39.744743 39.118063
v -12.075382 39.555141 41.699457
v -12.075199 39.815609 41.676669
v -12.075572 39.294666 41.676669
v -12.075753 39.042111 41.608997
v -12.075924 38.805142 41.498497
v -12.076076 38.590962 41.348521
v -12.076207 38.406072 41.163640
v -12.076317 38.256101 40.949456
v -12.076392 38.145605 40.712487
v -12.076445 38.077933 40.459929
v -12.076460 38.055144 40.199457
v -12.076444 38.077933 39.938982
v -12.076393 38.145606 39.686430
v -12.076312 38.256103 39.449458
v -12.076204 38.406074 39.235277
v -12.076077 38.590965 39.050392
v -12.075923 38.805145 38.900416
v -12.075754 39.042115 38.789918
v -12.075574 39.294670 38.722243
v -12.075384 39.555146 38.699460
v -12.075201 39.815613 38.722244
v -12.075018 40.068176 38.789919
v -12.074847 40.305145 38.900418
v -12.074695 40.519325 39.050395
v -12.074557 40.704208 39.235280
v -12.074449 40.854178 39.449461
v -12.074372 40.964682 39.686434
v -12.074326 41.032354 39.938986
v -12.074309 41.055143 40.199461
v -12.074327 41.032354 40.459933
v -12.074371 40.964681 40.712490
v -12.074454 40.854176 40.949459
v -12.074560 40.704205 41.163643
v -12.074694 40.519322 41.348523
v -12.074849 40.305142 41.498499
v -12.075017 40.068172 41.608998
v -10.567142 51.054049 52.199474
v -10.567538 50.505009 51.248511
v -10.567646 50.348217 51.358298
v -10.567409 50.678486 51.167618
v -10.567276 50.863369 51.118081
v -10.567823 50.103084 51.650432
v -10.567882 50.022197 51.823908
v -10.567744 50.212871 51.493642
v -10.567929 49.955973 52.199473
v -10.567914 49.972659 52.390152
v -10.567915 49.972659 52.008795
v -10.567823 50.103083 52.748508
v -10.567743 50.212869 52.905302
v -10.567884 50.022196 52.575034
v -10.567535 50.505006 53.150432
v -10.567413 50.678483 53.231324
v -10.567647 50.348215 53.040646
v -10.567142 51.054047 53.297550
v -10.567003 51.244729 53.280868
v -10.567277 50.863366 53.280868
v -10.566748 51.603082 53.150434
v -10.566635 51.759873 53.040648
v -10.566874 51.429612 53.231325
v -10.566460 52.005006 52.748511
v -10.566404 52.085901 52.575037
v -10.566537 51.895219 52.905304
v -10.566355 52.152125 52.199475
v -10.566365 52.135439 52.008798
v -10.566364 52.135439 52.390155
v -10.566460 52.005008 51.650435
v -10.566538 51.895221 51.493644
v -10.566402 52.085902 51.823911
v -10.566751 51.603084 51.248512
v -10.566870 51.429615 51.167619
v -10.566634 51.759876 51.358300
v -10.567139 51.054050 51.101396
v -10.567002 51.244732 51.118082
v -12.067142 51.055122 53.699474
v -12.066951 51.315590 53.676685
v -12.067324 50.794647 53.676685
v -12.067510 50.542092 53.609011
v -12.067678 50.305123 53.498510
v -12.067837 50.090943 53.348537
v -12.067964 49.906053 53.163654
v -12.068072 49.756082 52.949474
v -12.068149 49.645586 52.712501
v -12.068199 49.577913 52.459942
v -12.068214 49.555125 52.199470
v -12.068201 49.577914 51.938996
v -12.068152 49.645587 51.686441
v -12.068072 49.756084 51.449474
v -12.067961 49.906055 51.235292
v -12.067831 50.090946 51.050405
v -12.067678 50.305126 50.900434
v -12.067508 50.542095 50.789930
v -12.067326 50.794651 50.722259
v -12.067141 51.055126 50.699474
v -12.066953 51.315594 50.722259
v -12.066772 51.568149 50.789931
v -12.066602 51.805126 50.900436
v -12.066449 52.019306 51.050407
v -12.066314 52.204188 51.235295
v -12.066209 52.354159 51.449477
v -12.066131 52.464663 51.686445
v -12.066083 52.532335 51.939000
v -12.066063 52.555124 52.199474
v -12.066081 52.532335 52.459946
v -12.066128 52.464662 52.712505
v -12.066209 52.354157 52.949477
v -12.066317 52.204186 53.163657
v -12.066454 52.019302 53.348540
v -12.066602 51.805122 53.498512
v -12.066774 51.568146 53.609012
v -10.632741 -40.445911 40.199348
v -10.632345 -39.896877 41.150311
v -10.632232 -39.740087 41.040525
v -10.632471 -40.070348 41.231202
v -10.632602 -40.255235 41.280742
v -10.632056 -39.494950 40.748388
v -10.631997 -39.414059 40.574912
v -10.632137 -39.604739 40.905184
v -10.631953 -39.347838 40.199350
v -10.631963 -39.364519 40.008672
v -10.631962 -39.364520 40.390029
v -10.632056 -39.494949 39.650312
v -10.632134 -39.604737 39.493521
v -10.631996 -39.414058 39.823786
v -10.632344 -39.896874 39.248388
v -10.632472 -40.070345 39.167495
v -10.632230 -39.740085 39.358178
v -10.632741 -40.445910 39.101272
v -10.632879 -40.636589 39.117954
v -10.632606 -40.255232 39.117954
v -10.633131 -40.994952 39.248386
v -10.633242 -41.151742 39.358176
v -10.633010 -40.821476 39.167494
v -10.633420 -41.396872 39.650309
v -10.633475 -41.477765 39.823783
v -10.633340 -41.287085 39.493519
v -10.633528 -41.543989 40.199347
v -10.633513 -41.527307 40.390026
v -10.633514 -41.527307 40.008669
v -10.633420 -41.396874 40.748386
v -10.633343 -41.287087 40.905181
v -10.633477 -41.477766 40.574910
v -10.633132 -40.994954 41.150310
v -10.633009 -40.821479 41.231201
v -10.633244 -41.151744 41.040523
v -10.632740 -40.445913 41.297424
v -10.632875 -40.636592 41.280742
v -12.132738 -40.444834 38.699351
v -12.132928 -40.705307 38.722135
v -12.132554 -40.184363 38.722135
v -12.132372 -39.931807 38.789811
v -12.132201 -39.694836 38.900310
v -12.132048 -39.480655 39.050287
v -12.131910 -39.295770 39.235172
v -12.131803 -39.145797 39.449353
v -12.131726 -39.035297 39.686325
v -12.131679 -38.967625 39.938878
v -12.131663 -38.944838 40.199353
v -12.131681 -38.967626 40.459825
v -12.131724 -39.035299 40.712382
v -12.131808 -39.145799 40.949351
v -12.131913 -39.295773 41.163535
v -12.132047 -39.480658 41.348415
v -12.132202 -39.694840 41.498391
v -12.132371 -39.931811 41.608890
v -12.132552 -40.184367 41.676561
v -12.132735 -40.444838 41.699349
v -12.132926 -40.705311 41.676561
v -12.133106 -40.957871 41.608888
v -12.133278 -41.194839 41.498389
v -12.133430 -41.409021 41.348412
v -12.133561 -41.593904 41.163532
v -12.133671 -41.743876 40.949348
v -12.133746 -41.854375 40.712378
v -12.133799 -41.922049 40.459821
v -12.133814 -41.944836 40.199349
v -12.133797 -41.922048 39.938874
v -12.133747 -41.854373 39.686322
v -12.133665 -41.743874 39.449349
v -12.133558 -41.593901 39.235169
v -12.133431 -41.409018 39.050284
v -12.133276 -41.194836 38.900308
v -12.133108 -40.957867 38.789809
v -11.142416 -53.945547 36.699336
v -11.140625 -51.445540 32.699338
v -11.142417 -53.945541 32.699334
v -11.140624 -51.445545 36.699340
v -12.140626 -51.444828 36.699332
v -12.142419 -53.944830 36.699329
v -12.142416 -53.944824 32.699334
v -12.140623 -51.444823 32.699337
v -11.138832 -48.945549 36.699343
v -11.136682 -45.945541 32.699345
v -11.138832 -48.945543 32.699341
v -11.136681 -45.945547 36.699347
v -12.136683 -45.944830 36.699340
v -12.138834 -48.944832 36.699336
v -12.138831 -48.944826 32.699340
v -12.136680 -45.944824 32.699345
v -11.067498 50.554428 36.699478
v -11.065707 53.054433 32.699479
v -11.067499 50.554434 32.699476
v -11.065706 53.054428 36.699481
v -12.065708 53.055145 36.699474
v -12.067501 50.555145 36.699470
v -12.065705 53.055150 32.699478
v -12.067498 50.555151 32.699475
v -11.071441 45.054430 36.699470
v -11.069291 48.054435 32.699472
v -11.071442 45.054435 32.699468
v -11.069291 48.054429 36.699474
v -12.069293 48.055146 36.699467
v -12.071444 45.055147 36.699463
v -12.071441 45.055152 32.699468
v -12.069290 48.055151 32.699472
v -11.097609 8.554439 36.699421
v -11.073234 42.554436 32.699465
v -11.097610 8.554445 32.699419
v -11.073234 42.554431 36.699467
v -12.073236 42.555147 36.699459
v -12.097611 8.555156 36.699413
v -12.097608 8.555162 32.699418
v -12.073233 42.555153 32.699464
v -11.134889 -43.445549 36.699350
v -11.110514 -9.445551 32.699395
v -11.134889 -43.445544 32.699349
v -11.110513 -9.445556 36.699396
v -12.110516 -9.444839 36.699389
v -12.134891 -43.444832 36.699343
v -12.134888 -43.444827 32.699348
v -12.110513 -9.444834 32.699394
v -11.108721 -6.945557 36.699400
v -11.099402 6.054445 32.699416
v -11.108722 -6.945551 32.699398
v -11.099401 6.054440 36.699417
v -12.099404 6.055157 36.699410
v -12.108723 -6.944840 36.699392
v -12.108720 -6.944834 32.699397
v -12.099400 6.055162 32.699415
v 1.359014 -51.954529 52.199334
v 1.359405 -51.405490 51.248373
v 1.359517 -51.248697 51.358159
v 1.359283 -51.578963 51.167481
v 1.359149 -51.763849 51.117940
v 1.359693 -51.003566 51.650297
v 1.359754 -50.922676 51.823771
v 1.359615 -51.113354 51.493506
v 1.359801 -50.856452 52.199336
v 1.359789 -50.873138 52.390017
v 1.359788 -50.873137 52.008660
v 1.359693 -51.003568 52.748373
v 1.359616 -51.113356 52.905167
v 1.359754 -50.922677 52.574901
v 1.359408 -51.405493 53.150294
v 1.359281 -51.578966 53.231191
v 1.359520 -51.248699 53.040513
v 1.359011 -51.954530 53.297412
v 1.358876 -52.145210 53.280730
v 1.359150 -51.763852 53.280731
v 1.358621 -52.503567 53.150293
v 1.358508 -52.660361 53.040511
v 1.358742 -52.330095 53.231190
v 1.358330 -52.905492 52.748370
v 1.358274 -52.986383 52.574898
v 1.358410 -52.795704 52.905164
v 1.358227 -53.052607 52.199333
v 1.358238 -53.035921 52.008657
v 1.358239 -53.035921 52.390014
v 1.358330 -52.905490 51.650294
v 1.358409 -52.795702 51.493504
v 1.358274 -52.986381 51.823768
v 1.358618 -52.503565 51.248371
v 1.358744 -52.330093 51.167480
v 1.358505 -52.660358 51.358157
v 1.359014 -51.954527 51.101258
v 1.358875 -52.145207 51.117940
v 2.859014 -51.955602 50.699335
v 2.859199 -51.695130 50.722122
v 2.858826 -52.216074 50.722121
v 2.858641 -52.468631 50.789795
v 2.858478 -52.705604 50.900294
v 2.858321 -52.919782 51.050267
v 2.858191 -53.104669 51.235154
v 2.858080 -53.254642 51.449336
v 2.858005 -53.365142 51.686305
v 2.857954 -53.432815 51.938857
v 2.857938 -53.455604 52.199332
v 2.857956 -53.432816 52.459803
v 2.858003 -53.365143 52.712364
v 2.858083 -53.254644 52.949334
v 2.858188 -53.104671 53.163517
v 2.858321 -52.919785 53.348401
v 2.858474 -52.705607 53.498373
v 2.858642 -52.468634 53.608874
v 2.858825 -52.216078 53.676549
v 2.859013 -51.955606 53.699334
v 2.859198 -51.695134 53.676550
v 2.859378 -51.442574 53.608875
v 2.859550 -51.205605 53.498375
v 2.859703 -50.991427 53.348404
v 2.859835 -50.806541 53.163520
v 2.859946 -50.656567 52.949338
v 2.860024 -50.546068 52.712367
v 2.860074 -50.478394 52.459807
v 2.860089 -50.455605 52.199337
v 2.860073 -50.478393 51.938861
v 2.860026 -50.546066 51.686309
v 2.859943 -50.656565 51.449340
v 2.859838 -50.806538 51.235157
v 2.859703 -50.991424 51.050270
v 2.859553 -51.205601 50.900297
v 2.859377 -51.442570 50.789796
v 1.424611 39.545465 40.199461
v 1.424217 38.996422 41.150420
v 1.424105 38.839638 41.040633
v 1.424343 39.169899 41.231309
v 1.424476 39.354782 41.280855
v 1.423933 38.594499 40.748494
v 1.423869 38.513612 40.575021
v 1.424009 38.704285 40.905289
v 1.423823 38.447389 40.199460
v 1.423832 38.464068 40.008781
v 1.423836 38.464067 40.390136
v 1.423929 38.594500 39.650419
v 1.424010 38.704287 39.493624
v 1.423871 38.513613 39.823895
v 1.424215 38.996425 39.248498
v 1.424344 39.169902 39.167605
v 1.424102 38.839641 39.358284
v 1.424614 39.545467 39.101383
v 1.424745 39.736140 39.118067
v 1.424472 39.354785 39.118067
v 1.425002 40.094508 39.248500
v 1.425114 40.251292 39.358286
v 1.424883 39.921031 39.167606
v 1.425293 40.496424 39.650422
v 1.425350 40.577318 39.823898
v 1.425216 40.386637 39.493626
v 1.425398 40.643541 40.199463
v 1.425387 40.626855 40.390138
v 1.425383 40.626855 40.008784
v 1.425296 40.496422 40.748496
v 1.425216 40.386635 40.905292
v 1.425349 40.577317 40.575024
v 1.425005 40.094505 41.150421
v 1.424882 39.921028 41.231310
v 1.425117 40.251290 41.040635
v 1.424607 39.545464 41.297539
v 1.424749 39.736137 41.280856
v 2.924611 39.544388 41.699456
v 2.924422 39.283913 41.676671
v 2.924796 39.804855 41.676671
v 2.924984 40.057419 41.608996
v 2.925147 40.294388 41.498496
v 2.925304 40.508568 41.348523
v 2.925435 40.693451 41.163645
v 2.925537 40.843422 40.949463
v 2.925624 40.953927 40.712492
v 2.925667 41.021600 40.459935
v 2.925689 41.044389 40.199462
v 2.925669 41.021601 39.938988
v 2.925622 40.953928 39.686427
v 2.925544 40.843424 39.449460
v 2.925431 40.693454 39.235278
v 2.925303 40.508571 39.050395
v 2.925153 40.294391 38.900422
v 2.924983 40.057422 38.789917
v 2.924796 39.804859 38.722249
v 2.924607 39.544392 38.699463
v 2.924422 39.283917 38.722248
v 2.924247 39.031361 38.789916
v 2.924077 38.794392 38.900419
v 2.923921 38.580212 39.050392
v 2.923783 38.395321 39.235275
v 2.923681 38.245349 39.449456
v 2.923601 38.134852 39.686423
v 2.923551 38.067179 39.938984
v 2.923538 38.044390 40.199457
v 2.923549 38.067179 40.459931
v 2.923603 38.134851 40.712489
v 2.923674 38.245347 40.949460
v 2.923787 38.395318 41.163642
v 2.923922 38.580208 41.348521
v 2.924072 38.794388 41.498494
v 2.924249 39.031357 41.608995
v 1.432857 51.045446 52.199474
v 1.432464 50.496403 53.150432
v 1.432350 50.339611 53.040651
v 1.432585 50.669880 53.231329
v 1.432719 50.854763 53.280869
v 1.432173 50.094480 52.748510
v 1.432117 50.013593 52.575037
v 1.432252 50.204266 52.905304
v 1.432070 49.947370 52.199472
v 1.432081 49.964056 52.008796
v 1.432081 49.964056 52.390153
v 1.432172 50.094481 51.650434
v 1.432252 50.204268 51.493643
v 1.432117 50.013594 51.823907
v 1.432461 50.496406 51.248511
v 1.432587 50.669883 51.167619
v 1.432348 50.339614 51.358297
v 1.432857 51.045447 51.101397
v 1.432992 51.236129 51.118080
v 1.432718 50.854766 51.118079
v 1.433248 51.594481 51.248512
v 1.433360 51.751273 51.358299
v 1.433126 51.421012 51.167620
v 1.433536 51.996405 51.650436
v 1.433597 52.077299 51.823910
v 1.433458 51.886618 51.493646
v 1.433644 52.143521 52.199475
v 1.433632 52.126836 52.390156
v 1.433631 52.126836 52.008799
v 1.433536 51.996403 52.748512
v 1.433459 51.886616 52.905306
v 1.433597 52.077298 52.575040
v 1.433251 51.594479 53.150434
v 1.433123 51.421009 53.231330
v 1.433362 51.751270 53.040653
v 1.432854 51.045444 53.297552
v 1.432992 51.236126 53.280870
v 2.932856 51.044368 53.699474
v 2.932667 50.783893 53.676688
v 2.933041 51.304836 53.676689
v 2.933221 51.557392 53.609014
v 2.933392 51.794369 53.498514
v 2.933546 52.008549 53.348543
v 2.933678 52.193432 53.163659
v 2.933789 52.343403 52.949477
v 2.933867 52.453908 52.712507
v 2.933917 52.521581 52.459946
v 2.933932 52.544370 52.199476
v 2.933915 52.521581 51.939001
v 2.933869 52.453909 51.686448
v 2.933785 52.343405 51.449479
v 2.933681 52.193435 51.235297
v 2.933546 52.008552 51.050409
v 2.933396 51.794372 50.900436
v 2.933219 51.557396 50.789935
v 2.933042 51.304840 50.722261
v 2.932857 51.044373 50.699474
v 2.932669 50.783897 50.722261
v 2.932484 50.531342 50.789934
v 2.932320 50.294372 50.900434
v 2.932164 50.080192 51.050407
v 2.932033 49.895301 51.235294
v 2.931923 49.745330 51.449476
v 2.931848 49.634833 51.686444
v 2.931797 49.567160 51.938997
v 2.931781 49.544371 52.199472
v 2.931799 49.567160 52.459942
v 2.931846 49.634832 52.712503
v 2.931926 49.745328 52.949474
v 2.932030 49.895299 53.163656
v 2.932163 50.080189 53.348540
v 2.932317 50.294369 53.498512
v 2.932485 50.531338 53.609013
v 1.367257 -40.454514 40.199353
v 1.367648 -39.905477 39.248391
v 1.367760 -39.748688 39.358178
v 1.367529 -40.078948 39.167498
v 1.367392 -40.263835 39.117959
v 1.367939 -39.503552 39.650314
v 1.367997 -39.422661 39.823790
v 1.367863 -39.613340 39.493518
v 1.368044 -39.356441 40.199354
v 1.368033 -39.373123 40.390030
v 1.368029 -39.373122 40.008675
v 1.367943 -39.503553 40.748388
v 1.367862 -39.613342 40.905183
v 1.367995 -39.422662 40.574916
v 1.367651 -39.905480 41.150313
v 1.367528 -40.078951 41.231202
v 1.367764 -39.748690 41.040527
v 1.367254 -40.454516 41.297431
v 1.367122 -40.645195 41.280747
v 1.367396 -40.263838 41.280747
v 1.366864 -41.003557 41.150311
v 1.366752 -41.160347 41.040525
v 1.366990 -40.830082 41.231201
v 1.366579 -41.405477 40.748385
v 1.366515 -41.486369 40.574913
v 1.366656 -41.295690 40.905181
v 1.366470 -41.552592 40.199351
v 1.366479 -41.535910 40.008672
v 1.366483 -41.535910 40.390027
v 1.366576 -41.405475 39.650311
v 1.366657 -41.295688 39.493515
v 1.366517 -41.486368 39.823787
v 1.366861 -41.003555 39.248390
v 1.366990 -40.830079 39.167497
v 1.366748 -41.160345 39.358176
v 1.367260 -40.454513 39.101275
v 1.367118 -40.645192 39.117959
v 2.867253 -40.455588 38.699355
v 2.867442 -40.195116 38.722141
v 2.867069 -40.716061 38.722140
v 2.866894 -40.968621 38.789807
v 2.866724 -41.205590 38.900311
v 2.866567 -41.419772 39.050284
v 2.866430 -41.604655 39.235166
v 2.866328 -41.754628 39.449348
v 2.866247 -41.865127 39.686315
v 2.866197 -41.932802 39.938876
v 2.866184 -41.955589 40.199349
v 2.866196 -41.932803 40.459823
v 2.866249 -41.865128 40.712380
v 2.866321 -41.754630 40.949352
v 2.866434 -41.604658 41.163534
v 2.866568 -41.419775 41.348412
v 2.866718 -41.205593 41.498386
v 2.866895 -40.968624 41.608887
v 2.867069 -40.716065 41.676562
v 2.867258 -40.455592 41.699348
v 2.867442 -40.195120 41.676563
v 2.867631 -39.942565 41.608888
v 2.867794 -39.705594 41.498388
v 2.867951 -39.491412 41.348415
v 2.868081 -39.306526 41.163537
v 2.868183 -39.156553 40.949355
v 2.868270 -39.046053 40.712384
v 2.868314 -38.978379 40.459827
v 2.868335 -38.955592 40.199353
v 2.868315 -38.978379 39.938880
v 2.868268 -39.046051 39.686319
v 2.868190 -39.156551 39.449351
v 2.868077 -39.306524 39.235169
v 2.867949 -39.491408 39.050287
v 2.867799 -39.705590 38.900313
v 2.867629 -39.942561 38.789809
v 0.875499 -28.954159 38.699366
v 2.873560 -31.658513 38.699367
v -12.126431 -31.647759 38.699363
v -10.124495 -28.946273 38.699363
v 2.918300 30.747313 38.699452
v 0.916363 28.045829 38.699443
v -10.083631 28.053715 38.699440
v -12.081691 30.758067 38.699448
v 1.932503 50.545114 32.699469
v 1.934290 53.045108 36.699478
v 1.932497 50.545109 36.699475
v 1.934296 53.045113 32.699473
v 2.934291 53.044396 32.699475
v 2.932499 50.544397 32.699472
v 2.934292 53.044391 36.699477
v 2.932499 50.544392 36.699474
v 1.928560 45.045115 32.699462
v 1.930705 48.045109 36.699471
v 1.928554 45.045110 36.699467
v 1.930711 48.045115 32.699466
v 2.930706 48.044398 32.699468
v 2.928555 45.044398 32.699464
v 2.928556 45.044393 36.699466
v 2.930707 48.044392 36.699470
v 1.902393 8.545125 32.699412
v 1.926762 42.545111 36.699464
v 1.902387 8.545119 36.699418
v 1.926768 42.545116 32.699458
v 2.926763 42.544399 32.699461
v 2.902388 8.544408 32.699415
v 2.902389 8.544402 36.699417
v 2.926764 42.544394 36.699463
v 1.891280 -6.954871 32.699391
v 1.900595 6.045120 36.699415
v 1.891275 -6.954877 36.699397
v 1.900600 6.045125 32.699409
v 2.900596 6.044408 32.699412
v 2.891276 -6.955588 32.699394
v 2.891276 -6.955594 36.699396
v 2.900596 6.044403 36.699413
v 1.865113 -43.454864 32.699342
v 1.889482 -9.454876 36.699394
v 1.865107 -43.454869 36.699348
v 1.889488 -9.454871 32.699388
v 2.889483 -9.455588 32.699391
v 2.865108 -43.455581 32.699345
v 2.865109 -43.455586 36.699346
v 2.889484 -9.455593 36.699392
v 1.861170 -48.954863 32.699335
v 1.863315 -45.954867 36.699344
v 1.861164 -48.954869 36.699340
v 1.863321 -45.954861 32.699339
v 2.863316 -45.955578 32.699341
v 2.861165 -48.955580 32.699337
v 2.861166 -48.955586 36.699339
v 2.863317 -45.955584 36.699343
v 1.857585 -53.954861 32.699328
v 1.859372 -51.454865 36.699337
v 1.857579 -53.954867 36.699333
v 1.859377 -51.454860 32.699331
v 2.859373 -51.455577 32.699334
v 2.857580 -53.955578 32.699330
v 2.857581 -53.955583 36.699332
v 2.859373 -51.455582 36.699336
v 0.935013 54.045830 32.699478
v -1.009342 54.047141 94.095894
v 0.024902 54.046398 94.767964
v -2.139746 54.047952 93.602423
v -3.335747 54.048810 93.300900
v -4.564997 54.049691 93.199478
v -5.794242 54.050572 93.300900
v -10.064988 54.053716 32.699479
v -6.990241 54.051429 93.602423
v -8.120651 54.052239 94.095895
v -9.154891 54.052980 94.767964
v -10.064994 54.053631 95.600458
v 0.935004 54.045745 95.600458
v -10.064271 55.053716 32.699481
v 0.935730 55.045830 32.699480
v -10.064278 55.053631 95.600459
v 0.935721 55.045745 95.600459
v 0.025619 55.046398 94.767966
v -1.008625 55.047141 94.095896
v -2.139029 55.047952 93.602424
v -3.335030 55.048809 93.300901
v -4.564280 55.049691 93.199480
v -5.793525 55.050572 93.300902
v -6.989524 55.051429 93.602424
v -8.119934 55.052239 94.095896
v -9.154174 55.052979 94.767965
v -10.143132 -54.946256 32.699332
v -9.233035 -54.946992 94.767817
v -10.143139 -54.946341 95.600311
v -8.198796 -54.947733 94.095748
v -7.068385 -54.948543 93.602276
v -5.872386 -54.949400 93.300753
v -4.643141 -54.950281 93.199331
v 0.856868 -54.954142 32.699331
v -3.413891 -54.951162 93.300752
v -2.217891 -54.952020 93.602275
v -1.087486 -54.952831 94.095747
v -0.053242 -54.953574 94.767817
v 0.856860 -54.954227 95.600310
v -10.143856 -55.946343 95.600309
v -9.233752 -55.946994 94.767815
v -8.199513 -55.947735 94.095746
v -7.069102 -55.948544 93.602274
v -5.873103 -55.949401 93.300751
v -4.643858 -55.950282 93.199330
v -3.414608 -55.951164 93.300751
v -2.218607 -55.952022 93.602274
v -1.088203 -55.952833 94.095745
v -0.053959 -55.953575 94.767815
v 0.856143 -55.954229 95.600309
v -10.143849 -55.946258 32.699331
v 0.856151 -55.954144 32.699330
v 4.902386 8.542969 36.699418
v 7.900599 6.040822 33.699412
v 7.902392 8.540822 33.699415
v 4.900593 6.042969 36.699415
v 7.889487 -9.459174 33.699391
v 4.891273 -6.957027 36.699397
v 4.889481 -9.457027 36.699394
v 7.891279 -6.959174 33.699394
v -14.110513 -9.443405 36.699388
v -17.108715 -6.941251 33.699397
v -17.110508 -9.441251 33.699394
v -14.108721 -6.943406 36.699391
v -17.097603 8.558745 33.699418
v -14.099401 6.056591 36.699409
v -14.097608 8.556590 36.699412
v -17.099395 6.058745 33.699415
v -12.869292 48.055703 48.699472
v -17.067498 50.558723 41.699474
v -17.069290 48.058724 41.699471
v -12.867500 50.555703 48.699475
v 7.932502 50.540800 41.699472
v 3.730710 48.043802 48.699468
v 7.930710 48.040801 41.699469
v 3.732503 50.543802 48.699471
v -17.071441 45.058725 41.699467
v -12.873235 42.555705 48.699464
v -12.871443 45.055704 48.699467
v -17.073233 42.558725 41.699463
v 7.928559 45.040802 41.699465
v 3.726767 42.543804 48.699460
v 7.926767 42.540802 41.699462
v 3.728560 45.043803 48.699464
v -12.936683 -45.944272 48.699344
v -17.134888 -43.441255 41.699347
v -17.136681 -45.941252 41.699344
v -12.934890 -43.444275 48.699348
v -17.140624 -51.441251 41.699336
v -12.938833 -48.944275 48.699340
v -17.138832 -48.941254 41.699340
v -12.940626 -51.444271 48.699337
v 3.663320 -45.956173 48.699341
v 7.865111 -43.459178 41.699345
v 3.665112 -43.456176 48.699344
v 7.863319 -45.959175 41.699342
v 3.659377 -51.456172 48.699333
v 7.861168 -48.959177 41.699338
v 3.661169 -48.956175 48.699337
v 7.859376 -51.459174 41.699334
v 7.859370 -51.459159 30.699338
v 2.859372 -51.455574 30.699333
v 2.859372 -51.455598 48.699334
v 2.861164 -48.955602 48.699338
v 2.863315 -45.955600 48.699342
v 2.865107 -43.455602 48.699345
v -12.073232 42.555131 48.699460
v -12.071440 45.055131 48.699463
v -12.069289 48.055130 48.699467
v -12.067497 50.555129 48.699470
v -17.067499 50.558738 30.699471
v -12.067496 50.555154 30.699469
v 2.856142 -55.955670 100.699329
v 2.742199 -55.955590 102.001691
v 2.403838 -55.955349 103.264479
v 1.851330 -55.954954 104.449330
v 1.101476 -55.954418 105.520235
v 0.177050 -55.953757 106.444662
v -0.893860 -55.952990 107.194520
v -2.078708 -55.952141 107.747024
v -3.341496 -55.951236 108.085387
v -4.643857 -55.950303 108.199329
v -5.946217 -55.949369 108.085386
v -7.209007 -55.948463 107.747023
v -8.393856 -55.947613 107.194518
v -9.464764 -55.946844 106.444662
v -10.389188 -55.946180 105.520235
v -11.139046 -55.945641 104.449328
v -11.691549 -55.945243 103.264478
v -12.029914 -55.944999 102.001690
v -12.143854 -55.944916 100.699328
v -12.143848 -55.944821 30.699325
v 2.856146 -55.955575 30.699327
v -12.024895 -48.945002 102.001699
v -11.686530 -48.945246 103.264488
v -11.134028 -48.945644 104.449338
v -10.384170 -48.946183 105.520244
v -9.459745 -48.946847 106.444671
v -8.388837 -48.947616 107.194528
v -7.203989 -48.948466 107.747032
v -5.941199 -48.949372 108.085395
v -4.638839 -48.950306 108.199338
v -3.336478 -48.951239 108.085397
v -2.073689 -48.952144 107.747034
v -0.888842 -48.952993 107.194530
v 0.182068 -48.953759 106.444671
v 1.106495 -48.954421 105.520245
v 1.856348 -48.954957 104.449340
v 2.408856 -48.955351 103.264488
v 2.747217 -48.955592 102.001700
v 2.861161 -48.955672 100.699338
v 2.747217 -48.955589 99.396978
v 2.408854 -48.955345 98.134188
v 1.856349 -48.954947 96.949340
v 1.106493 -48.954408 95.878432
v 0.182067 -48.953744 94.954006
v -0.888838 -48.952975 94.204147
v -2.073688 -48.952125 93.651644
v -3.336475 -48.951219 93.313279
v -4.638840 -48.950285 93.199339
v -5.941197 -48.949352 93.313279
v -7.203987 -48.948447 93.651643
v -8.388839 -48.947598 94.204148
v -9.459745 -48.946831 94.954005
v -10.384170 -48.946170 95.878431
v -11.134027 -48.945634 96.949338
v -11.686530 -48.945239 98.134186
v -12.024894 -48.944998 99.396976
v -12.138836 -48.944918 100.699337
v 2.821777 55.044384 102.001841
v 2.935720 55.044304 100.699479
v 2.816758 48.044386 102.001832
v 2.483416 55.044625 103.264629
v 2.478398 48.044626 103.264620
v 1.930908 55.045019 104.449480
v 1.925890 48.045021 104.449471
v 1.181055 55.045555 105.520385
v 1.176036 48.045557 105.520376
v 0.256628 55.046217 106.444812
v 0.251609 48.046219 106.444803
v -0.814282 55.046984 107.194671
v -0.819300 48.046985 107.194661
v -1.999130 55.047832 107.747174
v -2.004148 48.047834 107.747165
v -3.261918 55.048737 108.085537
v -3.266937 48.048739 108.085528
v -4.564279 55.049671 108.199479
v -4.569298 48.049672 108.199469
v -5.866639 55.050604 108.085536
v -5.871658 48.050606 108.085527
v -7.129429 55.051510 107.747173
v -7.134448 48.051512 107.747164
v -8.314278 55.052360 107.194669
v -8.319296 48.052362 107.194659
v -9.385185 55.053129 106.444812
v -9.390204 48.053131 106.444803
v -10.309610 55.053793 105.520385
v -10.314628 48.053795 105.520376
v -11.059468 55.054332 104.449478
v -11.064486 48.054334 104.449469
v -11.611971 55.054730 103.264629
v -11.616989 48.054732 103.264619
v -11.950336 55.054974 102.001840
v -11.955354 48.054976 102.001830
v -12.069295 48.055059 100.699468
v -11.955353 48.054980 99.397108
v -11.616988 48.054739 98.134318
v -11.064486 48.054344 96.949469
v -10.314629 48.053808 95.878562
v -9.390203 48.053147 94.954136
v -8.319297 48.052380 94.204280
v -7.134446 48.051531 93.651774
v -5.871656 48.050626 93.313410
v -4.569298 48.049693 93.199470
v -3.266933 48.048759 93.313411
v -2.004147 48.047853 93.651776
v -0.819297 48.047003 94.204279
v 0.251608 48.046234 94.954137
v 1.176034 48.045570 95.878563
v 1.925890 48.045031 96.949471
v 2.478395 48.044633 98.134320
v 2.816758 48.044389 99.397109
v 2.930702 48.044306 100.699469
v -12.064276 55.055058 100.699478
v -5.719299 48.050510 98.707612
v -6.047707 48.050745 98.937566
v -6.331200 48.050948 99.221058
v -6.561155 48.051112 99.549469
v -6.730590 48.051233 99.912824
v -6.834356 48.051307 100.300079
v -6.869296 48.051331 100.699469
v -6.834354 48.051306 101.098860
v -6.730589 48.051231 101.486115
v -6.561156 48.051109 101.849470
v -6.331198 48.050944 102.177880
v -6.047708 48.050740 102.461372
v -5.719296 48.050504 102.691327
v -5.355945 48.050244 102.860763
v -4.968689 48.049966 102.964528
v -4.569297 48.049679 102.999469
v -4.169908 48.049393 102.964528
v -3.782650 48.049116 102.860762
v -3.419299 48.048855 102.691329
v -3.090884 48.048620 102.461371
v -2.807396 48.048417 102.177881
v -2.577440 48.048253 101.849470
v -2.408005 48.048132 101.486116
v -2.304242 48.048058 101.098862
v -2.269295 48.048034 100.699468
v -2.304238 48.048059 100.300078
v -2.408004 48.048134 99.912823
v -2.577438 48.048256 99.549469
v -2.807395 48.048421 99.221058
v -3.090884 48.048625 98.937567
v -3.419295 48.048861 98.707610
v -3.782653 48.049122 98.538177
v -4.169907 48.049399 98.434412
v -4.569297 48.049686 98.399470
v -4.968688 48.049972 98.434412
v -5.355941 48.050249 98.538175
v -17.140625 -51.441236 30.699333
v -12.138830 -48.944848 48.699336
v -12.140623 -51.444845 48.699332
v -12.140622 -51.444820 30.699331
v -12.134887 -43.444849 48.699343
v -12.136680 -45.944846 48.699340
v 2.928555 45.044377 48.699465
v 2.926762 42.544377 48.699462
v 7.932496 50.540815 30.699476
v 2.932498 50.544400 30.699471
v 2.932498 50.544375 48.699472
v 2.930705 48.044376 48.699469
v 2.935724 55.044399 30.699477
v -12.064270 55.055152 30.699475
v -2.477545 -48.951844 99.912692
v -2.646979 -48.951722 99.549338
v -2.373780 -48.951919 100.299947
v -2.338836 -48.951944 100.699337
v -2.373783 -48.951920 101.098730
v -2.477547 -48.951846 101.485985
v -2.646981 -48.951725 101.849339
v -2.876937 -48.951561 102.177750
v -3.160425 -48.951358 102.461239
v -3.488840 -48.951123 102.691198
v -3.852191 -48.950862 102.860631
v -4.239449 -48.950585 102.964397
v -4.638838 -48.950298 102.999338
v -5.038230 -48.950012 102.964397
v -5.425486 -48.949734 102.860632
v -5.788837 -48.949474 102.691196
v -6.117250 -48.949238 102.461240
v -6.400739 -48.949034 102.177749
v -6.630697 -48.948869 101.849339
v -6.800130 -48.948747 101.485984
v -6.903896 -48.948672 101.098729
v -6.938837 -48.948646 100.699338
v -6.903897 -48.948671 100.299948
v -6.800132 -48.948745 99.912693
v -6.630696 -48.948866 99.549338
v -6.400741 -48.949030 99.220927
v -6.117248 -48.949233 98.937435
v -5.788840 -48.949468 98.707480
v -5.425482 -48.949728 98.538044
v -5.038229 -48.950006 98.434280
v -4.638839 -48.950292 98.399338
v -4.239448 -48.950579 98.434281
v -3.852194 -48.950856 98.538046
v -3.488836 -48.951117 98.707479
v -3.160425 -48.951353 98.937435
v -2.876936 -48.951557 99.220926
vt 2.200000 0.719948 0.000000
vt 2.799941 0.783363 0.000000
vt 2.200000 0.785398 0.000000
vt 2.200000 -0.785398 0.000000
vt 2.799941 -0.787433 0.000000
vt 2.799941 -0.722329 0.000000
vt 2.200000 -0.719948 0.000000
vt 2.799941 -0.657225 0.000000
vt 2.200000 -0.654498 0.000000
vt 2.799940 -0.592121 0.000000
vt 2.200000 -0.589049 0.000000
vt 2.799940 -0.527017 0.000000
vt 2.200000 -0.523599 0.000000
vt 2.799940 -0.461913 0.000000
vt 2.200000 -0.458149 0.000000
vt 2.799940 -0.400360 0.000000
vt 2.200000 -0.392699 0.000000
vt 2.799940 -0.338806 0.000000
vt 2.200000 -0.327249 0.000000
vt 2.799940 -0.277252 0.000000
vt 2.200000 -0.261799 0.000000
vt 2.799940 -0.215698 0.000000
vt 2.200000 -0.196350 0.000000
vt 2.799941 -0.154144 0.000000
vt 2.200000 -0.130900 0.000000
vt 2.799941 -0.092591 0.000000
vt 2.200000 -0.065450 0.000000
vt 2.799941 -0.031037 0.000000
vt 2.200000 0.000000 0.000000
vt 2.799941 0.030517 0.000000
vt 2.200000 0.065450 0.000000
vt 2.799941 0.092071 0.000000
vt 2.200000 0.130900 0.000000
vt 2.799941 0.153625 0.000000
vt 2.200000 0.196350 0.000000
vt 2.799941 0.215178 0.000000
vt 2.200000 0.261799 0.000000
vt 2.799941 0.276732 0.000000
vt 2.200000 0.327249 0.000000
vt 2.799941 0.338286 0.000000
vt 2.200000 0.392699 0.000000
vt 2.799941 0.399840 0.000000
vt 2.200000 0.458149 0.000000
vt 2.799941 0.461393 0.000000
vt 2.200000 0.523599 0.000000
vt 2.799941 0.522947 0.000000
vt 2.799941 0.588051 0.000000
vt 2.799941 0.718259 0.000000
vt 2.200000 0.654498 0.000000
vt 2.799941 0.653155 0.000000
vt 2.200000 0.589049 0.000000
vt -0.592947 4.804867 0.000000
vt -0.536362 4.828698 0.000000
vt -1.078729 8.741340 0.000000
vt 0.000000 9.082680 0.000000
vt -0.475675 4.838018 0.000000
vt -0.414547 4.832265 0.000000
vt -0.356664 4.811787 0.000000
vt -0.305518 4.777819 0.000000
vt -0.264194 4.732408 0.000000
vt -0.235184 4.678296 0.000000
vt -0.220238 4.618744 0.000000
vt -0.220258 4.557346 0.000000
vt 0.000000 0.000000 0.000000
vt -0.235242 4.497804 0.000000
vt -0.264287 4.443709 0.000000
vt -0.305641 4.398326 0.000000
vt -0.356808 4.364390 0.000000
vt -0.414704 4.343950 0.000000
vt -0.475836 4.338237 0.000000
vt -0.536517 4.347596 0.000000
vt 2.300000 0.141421 0.000000
vt 0.000000 0.141421 0.000000
vt 2.400000 -0.000000 0.000000
vt -0.000000 -0.141421 0.000000
vt 2.300000 -0.141421 0.000000
vt 12.300000 2.300000 0.000000
vt 0.200000 2.300000 0.000000
vt 12.300000 -0.000000 0.000000
vt 0.200000 -0.000000 0.000000
vt 2.925000 0.141421 0.000000
vt -9.175000 0.141421 0.000000
vt 3.025000 -0.000000 0.000000
vt -9.275000 0.000000 0.000000
vt 2.925000 -0.141421 0.000000
vt -9.175000 -0.141421 0.000000
vt -0.141421 2.925000 0.000000
vt -0.141421 -9.175000 0.000000
vt -0.000000 3.025000 0.000000
vt 0.000000 -9.275000 0.000000
vt 0.141421 -9.175000 0.000000
vt 0.141421 2.925000 0.000000
vt -2.300000 -0.141421 0.000000
vt -0.000000 -0.141421 0.000000
vt -2.400000 0.000000 0.000000
vt 0.000000 0.141421 0.000000
vt -2.300000 0.141421 0.000000
vt 6.250000 -6.050000 0.000000
vt 6.250000 6.050000 0.000000
vt 5.950000 5.950000 0.000000
vt 6.050000 6.250000 0.000000
vt -6.050000 6.250000 0.000000
vt -5.950000 5.950000 0.000000
vt -6.250000 6.050000 0.000000
vt -6.250000 -6.050000 0.000000
vt -5.950000 -5.950000 0.000000
vt -6.050000 -6.250000 0.000000
vt 6.050000 -6.250000 0.000000
vt 5.950000 -5.950000 0.000000
vt 12.300000 2.300000 0.000000
vt 0.200000 2.300000 0.000000
vt 12.300000 -0.000000 0.000000
vt 0.200000 -0.000000 0.000000
vt 0.141421 9.175000 0.000000
vt -0.000000 9.275000 0.000000
vt 0.141421 -2.925000 0.000000
vt 0.000000 -3.025000 0.000000
vt -0.141421 -2.925000 0.000000
vt -0.141421 9.175000 0.000000
vt 2.300000 0.141421 0.000000
vt -0.000000 0.141421 0.000000
vt 2.400000 0.000000 0.000000
vt 0.000000 -0.141421 0.000000
vt 2.300000 -0.141421 0.000000
vt -2.925000 -0.141421 0.000000
vt 9.175000 -0.141421 0.000000
vt -3.025000 -0.000000 0.000000
vt 9.275000 0.000000 0.000000
vt -2.925000 0.141421 0.000000
vt 9.175000 0.141421 0.000000
vt 0.200000 0.000000 0.000000
vt 12.300000 0.000000 0.000000
vt 0.200000 2.300000 0.000000
vt 12.300000 2.300000 0.000000
vt -2.300000 -0.141421 0.000000
vt 0.000000 -0.141421 0.000000
vt -2.400000 -0.000000 0.000000
vt -0.000000 0.141421 0.000000
vt -2.300000 0.141421 0.000000
vt 0.200000 0.000000 0.000000
vt 12.300000 0.000000 0.000000
vt 0.200000 2.300000 0.000000
vt 12.300000 2.300000 0.000000
vt 6.004885 0.599058 0.000000
vt 6.004895 0.598868 0.000000
vt 6.050000 6.050000 0.000000
vt 6.039592 -0.049680 0.000000
vt 6.050000 -6.050000 0.000000
vt 6.039581 -0.049872 0.000000
vt 6.003955 -0.698369 0.000000
vt 6.003923 -0.698562 0.000000
vt 5.898391 -1.339402 0.000000
vt 5.898338 -1.339593 0.000000
vt 5.724138 -1.965264 0.000000
vt 5.724063 -1.965451 0.000000
vt 5.483238 -2.568617 0.000000
vt 5.483143 -2.568797 0.000000
vt 5.178518 -3.142387 0.000000
vt 5.178402 -3.142558 0.000000
vt 4.813548 -3.679848 0.000000
vt 4.813413 -3.680006 0.000000
vt 4.392607 -4.174697 0.000000
vt 4.392454 -4.174842 0.000000
vt 3.920632 -4.621135 0.000000
vt 3.920462 -4.621264 0.000000
vt 3.403155 -5.013925 0.000000
vt 3.402971 -5.014036 0.000000
vt 2.846243 -5.348465 0.000000
vt 2.846047 -5.348556 0.000000
vt 2.256426 -5.620830 0.000000
vt 2.256219 -5.620899 0.000000
vt 1.640619 -5.827828 0.000000
vt 1.640404 -5.827875 0.000000
vt 1.006040 -5.967033 0.000000
vt 1.005822 -5.967056 0.000000
vt 0.360132 -6.036811 0.000000
vt -6.050000 -6.050000 0.000000
vt 0.359913 -6.036810 0.000000
vt -0.289534 -6.036345 0.000000
vt -0.289754 -6.036321 0.000000
vt -0.935343 -5.965641 0.000000
vt -0.935560 -5.965593 0.000000
vt -1.569721 -5.825527 0.000000
vt -1.569929 -5.825456 0.000000
vt -2.185231 -5.617645 0.000000
vt -2.185430 -5.617553 0.000000
vt -2.774657 -5.344435 0.000000
vt -2.774845 -5.344322 0.000000
vt -3.331088 -5.009097 0.000000
vt -3.331261 -5.008966 0.000000
vt -3.848002 -4.615565 0.000000
vt -3.848158 -4.615417 0.000000
vt -4.319336 -4.168452 0.000000
vt -4.319474 -4.168289 0.000000
vt -4.739566 -3.672999 0.000000
vt -4.739684 -3.672825 0.000000
vt -5.103766 -3.135015 0.000000
vt -5.103863 -3.134831 0.000000
vt -5.407664 -2.560809 0.000000
vt -5.407741 -2.560616 0.000000
vt -5.647697 -1.957111 0.000000
vt -5.647751 -1.956916 0.000000
vt -5.821053 -1.331000 0.000000
vt -5.821085 -1.330801 0.000000
vt -5.925698 -0.689816 0.000000
vt -5.925708 -0.689619 0.000000
vt -5.960405 -0.041077 0.000000
vt -6.050000 6.050000 0.000000
vt -5.960394 -0.040883 0.000000
vt -5.924768 0.607611 0.000000
vt -5.924736 0.607801 0.000000
vt -5.819204 1.248644 0.000000
vt -5.819153 1.248827 0.000000
vt -5.644950 1.874506 0.000000
vt -5.644882 1.874679 0.000000
vt -5.404052 2.477859 0.000000
vt -5.403965 2.478023 0.000000
vt -5.099331 3.051629 0.000000
vt -5.099229 3.051779 0.000000
vt -4.734360 3.589090 0.000000
vt -4.734245 3.589225 0.000000
vt -4.313420 4.083939 0.000000
vt -4.313292 4.084061 0.000000
vt -3.841445 4.530377 0.000000
vt -3.841305 4.530483 0.000000
vt -3.323968 4.923168 0.000000
vt -3.323819 4.923257 0.000000
vt -2.767056 5.257707 0.000000
vt -2.766899 5.257780 0.000000
vt -2.177239 5.530072 0.000000
vt -2.177078 5.530126 0.000000
vt -1.561432 5.737070 0.000000
vt -1.561266 5.737106 0.000000
vt -0.926854 5.876275 0.000000
vt -0.926685 5.876293 0.000000
vt -0.280944 5.946053 0.000000
vt -0.280776 5.946053 0.000000
vt 0.368722 5.945587 0.000000
vt 0.368887 5.945569 0.000000
vt 1.014530 5.874883 0.000000
vt 1.014694 5.874847 0.000000
vt 1.648908 5.734769 0.000000
vt 1.649068 5.734715 0.000000
vt 2.264418 5.526888 0.000000
vt 2.264572 5.526817 0.000000
vt 2.853844 5.253678 0.000000
vt 2.853989 5.253590 0.000000
vt 3.410275 4.918340 0.000000
vt 3.410411 4.918237 0.000000
vt 3.927189 4.524807 0.000000
vt 3.927315 4.524688 0.000000
vt 4.398523 4.077694 0.000000
vt 4.398636 4.077561 0.000000
vt 4.818754 3.582241 0.000000
vt 4.818853 3.582095 0.000000
vt 5.182953 3.044257 0.000000
vt 5.183037 3.044099 0.000000
vt 5.486851 2.470051 0.000000
vt 5.486918 2.469882 0.000000
vt 5.726885 1.866353 0.000000
vt 5.726934 1.866175 0.000000
vt 5.900240 1.240242 0.000000
vt 5.900270 1.240058 0.000000
vt -12.200000 -0.000000 0.000000
vt -0.300000 -0.000000 0.000000
vt -12.200000 2.200000 0.000000
vt -0.300000 2.200000 0.000000
vt -12.200000 0.000000 0.000000
vt -0.300000 0.000000 0.000000
vt -12.200000 2.200000 0.000000
vt -0.300000 2.200000 0.000000
vt -12.200000 0.000000 0.000000
vt -0.300000 0.000000 0.000000
vt -12.200000 2.200000 0.000000
vt -0.300000 2.200000 0.000000
vt -12.200000 -0.000000 0.000000
vt -0.300000 -0.000000 0.000000
vt -12.200000 2.200000 0.000000
vt -0.300000 2.200000 0.000000
vt -1.758519 -0.064705 0.000000
vt 5.950000 -5.950000 0.000000
vt -1.750000 -0.000000 0.000000
vt 5.950000 5.950000 0.000000
vt -1.758519 0.064705 0.000000
vt -1.783494 0.125000 0.000000
vt -1.823223 0.176777 0.000000
vt -1.875000 0.216506 0.000000
vt -1.935295 0.241481 0.000000
vt -5.950000 5.950000 0.000000
vt -2.000000 0.250000 0.000000
vt -2.064705 0.241481 0.000000
vt -2.125000 0.216506 0.000000
vt -2.176777 0.176777 0.000000
vt -2.216506 0.125000 0.000000
vt -2.241481 0.064705 0.000000
vt -2.250000 0.000000 0.000000
vt -5.950000 -5.950000 0.000000
vt -2.241481 -0.064705 0.000000
vt -2.216506 -0.125000 0.000000
vt -2.176777 -0.176777 0.000000
vt -2.125000 -0.216506 0.000000
vt -2.064705 -0.241481 0.000000
vt -2.000000 -0.250000 0.000000
vt -1.935295 -0.241481 0.000000
vt -1.875000 -0.216506 0.000000
vt -1.823223 -0.176777 0.000000
vt -1.783494 -0.125000 0.000000
vt 0.000060 0.649667 0.000000
vt 0.000061 0.000198 0.000000
vt 0.200000 0.649667 0.000000
vt -0.199939 -0.000000 0.000000
vt 0.000000 0.000000 0.000000
vt -0.199939 0.000198 0.000000
vt -0.000000 0.649667 0.000000
vt 0.000061 0.649667 0.000000
vt 0.000062 0.000201 0.000000
vt 0.200000 0.649667 0.000000
vt -0.199938 0.000000 0.000000
vt 0.000000 0.000000 0.000000
vt -0.199938 0.000201 0.000000
vt 0.000000 0.649667 0.000000
vt 0.000061 0.649667 0.000000
vt 0.000062 0.000203 0.000000
vt 0.200000 0.649667 0.000000
vt -0.199937 -0.000000 0.000000
vt 0.000000 0.000000 0.000000
vt -0.199937 0.000203 0.000000
vt 0.000000 0.649667 0.000000
vt 0.000063 0.649667 0.000000
vt 0.000064 0.000208 0.000000
vt 0.200001 0.649667 0.000000
vt -0.199936 0.000000 0.000000
vt 0.000000 0.000000 0.000000
vt -0.199936 0.000208 0.000000
vt -0.000000 0.649667 0.000000
vt 0.000063 0.649667 0.000000
vt 0.000064 0.000209 0.000000
vt 0.200000 0.649667 0.000000
vt -0.199936 -0.000000 0.000000
vt 0.000000 0.000000 0.000000
vt -0.199936 0.000209 0.000000
vt 0.000000 0.649667 0.000000
vt 0.000064 0.649667 0.000000
vt 0.000064 0.000209 0.000000
vt 0.200000 0.649667 0.000000
vt -0.199935 -0.000000 0.000000
vt 0.000000 0.000000 0.000000
vt -0.199935 0.000209 0.000000
vt -0.000000 0.649667 0.000000
vt 0.000065 0.649667 0.000000
vt 0.000066 0.000213 0.000000
vt 0.200001 0.649667 0.000000
vt -0.199935 0.000000 0.000000
vt 0.000000 0.000000 0.000000
vt -0.199935 0.000213 0.000000
vt -0.000001 0.649667 0.000000
vt 0.000065 0.649667 0.000000
vt 0.000066 0.000215 0.000000
vt 0.200000 0.649667 0.000000
vt -0.199934 -0.000000 0.000000
vt 0.000000 0.000000 0.000000
vt -0.199934 0.000215 0.000000
vt 0.000002 0.649666 0.000000
vt 0.000068 0.649667 0.000000
vt 0.000067 0.000217 0.000000
vt 0.200001 0.649667 0.000000
vt -0.199933 0.000000 0.000000
vt 0.000000 0.000000 0.000000
vt -0.199933 0.000217 0.000000
vt 0.000001 0.649667 0.000000
vt 0.000067 0.649667 0.000000
vt 0.000067 0.000219 0.000000
vt 0.200000 0.649667 0.000000
vt -0.199933 0.000000 0.000000
vt 0.000000 0.000000 0.000000
vt -0.199933 0.000219 0.000000
vt -0.000001 0.649667 0.000000
vt 0.575484 0.301472 0.000000
vt 0.000225 0.000042 0.000000
vt 0.668279 0.124378 0.000000
vt -0.092795 0.177094 0.000000
vt 0.000000 0.000000 0.000000
vt -0.092601 0.177196 0.000000
vt 0.575453 0.301531 0.000000
vt 0.569971 0.311770 0.000000
vt 0.000226 0.000046 0.000000
vt 0.665935 0.136373 0.000000
vt -0.095964 0.175396 0.000000
vt 0.000000 0.000000 0.000000
vt -0.095771 0.175501 0.000000
vt 0.569939 0.311828 0.000000
vt 0.565940 0.319028 0.000000
vt 0.000227 0.000050 0.000000
vt 0.664138 0.144873 0.000000
vt -0.098198 0.174155 0.000000
vt 0.000000 0.000000 0.000000
vt -0.098004 0.174264 0.000000
vt 0.565906 0.319088 0.000000
vt 0.563486 0.323344 0.000000
vt 0.000225 0.000051 0.000000
vt 0.663012 0.149944 0.000000
vt -0.099526 0.173400 0.000000
vt 0.000000 0.000000 0.000000
vt -0.099335 0.173509 0.000000
vt 0.563452 0.323402 0.000000
vt 0.562661 0.324775 0.000000
vt 0.000223 0.000051 0.000000
vt 0.662628 0.151629 0.000000
vt -0.099966 0.173147 0.000000
vt 0.000000 0.000000 0.000000
vt -0.099776 0.173256 0.000000
vt 0.562629 0.324834 0.000000
vt 0.563486 0.323343 0.000000
vt 0.000225 0.000051 0.000000
vt 0.663011 0.149943 0.000000
vt -0.099526 0.173400 0.000000
vt 0.000000 -0.000000 0.000000
vt -0.099335 0.173510 0.000000
vt 0.563451 0.323402 0.000000
vt 0.565940 0.319029 0.000000
vt 0.000225 0.000049 0.000000
vt 0.664138 0.144873 0.000000
vt -0.098198 0.174156 0.000000
vt 0.000000 -0.000000 0.000000
vt -0.098006 0.174263 0.000000
vt 0.565907 0.319087 0.000000
vt 0.569971 0.311770 0.000000
vt 0.000224 0.000046 0.000000
vt 0.665935 0.136374 0.000000
vt -0.095965 0.175397 0.000000
vt 0.000000 -0.000000 0.000000
vt -0.095773 0.175502 0.000000
vt 0.569938 0.311829 0.000000
vt 0.575484 0.301472 0.000000
vt 0.000223 0.000041 0.000000
vt 0.668280 0.124378 0.000000
vt -0.092795 0.177094 0.000000
vt 0.000000 -0.000000 0.000000
vt -0.092604 0.177194 0.000000
vt 0.575453 0.301531 0.000000
vt -0.000067 -0.649667 0.000000
vt -0.000066 -0.000214 0.000000
vt -0.200000 -0.649667 0.000000
vt 0.199934 -0.000000 0.000000
vt 0.000000 0.000000 0.000000
vt 0.199934 -0.000214 0.000000
vt 0.000001 -0.649667 0.000000
vt -0.000066 -0.649667 0.000000
vt -0.000066 -0.000214 0.000000
vt -0.200000 -0.649667 0.000000
vt 0.199934 -0.000000 0.000000
vt 0.000000 0.000000 0.000000
vt 0.199934 -0.000214 0.000000
vt -0.000002 -0.649667 0.000000
vt -0.000067 -0.649666 0.000000
vt -0.000065 -0.000210 0.000000
vt -0.200002 -0.649666 0.000000
vt 0.199935 -0.000000 0.000000
vt 0.000000 0.000000 0.000000
vt 0.199935 -0.000210 0.000000
vt -0.000000 -0.649667 0.000000
vt -0.000065 -0.649667 0.000000
vt -0.000064 -0.000208 0.000000
vt -0.200000 -0.649667 0.000000
vt 0.199936 -0.000000 0.000000
vt 0.000000 0.000000 0.000000
vt 0.199936 -0.000208 0.000000
vt 0.000000 -0.649667 0.000000
vt -0.000064 -0.649667 0.000000
vt -0.000063 -0.000206 0.000000
vt -0.200000 -0.649667 0.000000
vt 0.199937 -0.000000 0.000000
vt 0.000000 0.000000 0.000000
vt 0.199937 -0.000206 0.000000
vt 0.000000 -0.649667 0.000000
vt -0.000064 -0.649667 0.000000
vt -0.000063 -0.000204 0.000000
vt -0.200000 -0.649667 0.000000
vt 0.199937 -0.000000 0.000000
vt 0.000000 0.000000 0.000000
vt 0.199937 -0.000204 0.000000
vt -0.000000 -0.649667 0.000000
vt -0.000063 -0.649667 0.000000
vt -0.000062 -0.000201 0.000000
vt -0.200000 -0.649667 0.000000
vt 0.199938 0.000000 0.000000
vt 0.000000 0.000000 0.000000
vt 0.199938 -0.000201 0.000000
vt 0.000000 -0.649667 0.000000
vt -0.000062 -0.649667 0.000000
vt -0.000061 -0.000198 0.000000
vt -0.200000 -0.649667 0.000000
vt 0.199939 -0.000000 0.000000
vt 0.000000 0.000000 0.000000
vt 0.199939 -0.000198 0.000000
vt -0.000000 -0.649667 0.000000
vt -0.000061 -0.649667 0.000000
vt -0.000060 -0.000196 0.000000
vt -0.200000 -0.649667 0.000000
vt 0.199940 0.000000 0.000000
vt 0.000000 0.000000 0.000000
vt 0.199940 -0.000196 0.000000
vt 0.000000 -0.649667 0.000000
vt -0.000060 -0.649667 0.000000
vt -0.000059 -0.000192 0.000000
vt -0.200000 -0.649667 0.000000
vt 0.199941 -0.000000 0.000000
vt 0.000000 0.000000 0.000000
vt 0.199941 -0.000192 0.000000
vt -0.000000 -0.649667 0.000000
vt -1.898686 3.089582 0.000000
vt -0.118485 0.055250 0.000000
vt 0.000000 0.000000 0.000000
vt -1.780201 3.034332 0.000000
vt -0.126279 0.033836 0.000000
vt 0.000000 0.000000 0.000000
vt 1.523686 -2.989101 0.000000
vt 1.653922 -3.000496 0.000000
vt 0.000000 0.000000 0.000000
vt -1.523686 2.989101 0.000000
vt -0.130236 -0.011394 0.000000
vt 0.000000 0.000000 0.000000
vt -1.393450 3.000496 0.000000
vt -0.126279 -0.033836 0.000000
vt 0.000000 0.000000 0.000000
vt 1.148686 -3.089582 0.000000
vt 1.267171 -3.034332 0.000000
vt 0.000000 0.000000 0.000000
vt 0.074986 0.107091 0.000000
vt -1.826795 2.814101 0.000000
vt 0.000000 0.000000 0.000000
vt 0.092442 0.092443 0.000000
vt -1.901781 2.707011 0.000000
vt 0.000000 0.000000 0.000000
vt 1.994223 -2.614568 0.000000
vt 0.952628 0.550000 0.000000
vt 0.000000 0.000000 0.000000
vt 0.107091 0.074986 0.000000
vt -1.041595 3.164568 0.000000
vt 0.000000 0.000000 0.000000
vt -0.024545 -0.357488 0.000000
vt 2.148660 -3.721590 0.000000
vt 0.000000 0.000000 0.000000
vt -2.173205 3.364101 0.000000
vt -0.074986 0.107091 0.000000
vt 0.000000 0.000000 0.000000
vt 2.005777 -3.164568 0.000000
vt 2.098219 -3.257011 0.000000
vt 0.000000 0.000000 0.000000
vt -2.005777 3.164568 0.000000
vt -0.107091 0.074986 0.000000
vt 0.000000 0.000000 0.000000
vt -1.826795 2.814101 0.000000
vt -0.055250 -0.118485 0.000000
vt 0.000000 0.000000 0.000000
vt -1.771545 2.932586 0.000000
vt -0.033836 -0.126279 0.000000
vt 0.000000 0.000000 0.000000
vt 1.726314 -3.189101 0.000000
vt 1.737708 -3.058865 0.000000
vt 0.000000 0.000000 0.000000
vt -1.726314 3.189101 0.000000
vt 0.011394 -0.130236 0.000000
vt 0.000000 0.000000 0.000000
vt -1.737708 3.319338 0.000000
vt 0.033836 -0.126279 0.000000
vt 0.000000 0.000000 0.000000
vt 1.826795 -3.564101 0.000000
vt 1.771545 -3.445617 0.000000
vt 0.000000 0.000000 0.000000
vt -1.826795 3.564101 0.000000
vt -2.148661 3.721590 0.000000
vt 0.000000 0.000000 0.000000
vt 0.358330 0.000000 0.000000
vt -0.000000 0.020000 0.000000
vt 0.000000 0.000000 0.000000
vt 0.000000 0.020000 0.000000
vt -0.358330 0.020000 0.000000
vt 0.000000 0.000000 0.000000
vt 1.100000 -0.000000 0.000000
vt -0.000000 0.020000 0.000000
vt 0.000000 0.000000 0.000000
vt -0.000000 0.020000 0.000000
vt -1.100000 0.020000 0.000000
vt 0.000000 0.000000 0.000000
vt 0.358330 0.000000 0.000000
vt -0.000000 0.020000 0.000000
vt 0.000000 0.000000 0.000000
vt 0.000000 0.020000 0.000000
vt -0.358330 0.020000 0.000000
vt 0.000000 0.000000 0.000000
vt 1.901781 2.707011 0.000000
vt -0.092442 0.092443 0.000000
vt 0.000000 0.000000 0.000000
vt 1.994223 2.614568 0.000000
vt -0.107091 0.074986 0.000000
vt 0.000000 0.000000 0.000000
vt -0.952628 0.550000 0.000000
vt -2.101314 -2.539582 0.000000
vt 0.000000 0.000000 0.000000
vt 1.148686 3.089582 0.000000
vt -0.118484 0.055250 0.000000
vt 0.000000 0.000000 0.000000
vt -1.393450 -3.000496 0.000000
vt -1.267171 -3.034332 0.000000
vt 0.000000 0.000000 0.000000
vt 1.393450 3.000496 0.000000
vt -0.130236 0.011394 0.000000
vt 0.000000 0.000000 0.000000
vt 1.523686 2.989101 0.000000
vt -0.130236 -0.011394 0.000000
vt 0.000000 0.000000 0.000000
vt -1.780201 -3.034332 0.000000
vt -1.653922 -3.000496 0.000000
vt 0.000000 0.000000 0.000000
vt 1.780201 3.034332 0.000000
vt -0.118485 -0.055250 0.000000
vt 0.000000 0.000000 0.000000
vt 1.898686 3.089582 0.000000
vt -0.107091 -0.074986 0.000000
vt 0.000000 0.000000 0.000000
vt -2.098219 -3.257011 0.000000
vt -2.005777 -3.164568 0.000000
vt 0.000000 0.000000 0.000000
vt 1.737708 3.058865 0.000000
vt -0.033836 0.126279 0.000000
vt 0.000000 0.000000 0.000000
vt 1.771545 2.932586 0.000000
vt -0.055250 0.118485 0.000000
vt 0.000000 0.000000 0.000000
vt -1.901781 -2.707011 0.000000
vt -1.826795 -2.814101 0.000000
vt 0.000000 0.000000 0.000000
vt 2.098219 3.257011 0.000000
vt -0.074986 -0.107091 0.000000
vt 0.000000 0.000000 0.000000
vt -0.024545 0.357488 0.000000
vt -2.173205 -3.364101 0.000000
vt 0.000000 0.000000 0.000000
vt 1.826795 3.564101 0.000000
vt 0.055250 0.118485 0.000000
vt 0.000000 0.000000 0.000000
vt 1.771545 3.445617 0.000000
vt 0.033836 0.126279 0.000000
vt 0.000000 0.000000 0.000000
vt -1.726314 -3.189101 0.000000
vt -1.737708 -3.319338 0.000000
vt 0.000000 0.000000 0.000000
vt -1.737708 -3.058865 0.000000
vt -1.726314 -3.189101 0.000000
vt 0.000000 0.000000 0.000000
vt -1.826795 -3.564101 0.000000
vt 0.321866 0.157488 0.000000
vt 0.000000 0.000000 0.000000
vt -0.358330 0.000000 0.000000
vt -0.000000 -0.020000 0.000000
vt 0.000000 0.000000 0.000000
vt 0.000000 -0.020000 0.000000
vt 0.358330 -0.020000 0.000000
vt 0.000000 0.000000 0.000000
vt -1.100000 -0.000000 0.000000
vt 0.000000 -0.020000 0.000000
vt 0.000000 0.000000 0.000000
vt 0.000000 -0.020000 0.000000
vt 1.100000 -0.020000 0.000000
vt 0.000000 0.000000 0.000000
vt -0.358330 -0.000000 0.000000
vt 0.000000 -0.020000 0.000000
vt 0.000000 0.000000 0.000000
vt 0.000000 -0.020000 0.000000
vt 0.358330 -0.020000 0.000000
vt 0.000000 0.000000 0.000000
vt -0.168724 0.564841 0.000000
vt 0.102152 -0.580584 0.000000
vt 0.000000 0.000000 0.000000
vt -0.270877 1.145425 0.000000
vt 0.034204 -0.588509 0.000000
vt 0.000000 0.000000 0.000000
vt 0.270877 -2.322443 0.000000
vt 0.305080 -1.733934 0.000000
vt 0.000000 0.000000 0.000000
vt -0.270877 2.322443 0.000000
vt -0.102152 -0.580584 0.000000
vt 0.000000 0.000000 0.000000
vt -0.168724 2.903027 0.000000
vt -0.168724 -0.564841 0.000000
vt 0.000000 0.000000 0.000000
vt -0.233024 -4.009359 0.000000
vt 0.000000 -3.467868 0.000000
vt 0.000000 0.000000 0.000000
vt -0.755242 -6.475313 0.000000
vt 0.294186 -0.510850 0.000000
vt 0.000000 0.000000 0.000000
vt -1.049428 -5.964463 0.000000
vt 0.233024 -0.541491 0.000000
vt 0.000000 0.000000 0.000000
vt 0.403855 0.429434 0.000000
vt 1.282452 5.422972 0.000000
vt 0.000000 0.000000 0.000000
vt 0.351387 0.473329 0.000000
vt 0.878597 4.993538 0.000000
vt 0.000000 0.000000 0.000000
vt 0.294186 0.510850 0.000000
vt 0.527210 4.520210 0.000000
vt 0.000000 0.000000 0.000000
vt 0.293696 -7.635453 0.000000
vt 0.293696 -0.257376 0.000000
vt 0.000000 0.000000 0.000000
vt -0.000000 -7.378077 0.000000
vt 0.403855 -0.429434 0.000000
vt 0.000000 0.000000 0.000000
vt 0.755242 6.475313 0.000000
vt 0.403855 6.948642 0.000000
vt 0.000000 0.000000 0.000000
vt -0.293696 7.635453 0.000000
vt -0.293696 -0.257376 0.000000
vt 0.000000 0.000000 0.000000
vt 0.000000 -8.181332 0.000000
vt 0.122078 -0.144252 0.000000
vt 0.000000 0.000000 0.000000
vt 0.122078 0.144252 0.000000
vt 0.122078 8.037080 0.000000
vt 0.000000 0.000000 0.000000
vt -0.109806 0.053344 0.000000
vt -0.099377 -0.198294 0.000000
vt 0.000000 0.000000 0.000000
vt 0.004491 0.251814 0.000000
vt -0.199450 -0.318812 0.000000
vt 0.000000 0.000000 0.000000
vt -0.279620 -0.518966 0.000000
vt -0.174136 -0.580416 0.000000
vt 0.000000 0.000000 0.000000
vt -0.103994 0.063939 0.000000
vt -0.112037 -0.177538 0.000000
vt 0.000000 0.000000 0.000000
vt -0.219006 -0.323320 0.000000
vt -0.013326 -0.241243 0.000000
vt 0.000000 0.000000 0.000000
vt -0.117255 0.033973 0.000000
vt -0.071549 -0.234883 0.000000
vt 0.000000 0.000000 0.000000
vt -0.034428 0.270531 0.000000
vt -0.128360 -0.328120 0.000000
vt 0.000000 0.000000 0.000000
vt -0.184704 -0.559819 0.000000
vt -0.070112 -0.601906 0.000000
vt 0.000000 0.000000 0.000000
vt -0.114112 0.043374 0.000000
vt -0.085859 -0.217326 0.000000
vt 0.000000 0.000000 0.000000
vt -0.147403 -0.587774 0.000000
vt 0.015009 -0.261796 0.000000
vt 0.000000 0.000000 0.000000
vt 0.120044 0.593965 0.000000
vt -0.110686 0.051493 0.000000
vt 0.000000 0.000000 0.000000
vt -0.120960 0.016479 0.000000
vt -0.040346 -0.266234 0.000000
vt 0.000000 0.000000 0.000000
vt -0.073943 0.284531 0.000000
vt -0.068342 -0.321418 0.000000
vt 0.000000 0.000000 0.000000
vt -0.099442 -0.581055 0.000000
vt 0.020134 -0.605641 0.000000
vt 0.000000 0.000000 0.000000
vt -0.119481 0.025044 0.000000
vt -0.056413 -0.251148 0.000000
vt 0.000000 0.000000 0.000000
vt -0.043099 -0.604440 0.000000
vt 0.053993 -0.278109 0.000000
vt 0.000000 0.000000 0.000000
vt 0.023628 0.605514 0.000000
vt -0.117490 0.033152 0.000000
vt 0.000000 0.000000 0.000000
vt -0.122077 0.000000 0.000000
vt -0.004781 -0.292968 0.000000
vt 0.000000 0.000000 0.000000
vt -0.115923 0.293514 0.000000
vt -0.017298 -0.304382 0.000000
vt 0.000000 0.000000 0.000000
vt -0.019619 -0.589176 0.000000
vt 0.102189 -0.597297 0.000000
vt 0.000000 0.000000 0.000000
vt -0.121804 0.008168 0.000000
vt -0.023200 -0.280181 0.000000
vt 0.000000 0.000000 0.000000
vt 0.052677 -0.603681 0.000000
vt 0.094510 -0.289717 0.000000
vt 0.000000 0.000000 0.000000
vt -0.061862 0.602809 0.000000
vt -0.120987 0.016279 0.000000
vt 0.000000 0.000000 0.000000
vt -0.004781 0.292967 0.000000
vt -0.122077 0.000000 0.000000
vt 0.000000 0.000000 0.000000
vt 0.116731 0.293193 0.000000
vt -0.021155 0.589123 0.000000
vt 0.000000 0.000000 0.000000
vt -0.015141 0.304497 0.000000
vt -0.136948 0.296365 0.000000
vt 0.000000 0.000000 0.000000
vt -0.023200 0.280181 0.000000
vt -0.121804 -0.008168 0.000000
vt 0.000000 0.000000 0.000000
vt 0.096493 0.289062 0.000000
vt -0.063695 0.586051 0.000000
vt 0.000000 0.000000 0.000000
vt -0.036840 0.314589 0.000000
vt -0.157820 0.298254 0.000000
vt 0.000000 0.000000 0.000000
vt -0.040346 0.266234 0.000000
vt -0.120960 -0.016479 0.000000
vt 0.000000 0.000000 0.000000
vt 0.076940 0.283735 0.000000
vt -0.106922 0.579724 0.000000
vt 0.000000 0.000000 0.000000
vt -0.060632 0.322961 0.000000
vt -0.180181 0.298245 0.000000
vt 0.000000 0.000000 0.000000
vt -0.056412 0.251149 0.000000
vt -0.119481 -0.025044 0.000000
vt 0.000000 0.000000 0.000000
vt 0.057837 0.277335 0.000000
vt -0.151293 0.569757 0.000000
vt 0.000000 0.000000 0.000000
vt -0.086880 0.329197 0.000000
vt -0.204304 0.295813 0.000000
vt 0.000000 0.000000 0.000000
vt -0.071549 0.234882 0.000000
vt -0.117255 -0.033973 0.000000
vt 0.000000 0.000000 0.000000
vt 0.038946 0.269918 0.000000
vt -0.197232 0.555529 0.000000
vt 0.000000 0.000000 0.000000
vt -0.115991 0.332694 0.000000
vt -0.230452 0.290251 0.000000
vt 0.000000 0.000000 0.000000
vt -0.085859 0.217325 0.000000
vt -0.114112 -0.043375 0.000000
vt 0.000000 0.000000 0.000000
vt 0.020024 0.261461 0.000000
vt -0.245109 0.536129 0.000000
vt 0.000000 0.000000 0.000000
vt -0.148390 0.332595 0.000000
vt -0.258843 0.280605 0.000000
vt 0.000000 0.000000 0.000000
vt -0.099377 0.198294 0.000000
vt -0.109806 -0.053344 0.000000
vt 0.000000 0.000000 0.000000
vt 0.000838 0.251853 0.000000
vt -0.295154 0.510291 0.000000
vt 0.000000 0.000000 0.000000
vt -0.184473 0.327706 0.000000
vt -0.289577 0.265607 0.000000
vt 0.000000 0.000000 0.000000
vt 0.103607 0.064564 0.000000
vt -0.213788 0.326794 0.000000
vt 0.000000 0.000000 0.000000
vt -0.117051 0.174273 0.000000
vt -0.323297 0.254919 0.000000
vt 0.000000 0.000000 0.000000
vt -0.204394 -0.085230 0.000000
vt -0.186996 -0.273402 0.000000
vt 0.000000 0.000000 0.000000
vt 0.204394 -0.085230 0.000000
vt 0.017398 0.188173 0.000000
vt 0.000000 0.000000 0.000000
vt 0.403855 -0.429434 0.000000
vt -0.351386 0.473329 0.000000
vt 0.000000 0.000000 0.000000
vt 0.755242 -0.902763 0.000000
vt -0.294186 0.510850 0.000000
vt 0.000000 0.000000 0.000000
vt -1.282453 1.955104 0.000000
vt -1.049428 1.413613 0.000000
vt 0.000000 0.000000 0.000000
vt 1.282453 -1.955104 0.000000
vt -0.168724 0.564841 0.000000
vt 0.000000 0.000000 0.000000
vt 1.451177 -2.519945 0.000000
vt -0.102152 0.580584 0.000000
vt 0.000000 0.000000 0.000000
vt -1.587533 3.689038 0.000000
vt -1.553329 3.100529 0.000000
vt 0.000000 0.000000 0.000000
vt 1.587533 -3.689038 0.000000
vt 0.034204 0.588509 0.000000
vt 0.000000 0.000000 0.000000
vt 1.553329 -4.277548 0.000000
vt 0.102152 0.580584 0.000000
vt 0.000000 0.000000 0.000000
vt -1.282453 5.422972 0.000000
vt -1.451177 4.858132 0.000000
vt 0.000000 0.000000 0.000000
vt 1.282453 -5.422972 0.000000
vt 0.233024 0.541491 0.000000
vt 0.000000 0.000000 0.000000
vt 1.049428 -5.964463 0.000000
vt 0.294186 0.510850 0.000000
vt 0.000000 0.000000 0.000000
vt -0.403855 6.948642 0.000000
vt -0.755242 6.475313 0.000000
vt 0.000000 0.000000 0.000000
vt 0.403855 -6.948642 0.000000
vt 0.403855 0.429434 0.000000
vt 0.000000 0.000000 0.000000
vt 0.000000 -7.378077 0.000000
vt 0.293696 0.257376 0.000000
vt 0.000000 0.000000 0.000000
vt 0.293696 -0.257376 0.000000
vt 0.293696 7.635453 0.000000
vt 0.000000 0.000000 0.000000
vt -0.000000 8.181332 0.000000
vt -0.122078 0.144252 0.000000
vt 0.000000 0.000000 0.000000
vt -0.122078 -0.144252 0.000000
vt -0.122078 -8.037081 0.000000
vt 0.000000 0.000000 0.000000
vt 0.109806 -0.053344 0.000000
vt 0.099377 0.198294 0.000000
vt 0.000000 0.000000 0.000000
vt -0.004491 -0.251814 0.000000
vt 0.199450 0.318813 0.000000
vt 0.000000 0.000000 0.000000
vt 0.279620 0.518966 0.000000
vt 0.174136 0.580416 0.000000
vt 0.000000 0.000000 0.000000
vt 0.103994 -0.063940 0.000000
vt 0.112038 0.177538 0.000000
vt 0.000000 0.000000 0.000000
vt 0.219006 0.323321 0.000000
vt 0.013326 0.241244 0.000000
vt 0.000000 0.000000 0.000000
vt 0.117255 -0.033973 0.000000
vt 0.071549 0.234882 0.000000
vt 0.000000 0.000000 0.000000
vt 0.034427 -0.270531 0.000000
vt 0.128360 0.328120 0.000000
vt 0.000000 0.000000 0.000000
vt 0.184705 0.559819 0.000000
vt 0.070112 0.601906 0.000000
vt 0.000000 0.000000 0.000000
vt 0.114112 -0.043375 0.000000
vt 0.085859 0.217325 0.000000
vt 0.000000 0.000000 0.000000
vt 0.147405 0.587774 0.000000
vt -0.015009 0.261796 0.000000
vt 0.000000 0.000000 0.000000
vt -0.120043 -0.593966 0.000000
vt 0.110686 -0.051493 0.000000
vt 0.000000 0.000000 0.000000
vt 0.120960 -0.016479 0.000000
vt 0.040347 0.266234 0.000000
vt 0.000000 0.000000 0.000000
vt 0.073942 -0.284531 0.000000
vt 0.068342 0.321418 0.000000
vt 0.000000 0.000000 0.000000
vt 0.099441 0.581054 0.000000
vt -0.020135 0.605640 0.000000
vt 0.000000 0.000000 0.000000
vt 0.119481 -0.025044 0.000000
vt 0.056412 0.251149 0.000000
vt 0.000000 0.000000 0.000000
vt 0.043098 0.604441 0.000000
vt -0.053993 0.278109 0.000000
vt 0.000000 0.000000 0.000000
vt -0.023629 -0.605515 0.000000
vt 0.117490 -0.033153 0.000000
vt 0.000000 0.000000 0.000000
vt 0.122077 0.000000 0.000000
vt 0.004781 0.292967 0.000000
vt 0.000000 0.000000 0.000000
vt 0.115923 -0.293514 0.000000
vt 0.017298 0.304382 0.000000
vt 0.000000 0.000000 0.000000
vt 0.019619 0.589176 0.000000
vt -0.102189 0.597297 0.000000
vt 0.000000 0.000000 0.000000
vt 0.121804 -0.008168 0.000000
vt 0.023200 0.280181 0.000000
vt 0.000000 0.000000 0.000000
vt -0.052679 0.603681 0.000000
vt -0.094510 0.289717 0.000000
vt 0.000000 0.000000 0.000000
vt 0.061863 -0.602809 0.000000
vt 0.120987 -0.016279 0.000000
vt 0.000000 0.000000 0.000000
vt 0.004781 -0.292968 0.000000
vt 0.122077 0.000000 0.000000
vt 0.000000 0.000000 0.000000
vt -0.116731 -0.293194 0.000000
vt 0.021155 -0.589123 0.000000
vt 0.000000 0.000000 0.000000
vt 0.015141 -0.304497 0.000000
vt 0.136948 -0.296365 0.000000
vt 0.000000 0.000000 0.000000
vt 0.023200 -0.280181 0.000000
vt 0.121804 0.008168 0.000000
vt 0.000000 0.000000 0.000000
vt -0.096493 -0.289062 0.000000
vt 0.063694 -0.586051 0.000000
vt 0.000000 0.000000 0.000000
vt 0.036840 -0.314589 0.000000
vt 0.157820 -0.298253 0.000000
vt 0.000000 0.000000 0.000000
vt 0.040347 -0.266234 0.000000
vt 0.120960 0.016479 0.000000
vt 0.000000 0.000000 0.000000
vt -0.076940 -0.283735 0.000000
vt 0.106923 -0.579725 0.000000
vt 0.000000 0.000000 0.000000
vt 0.060631 -0.322961 0.000000
vt 0.180181 -0.298245 0.000000
vt 0.000000 0.000000 0.000000
vt 0.056412 -0.251149 0.000000
vt 0.119481 0.025044 0.000000
vt 0.000000 0.000000 0.000000
vt -0.057837 -0.277335 0.000000
vt 0.151292 -0.569757 0.000000
vt 0.000000 0.000000 0.000000
vt 0.086880 -0.329197 0.000000
vt 0.204304 -0.295813 0.000000
vt 0.000000 0.000000 0.000000
vt 0.071549 -0.234883 0.000000
vt 0.117255 0.033973 0.000000
vt 0.000000 0.000000 0.000000
vt -0.038946 -0.269918 0.000000
vt 0.197232 -0.555529 0.000000
vt 0.000000 0.000000 0.000000
vt 0.115990 -0.332694 0.000000
vt 0.230452 -0.290251 0.000000
vt 0.000000 0.000000 0.000000
vt 0.085858 -0.217325 0.000000
vt 0.114112 0.043374 0.000000
vt 0.000000 0.000000 0.000000
vt -0.020025 -0.261460 0.000000
vt 0.245109 -0.536129 0.000000
vt 0.000000 0.000000 0.000000
vt 0.148390 -0.332596 0.000000
vt 0.258843 -0.280605 0.000000
vt 0.000000 0.000000 0.000000
vt 0.099377 -0.198294 0.000000
vt 0.109806 0.053344 0.000000
vt 0.000000 0.000000 0.000000
vt -0.000837 -0.251853 0.000000
vt 0.295154 -0.510291 0.000000
vt 0.000000 0.000000 0.000000
vt 0.184473 -0.327706 0.000000
vt 0.289576 -0.265607 0.000000
vt 0.000000 0.000000 0.000000
vt -0.103607 -0.064564 0.000000
vt 0.213787 -0.326795 0.000000
vt 0.000000 0.000000 0.000000
vt 0.117052 -0.174273 0.000000
vt 0.323297 -0.254919 0.000000
vt 0.000000 0.000000 0.000000
vt 0.204394 0.085230 0.000000
vt 0.186995 0.273402 0.000000
vt 0.000000 0.000000 0.000000
vt -0.204394 0.085230 0.000000
vt -0.017398 -0.188173 0.000000
vt 0.000000 0.000000 0.000000
vt -0.000000 0.400000 0.000000
vt -0.065367 -0.000000 0.000000
vt 0.000000 0.000000 0.000000
vt -0.065367 -0.000000 0.000000
vt -0.065367 -0.400000 0.000000
vt 0.000000 0.000000 0.000000
vt 0.000000 0.400000 0.000000
vt -0.065367 0.000000 0.000000
vt 0.000000 0.000000 0.000000
vt -0.065367 -0.000000 0.000000
vt -0.065367 -0.400000 0.000000
vt 0.000000 0.000000 0.000000
vt 0.000000 0.400000 0.000000
vt -0.065367 0.000000 0.000000
vt 0.000000 0.000000 0.000000
vt -0.065367 0.000000 0.000000
vt -0.065367 -0.400000 0.000000
vt 0.000000 0.000000 0.000000
vt -0.000000 0.400000 0.000000
vt -0.065367 -0.000000 0.000000
vt 0.000000 0.000000 0.000000
vt -0.065367 -0.000000 0.000000
vt -0.065367 -0.400000 0.000000
vt 0.000000 0.000000 0.000000
vt 0.000000 0.400000 0.000000
vt -0.065367 -0.000000 0.000000
vt 0.000000 0.000000 0.000000
vt -0.065367 -0.000000 0.000000
vt -0.065367 -0.400000 0.000000
vt 0.000000 0.000000 0.000000
vt -0.000000 0.400000 0.000000
vt -0.065367 0.000000 0.000000
vt 0.000000 0.000000 0.000000
vt -0.065367 0.000000 0.000000
vt -0.065367 -0.400000 0.000000
vt 0.000000 0.000000 0.000000
vt 0.000000 0.400000 0.000000
vt -0.065367 -0.000000 0.000000
vt 0.000000 0.000000 0.000000
vt -0.065367 0.000000 0.000000
vt -0.065367 -0.400000 0.000000
vt 0.000000 0.000000 0.000000
vt 0.000000 0.400000 0.000000
vt -0.065367 0.000000 0.000000
vt 0.000000 0.000000 0.000000
vt -0.065367 -0.000000 0.000000
vt -0.065367 -0.400000 0.000000
vt 0.000000 0.000000 0.000000
vt -0.000000 0.400000 0.000000
vt -0.065367 0.000000 0.000000
vt 0.000000 0.000000 0.000000
vt -0.065367 0.000000 0.000000
vt -0.065367 -0.400000 0.000000
vt 0.000000 0.000000 0.000000
vt -0.000000 0.400000 0.000000
vt -0.065367 -0.000000 0.000000
vt 0.000000 0.000000 0.000000
vt -0.065367 -0.000000 0.000000
vt -0.065367 -0.400000 0.000000
vt 0.000000 0.000000 0.000000
vt -0.000000 0.400000 0.000000
vt -0.065367 0.000000 0.000000
vt 0.000000 0.000000 0.000000
vt -0.065367 0.000000 0.000000
vt -0.065367 -0.400000 0.000000
vt 0.000000 0.000000 0.000000
vt -0.000000 0.400000 0.000000
vt -0.065367 -0.000000 0.000000
vt 0.000000 0.000000 0.000000
vt -0.065367 -0.000000 0.000000
vt -0.065367 -0.400000 0.000000
vt 0.000000 0.000000 0.000000
vt -0.000000 0.400000 0.000000
vt -0.065367 -0.000000 0.000000
vt 0.000000 0.000000 0.000000
vt -0.065367 -0.000000 0.000000
vt -0.065367 -0.400000 0.000000
vt 0.000000 0.000000 0.000000
vt 0.000000 0.400000 0.000000
vt -0.065367 0.000000 0.000000
vt 0.000000 0.000000 0.000000
vt -0.065367 0.000000 0.000000
vt -0.065367 -0.400000 0.000000
vt 0.000000 0.000000 0.000000
vt -0.000000 0.400000 0.000000
vt -0.065367 0.000000 0.000000
vt 0.000000 0.000000 0.000000
vt -0.065367 0.000000 0.000000
vt -0.065367 -0.400000 0.000000
vt 0.000000 0.000000 0.000000
vt -0.000000 0.400000 0.000000
vt -0.065367 0.000000 0.000000
vt 0.000000 0.000000 0.000000
vt -0.065367 -0.000000 0.000000
vt -0.065367 -0.400000 0.000000
vt 0.000000 0.000000 0.000000
vt 0.000000 0.400000 0.000000
vt -0.065367 -0.000000 0.000000
vt 0.000000 0.000000 0.000000
vt -0.065367 -0.000000 0.000000
vt -0.065367 -0.400000 0.000000
vt 0.000000 0.000000 0.000000
vt 0.000000 0.400000 0.000000
vt -0.065367 0.000000 0.000000
vt 0.000000 0.000000 0.000000
vt -0.065367 0.000000 0.000000
vt -0.065367 -0.400000 0.000000
vt 0.000000 0.000000 0.000000
vt 0.000000 0.400000 0.000000
vt -0.065367 -0.000000 0.000000
vt 0.000000 0.000000 0.000000
vt -0.065367 -0.000000 0.000000
vt -0.065367 -0.400000 0.000000
vt 0.000000 0.000000 0.000000
vt 0.000000 0.400000 0.000000
vt -0.065367 0.000000 0.000000
vt 0.000000 0.000000 0.000000
vt -0.065367 0.000000 0.000000
vt -0.065367 -0.400000 0.000000
vt 0.000000 0.000000 0.000000
vt 0.000000 0.400000 0.000000
vt -0.065367 -0.000000 0.000000
vt 0.000000 0.000000 0.000000
vt -0.065367 0.000000 0.000000
vt -0.065367 -0.400000 0.000000
vt 0.000000 0.000000 0.000000
vt -0.000000 0.400000 0.000000
vt -0.065367 -0.000000 0.000000
vt 0.000000 0.000000 0.000000
vt -0.065367 -0.000000 0.000000
vt -0.065367 -0.400000 0.000000
vt 0.000000 0.000000 0.000000
vt 0.000000 0.400000 0.000000
vt -0.065367 -0.000000 0.000000
vt 0.000000 0.000000 0.000000
vt -0.065367 0.000000 0.000000
vt -0.065367 -0.400000 0.000000
vt 0.000000 0.000000 0.000000
vt -0.000000 0.400000 0.000000
vt -0.065367 0.000000 0.000000
vt 0.000000 0.000000 0.000000
vt -0.065367 -0.000000 0.000000
vt -0.065367 -0.400000 0.000000
vt 0.000000 0.000000 0.000000
vt -0.000000 0.400000 0.000000
vt -0.065367 0.000000 0.000000
vt 0.000000 0.000000 0.000000
vt -0.065367 0.000000 0.000000
vt -0.065367 -0.400000 0.000000
vt 0.000000 0.000000 0.000000
vt 0.000000 0.400000 0.000000
vt -0.065367 -0.000000 0.000000
vt 0.000000 0.000000 0.000000
vt -0.065367 -0.000000 0.000000
vt -0.065367 -0.400000 0.000000
vt 0.000000 0.000000 0.000000
vt 0.000000 0.400000 0.000000
vt -0.065367 0.000000 0.000000
vt 0.000000 0.000000 0.000000
vt -0.065367 0.000000 0.000000
vt -0.065367 -0.400000 0.000000
vt 0.000000 0.000000 0.000000
vt -0.000000 0.400000 0.000000
vt -0.065367 -0.000000 0.000000
vt 0.000000 0.000000 0.000000
vt -0.065367 0.000000 0.000000
vt -0.065367 -0.400000 0.000000
vt 0.000000 0.000000 0.000000
vt -0.000000 0.400000 0.000000
vt -0.065367 -0.000000 0.000000
vt 0.000000 0.000000 0.000000
vt -0.065367 -0.000000 0.000000
vt -0.065367 -0.400000 0.000000
vt 0.000000 0.000000 0.000000
vt 0.000000 0.400000 0.000000
vt -0.065367 0.000000 0.000000
vt 0.000000 0.000000 0.000000
vt -0.065367 0.000000 0.000000
vt -0.065367 -0.400000 0.000000
vt 0.000000 0.000000 0.000000
vt -0.000000 0.400000 0.000000
vt -0.065367 0.000000 0.000000
vt 0.000000 0.000000 0.000000
vt -0.065367 0.000000 0.000000
vt -0.065367 -0.400000 0.000000
vt 0.000000 0.000000 0.000000
vt 0.000000 0.400000 0.000000
vt -0.065367 0.000000 0.000000
vt 0.000000 0.000000 0.000000
vt -0.065367 0.000000 0.000000
vt -0.065367 -0.400000 0.000000
vt 0.000000 0.000000 0.000000
vt 0.000000 0.400000 0.000000
vt -0.065367 0.000000 0.000000
vt 0.000000 0.000000 0.000000
vt -0.065367 0.000000 0.000000
vt -0.065367 -0.400000 0.000000
vt 0.000000 0.000000 0.000000
vt 0.000000 0.400000 0.000000
vt -0.065367 -0.000000 0.000000
vt 0.000000 0.000000 0.000000
vt -0.065367 -0.000000 0.000000
vt -0.065367 -0.400000 0.000000
vt 0.000000 0.000000 0.000000
vt 0.000000 0.400000 0.000000
vt -0.065367 0.000000 0.000000
vt 0.000000 0.000000 0.000000
vt -0.065367 0.000000 0.000000
vt -0.065367 -0.400000 0.000000
vt 0.000000 0.000000 0.000000
vt -0.000000 0.400000 0.000000
vt -0.065367 -0.000000 0.000000
vt 0.000000 0.000000 0.000000
vt -0.065367 0.000000 0.000000
vt -0.065367 -0.400000 0.000000
vt 0.000000 0.000000 0.000000
vt 0.072500 -0.125574 0.000000
vt 0.059243 0.027625 0.000000
vt 0.000000 0.000000 0.000000
vt 0.036335 0.016943 0.000000
vt -0.013258 0.153199 0.000000
vt 0.000000 0.000000 0.000000
vt 0.049593 -0.136255 0.000000
vt 0.063140 0.016918 0.000000
vt 0.000000 0.000000 0.000000
vt 0.038725 0.010376 0.000000
vt 0.013547 0.153174 0.000000
vt 0.000000 0.000000 0.000000
vt 0.025179 -0.142797 0.000000
vt 0.065118 0.005697 0.000000
vt 0.000000 0.000000 0.000000
vt 0.039939 0.003494 0.000000
vt 0.039939 0.148494 0.000000
vt 0.000000 0.000000 0.000000
vt -0.000000 -0.145000 0.000000
vt 0.065118 -0.005697 0.000000
vt 0.000000 0.000000 0.000000
vt 0.039939 -0.003494 0.000000
vt 0.065118 0.139303 0.000000
vt 0.000000 0.000000 0.000000
vt -0.025179 -0.142797 0.000000
vt 0.063139 -0.016918 0.000000
vt 0.000000 0.000000 0.000000
vt 0.038726 -0.010376 0.000000
vt 0.088319 0.125879 0.000000
vt 0.000000 0.000000 0.000000
vt -0.049593 -0.136255 0.000000
vt 0.059242 -0.027625 0.000000
vt 0.000000 0.000000 0.000000
vt 0.036335 -0.016943 0.000000
vt 0.108835 0.108630 0.000000
vt 0.000000 0.000000 0.000000
vt -0.072500 -0.125574 0.000000
vt 0.053545 -0.037493 0.000000
vt 0.000000 0.000000 0.000000
vt 0.032841 -0.022996 0.000000
vt 0.126045 0.088081 0.000000
vt 0.000000 0.000000 0.000000
vt -0.093204 -0.111076 0.000000
vt 0.046221 -0.046221 0.000000
vt 0.000000 0.000000 0.000000
vt 0.028349 -0.028349 0.000000
vt 0.139425 0.064855 0.000000
vt 0.000000 0.000000 0.000000
vt -0.111076 -0.093204 0.000000
vt 0.037493 -0.053545 0.000000
vt 0.000000 0.000000 0.000000
vt 0.022995 -0.032841 0.000000
vt 0.148569 0.039659 0.000000
vt 0.000000 0.000000 0.000000
vt -0.125574 -0.072500 0.000000
vt 0.027625 -0.059242 0.000000
vt 0.000000 0.000000 0.000000
vt 0.016944 -0.036335 0.000000
vt 0.153199 0.013258 0.000000
vt 0.000000 0.000000 0.000000
vt -0.136255 -0.049593 0.000000
vt 0.016918 -0.063140 0.000000
vt 0.000000 0.000000 0.000000
vt 0.010376 -0.038726 0.000000
vt 0.153173 -0.013547 0.000000
vt 0.000000 0.000000 0.000000
vt -0.142797 -0.025179 0.000000
vt 0.005697 -0.065118 0.000000
vt 0.000000 0.000000 0.000000
vt 0.003494 -0.039939 0.000000
vt 0.148494 -0.039939 0.000000
vt 0.000000 0.000000 0.000000
vt -0.145000 0.000000 0.000000
vt -0.005697 -0.065118 0.000000
vt 0.000000 0.000000 0.000000
vt -0.003494 -0.039939 0.000000
vt 0.139303 -0.065118 0.000000
vt 0.000000 0.000000 0.000000
vt -0.142797 0.025179 0.000000
vt -0.016918 -0.063139 0.000000
vt 0.000000 0.000000 0.000000
vt -0.010376 -0.038726 0.000000
vt 0.125879 -0.088318 0.000000
vt 0.000000 0.000000 0.000000
vt -0.136255 0.049593 0.000000
vt -0.027625 -0.059242 0.000000
vt 0.000000 0.000000 0.000000
vt -0.016944 -0.036335 0.000000
vt 0.108630 -0.108835 0.000000
vt 0.000000 0.000000 0.000000
vt -0.125574 0.072500 0.000000
vt -0.037493 -0.053545 0.000000
vt 0.000000 0.000000 0.000000
vt -0.022995 -0.032841 0.000000
vt 0.088081 -0.126045 0.000000
vt 0.000000 0.000000 0.000000
vt -0.111076 0.093204 0.000000
vt -0.046221 -0.046221 0.000000
vt 0.000000 0.000000 0.000000
vt -0.028349 -0.028349 0.000000
vt 0.064855 -0.139426 0.000000
vt 0.000000 0.000000 0.000000
vt -0.093204 0.111076 0.000000
vt -0.053545 -0.037493 0.000000
vt 0.000000 0.000000 0.000000
vt -0.032841 -0.022996 0.000000
vt 0.039659 -0.148569 0.000000
vt 0.000000 0.000000 0.000000
vt -0.072500 0.125574 0.000000
vt -0.059242 -0.027625 0.000000
vt 0.000000 0.000000 0.000000
vt -0.036335 -0.016943 0.000000
vt 0.013258 -0.153199 0.000000
vt 0.000000 0.000000 0.000000
vt -0.049593 0.136255 0.000000
vt -0.063139 -0.016918 0.000000
vt 0.000000 0.000000 0.000000
vt -0.038726 -0.010377 0.000000
vt -0.013547 -0.153174 0.000000
vt 0.000000 0.000000 0.000000
vt -0.025179 0.142797 0.000000
vt -0.065118 -0.005697 0.000000
vt 0.000000 0.000000 0.000000
vt -0.039939 -0.003494 0.000000
vt -0.039939 -0.148494 0.000000
vt 0.000000 0.000000 0.000000
vt -0.000000 0.145000 0.000000
vt -0.065118 0.005697 0.000000
vt 0.000000 0.000000 0.000000
vt -0.039939 0.003494 0.000000
vt -0.065118 -0.139303 0.000000
vt 0.000000 0.000000 0.000000
vt 0.025179 0.142797 0.000000
vt -0.063140 0.016918 0.000000
vt 0.000000 0.000000 0.000000
vt -0.038725 0.010377 0.000000
vt -0.088318 -0.125879 0.000000
vt 0.000000 0.000000 0.000000
vt 0.049593 0.136255 0.000000
vt -0.059243 0.027625 0.000000
vt 0.000000 0.000000 0.000000
vt -0.036335 0.016943 0.000000
vt -0.108836 -0.108630 0.000000
vt 0.000000 0.000000 0.000000
vt 0.072500 0.125574 0.000000
vt -0.053545 0.037493 0.000000
vt 0.000000 0.000000 0.000000
vt -0.032841 0.022996 0.000000
vt -0.126045 -0.088081 0.000000
vt 0.000000 0.000000 0.000000
vt 0.093204 0.111076 0.000000
vt -0.046222 0.046221 0.000000
vt 0.000000 0.000000 0.000000
vt -0.028349 0.028349 0.000000
vt -0.139426 -0.064855 0.000000
vt 0.000000 0.000000 0.000000
vt 0.111077 0.093204 0.000000
vt -0.037493 0.053545 0.000000
vt 0.000000 0.000000 0.000000
vt -0.022996 0.032841 0.000000
vt -0.148569 -0.039659 0.000000
vt 0.000000 0.000000 0.000000
vt 0.125573 0.072500 0.000000
vt -0.027625 0.059242 0.000000
vt 0.000000 0.000000 0.000000
vt -0.016943 0.036335 0.000000
vt -0.153199 -0.013258 0.000000
vt 0.000000 0.000000 0.000000
vt 0.136255 0.049593 0.000000
vt -0.016918 0.063139 0.000000
vt 0.000000 0.000000 0.000000
vt -0.010376 0.038726 0.000000
vt -0.153173 0.013547 0.000000
vt 0.000000 0.000000 0.000000
vt 0.142797 0.025179 0.000000
vt -0.005697 0.065118 0.000000
vt 0.000000 0.000000 0.000000
vt -0.003494 0.039939 0.000000
vt -0.148494 0.039939 0.000000
vt 0.000000 0.000000 0.000000
vt 0.145000 0.000000 0.000000
vt 0.005697 0.065118 0.000000
vt 0.000000 0.000000 0.000000
vt 0.003494 0.039939 0.000000
vt -0.139303 0.065118 0.000000
vt 0.000000 0.000000 0.000000
vt 0.142797 -0.025179 0.000000
vt 0.016918 0.063140 0.000000
vt 0.000000 0.000000 0.000000
vt 0.010376 0.038726 0.000000
vt -0.125879 0.088318 0.000000
vt 0.000000 0.000000 0.000000
vt 0.136255 -0.049593 0.000000
vt 0.027625 0.059242 0.000000
vt 0.000000 0.000000 0.000000
vt 0.016943 0.036335 0.000000
vt -0.108630 0.108835 0.000000
vt 0.000000 0.000000 0.000000
vt 0.125573 -0.072500 0.000000
vt 0.037493 0.053545 0.000000
vt 0.000000 0.000000 0.000000
vt 0.022996 0.032841 0.000000
vt -0.088081 0.126045 0.000000
vt 0.000000 0.000000 0.000000
vt 0.111077 -0.093204 0.000000
vt 0.046222 0.046221 0.000000
vt 0.000000 0.000000 0.000000
vt 0.028349 0.028349 0.000000
vt -0.064855 0.139425 0.000000
vt 0.000000 0.000000 0.000000
vt 0.093204 -0.111076 0.000000
vt 0.053545 0.037493 0.000000
vt 0.000000 0.000000 0.000000
vt 0.032841 0.022996 0.000000
vt -0.039659 0.148569 0.000000
vt 0.000000 0.000000 0.000000
vt -0.000000 -0.400000 0.000000
vt 0.065367 -0.000000 0.000000
vt 0.000000 0.000000 0.000000
vt 0.065367 -0.000000 0.000000
vt 0.065367 0.400000 0.000000
vt 0.000000 0.000000 0.000000
vt -0.000000 -0.400000 0.000000
vt 0.065367 -0.000000 0.000000
vt 0.000000 0.000000 0.000000
vt 0.065367 -0.000000 0.000000
vt 0.065367 0.400000 0.000000
vt 0.000000 0.000000 0.000000
vt -0.000000 -0.400000 0.000000
vt 0.065367 -0.000000 0.000000
vt 0.000000 0.000000 0.000000
vt 0.065367 0.000000 0.000000
vt 0.065367 0.400000 0.000000
vt 0.000000 0.000000 0.000000
vt -0.000000 -0.400000 0.000000
vt 0.065367 0.000000 0.000000
vt 0.000000 0.000000 0.000000
vt 0.065367 -0.000000 0.000000
vt 0.065367 0.400000 0.000000
vt 0.000000 0.000000 0.000000
vt -0.000000 -0.400000 0.000000
vt 0.065367 0.000000 0.000000
vt 0.000000 0.000000 0.000000
vt 0.065367 0.000000 0.000000
vt 0.065367 0.400000 0.000000
vt 0.000000 0.000000 0.000000
vt -0.000000 -0.400000 0.000000
vt 0.065367 -0.000000 0.000000
vt 0.000000 0.000000 0.000000
vt 0.065367 -0.000000 0.000000
vt 0.065367 0.400000 0.000000
vt 0.000000 0.000000 0.000000
vt -0.000000 -0.400000 0.000000
vt 0.065367 0.000000 0.000000
vt 0.000000 0.000000 0.000000
vt 0.065367 -0.000000 0.000000
vt 0.065367 0.400000 0.000000
vt 0.000000 0.000000 0.000000
vt 0.000000 -0.400000 0.000000
vt 0.065367 -0.000000 0.000000
vt 0.000000 0.000000 0.000000
vt 0.065367 -0.000000 0.000000
vt 0.065367 0.400000 0.000000
vt 0.000000 0.000000 0.000000
vt -0.000000 -0.400000 0.000000
vt 0.065367 -0.000000 0.000000
vt 0.000000 0.000000 0.000000
vt 0.065367 -0.000000 0.000000
vt 0.065367 0.400000 0.000000
vt 0.000000 0.000000 0.000000
vt -0.000000 -0.400000 0.000000
vt 0.065367 0.000000 0.000000
vt 0.000000 0.000000 0.000000
vt 0.065367 -0.000000 0.000000
vt 0.065367 0.400000 0.000000
vt 0.000000 0.000000 0.000000
vt -0.000000 -0.400000 0.000000
vt 0.065367 0.000000 0.000000
vt 0.000000 0.000000 0.000000
vt 0.065367 0.000000 0.000000
vt 0.065367 0.400000 0.000000
vt 0.000000 0.000000 0.000000
vt -0.000000 -0.400000 0.000000
vt 0.065367 -0.000000 0.000000
vt 0.000000 0.000000 0.000000
vt 0.065367 -0.000000 0.000000
vt 0.065367 0.400000 0.000000
vt 0.000000 0.000000 0.000000
vt 0.000000 -0.400000 0.000000
vt 0.065367 -0.000000 0.000000
vt 0.000000 0.000000 0.000000
vt 0.065367 -0.000000 0.000000
vt 0.065367 0.400000 0.000000
vt 0.000000 0.000000 0.000000
vt 0.000000 -0.400000 0.000000
vt 0.065367 -0.000000 0.000000
vt 0.000000 0.000000 0.000000
vt 0.065367 0.000000 0.000000
vt 0.065367 0.400000 0.000000
vt 0.000000 0.000000 0.000000
vt -0.000000 -0.400000 0.000000
vt 0.065367 -0.000000 0.000000
vt 0.000000 0.000000 0.000000
vt 0.065367 -0.000000 0.000000
vt 0.065367 0.400000 0.000000
vt 0.000000 0.000000 0.000000
vt 0.000000 -0.400000 0.000000
vt 0.065367 0.000000 0.000000
vt 0.000000 0.000000 0.000000
vt 0.065367 0.000000 0.000000
vt 0.065367 0.400000 0.000000
vt 0.000000 0.000000 0.000000
vt 0.000000 -0.400000 0.000000
vt 0.065367 0.000000 0.000000
vt 0.000000 0.000000 0.000000
vt 0.065367 -0.000000 0.000000
vt 0.065367 0.400000 0.000000
vt 0.000000 0.000000 0.000000
vt 0.000000 -0.400000 0.000000
vt 0.065367 0.000000 0.000000
vt 0.000000 0.000000 0.000000
vt 0.065367 0.000000 0.000000
vt 0.065367 0.400000 0.000000
vt 0.000000 0.000000 0.000000
vt 0.000000 -0.400000 0.000000
vt 0.065367 -0.000000 0.000000
vt 0.000000 0.000000 0.000000
vt 0.065367 -0.000000 0.000000
vt 0.065367 0.400000 0.000000
vt 0.000000 0.000000 0.000000
vt 0.000000 -0.400000 0.000000
vt 0.065367 0.000000 0.000000
vt 0.000000 0.000000 0.000000
vt 0.065367 0.000000 0.000000
vt 0.065367 0.400000 0.000000
vt 0.000000 0.000000 0.000000
vt 0.000000 -0.400000 0.000000
vt 0.065367 -0.000000 0.000000
vt 0.000000 0.000000 0.000000
vt 0.065367 -0.000000 0.000000
vt 0.065367 0.400000 0.000000
vt 0.000000 0.000000 0.000000
vt 0.000000 -0.400000 0.000000
vt 0.065367 -0.000000 0.000000
vt 0.000000 0.000000 0.000000
vt 0.065367 0.000000 0.000000
vt 0.065367 0.400000 0.000000
vt 0.000000 0.000000 0.000000
vt 0.000000 -0.400000 0.000000
vt 0.065367 -0.000000 0.000000
vt 0.000000 0.000000 0.000000
vt 0.065367 -0.000000 0.000000
vt 0.065367 0.400000 0.000000
vt 0.000000 0.000000 0.000000
vt -0.000000 -0.400000 0.000000
vt 0.065367 0.000000 0.000000
vt 0.000000 0.000000 0.000000
vt 0.065367 0.000000 0.000000
vt 0.065367 0.400000 0.000000
vt 0.000000 0.000000 0.000000
vt 0.000000 -0.400000 0.000000
vt 0.065367 -0.000000 0.000000
vt 0.000000 0.000000 0.000000
vt 0.065367 -0.000000 0.000000
vt 0.065367 0.400000 0.000000
vt 0.000000 0.000000 0.000000
vt 0.000000 -0.400000 0.000000
vt 0.065367 0.000000 0.000000
vt 0.000000 0.000000 0.000000
vt 0.065367 -0.000000 0.000000
vt 0.065367 0.400000 0.000000
vt 0.000000 0.000000 0.000000
vt -0.000000 -0.400000 0.000000
vt 0.065367 -0.000000 0.000000
vt 0.000000 0.000000 0.000000
vt 0.065367 0.000000 0.000000
vt 0.065367 0.400000 0.000000
vt 0.000000 0.000000 0.000000
vt 0.000000 -0.400000 0.000000
vt 0.065367 0.000000 0.000000
vt 0.000000 0.000000 0.000000
vt 0.065367 -0.000000 0.000000
vt 0.065367 0.400000 0.000000
vt 0.000000 0.000000 0.000000
vt 0.000000 -0.400000 0.000000
vt 0.065367 0.000000 0.000000
vt 0.000000 0.000000 0.000000
vt 0.065367 -0.000000 0.000000
vt 0.065367 0.400000 0.000000
vt 0.000000 0.000000 0.000000
vt 0.000000 -0.400000 0.000000
vt 0.065367 0.000000 0.000000
vt 0.000000 0.000000 0.000000
vt 0.065367 0.000000 0.000000
vt 0.065367 0.400000 0.000000
vt 0.000000 0.000000 0.000000
vt 0.000000 -0.400000 0.000000
vt 0.065367 -0.000000 0.000000
vt 0.000000 0.000000 0.000000
vt 0.065367 -0.000000 0.000000
vt 0.065367 0.400000 0.000000
vt 0.000000 0.000000 0.000000
vt -0.000000 -0.400000 0.000000
vt 0.065367 0.000000 0.000000
vt 0.000000 0.000000 0.000000
vt 0.065367 -0.000000 0.000000
vt 0.065367 0.400000 0.000000
vt 0.000000 0.000000 0.000000
vt 0.000000 -0.400000 0.000000
vt 0.065367 -0.000000 0.000000
vt 0.000000 0.000000 0.000000
vt 0.065367 0.000000 0.000000
vt 0.065367 0.400000 0.000000
vt 0.000000 0.000000 0.000000
vt -0.000000 -0.400000 0.000000
vt 0.065367 0.000000 0.000000
vt 0.000000 0.000000 0.000000
vt 0.065367 0.000000 0.000000
vt 0.065367 0.400000 0.000000
vt 0.000000 0.000000 0.000000
vt -0.000000 -0.400000 0.000000
vt 0.065367 -0.000000 0.000000
vt 0.000000 0.000000 0.000000
vt 0.065367 -0.000000 0.000000
vt 0.065367 0.400000 0.000000
vt 0.000000 0.000000 0.000000
vt -0.000000 -0.400000 0.000000
vt 0.065367 0.000000 0.000000
vt 0.000000 0.000000 0.000000
vt 0.065367 0.000000 0.000000
vt 0.065367 0.400000 0.000000
vt 0.000000 0.000000 0.000000
vt -0.000000 -0.145000 0.000000
vt 0.065118 -0.005697 0.000000
vt 0.000000 0.000000 0.000000
vt 0.039939 -0.003494 0.000000
vt 0.065118 0.139303 0.000000
vt 0.000000 0.000000 0.000000
vt -0.025179 -0.142797 0.000000
vt 0.063140 -0.016918 0.000000
vt 0.000000 0.000000 0.000000
vt 0.038725 -0.010376 0.000000
vt 0.088318 0.125879 0.000000
vt 0.000000 0.000000 0.000000
vt -0.049593 -0.136255 0.000000
vt 0.059243 -0.027625 0.000000
vt 0.000000 0.000000 0.000000
vt 0.036335 -0.016943 0.000000
vt 0.108836 0.108630 0.000000
vt 0.000000 0.000000 0.000000
vt -0.072500 -0.125574 0.000000
vt 0.053545 -0.037493 0.000000
vt 0.000000 0.000000 0.000000
vt 0.032841 -0.022996 0.000000
vt 0.126045 0.088081 0.000000
vt 0.000000 0.000000 0.000000
vt -0.093204 -0.111076 0.000000
vt 0.046222 -0.046221 0.000000
vt 0.000000 0.000000 0.000000
vt 0.028349 -0.028349 0.000000
vt 0.139426 0.064855 0.000000
vt 0.000000 0.000000 0.000000
vt -0.111077 -0.093204 0.000000
vt 0.037493 -0.053545 0.000000
vt 0.000000 0.000000 0.000000
vt 0.022996 -0.032841 0.000000
vt 0.148569 0.039659 0.000000
vt 0.000000 0.000000 0.000000
vt -0.125573 -0.072500 0.000000
vt 0.027625 -0.059242 0.000000
vt 0.000000 0.000000 0.000000
vt 0.016943 -0.036335 0.000000
vt 0.153199 0.013258 0.000000
vt 0.000000 0.000000 0.000000
vt -0.136255 -0.049593 0.000000
vt 0.016918 -0.063140 0.000000
vt 0.000000 0.000000 0.000000
vt 0.010376 -0.038726 0.000000
vt 0.153173 -0.013547 0.000000
vt 0.000000 0.000000 0.000000
vt -0.142797 -0.025179 0.000000
vt 0.005697 -0.065118 0.000000
vt 0.000000 0.000000 0.000000
vt 0.003494 -0.039939 0.000000
vt 0.148494 -0.039939 0.000000
vt 0.000000 0.000000 0.000000
vt -0.145000 -0.000000 0.000000
vt -0.005697 -0.065118 0.000000
vt 0.000000 0.000000 0.000000
vt -0.003494 -0.039939 0.000000
vt 0.139303 -0.065118 0.000000
vt 0.000000 0.000000 0.000000
vt -0.142797 0.025179 0.000000
vt -0.016918 -0.063139 0.000000
vt 0.000000 0.000000 0.000000
vt -0.010376 -0.038726 0.000000
vt 0.125879 -0.088318 0.000000
vt 0.000000 0.000000 0.000000
vt -0.136255 0.049593 0.000000
vt -0.027625 -0.059242 0.000000
vt 0.000000 0.000000 0.000000
vt -0.016943 -0.036335 0.000000
vt 0.108630 -0.108835 0.000000
vt 0.000000 0.000000 0.000000
vt -0.125573 0.072500 0.000000
vt -0.037493 -0.053545 0.000000
vt 0.000000 0.000000 0.000000
vt -0.022996 -0.032841 0.000000
vt 0.088081 -0.126045 0.000000
vt 0.000000 0.000000 0.000000
vt -0.111077 0.093204 0.000000
vt -0.046222 -0.046221 0.000000
vt 0.000000 0.000000 0.000000
vt -0.028349 -0.028349 0.000000
vt 0.064855 -0.139426 0.000000
vt 0.000000 0.000000 0.000000
vt -0.093204 0.111076 0.000000
vt -0.053545 -0.037493 0.000000
vt 0.000000 0.000000 0.000000
vt -0.032841 -0.022996 0.000000
vt 0.039659 -0.148569 0.000000
vt 0.000000 0.000000 0.000000
vt -0.072500 0.125574 0.000000
vt -0.059243 -0.027625 0.000000
vt 0.000000 0.000000 0.000000
vt -0.036335 -0.016943 0.000000
vt 0.013258 -0.153199 0.000000
vt 0.000000 0.000000 0.000000
vt -0.049593 0.136255 0.000000
vt -0.063140 -0.016918 0.000000
vt 0.000000 0.000000 0.000000
vt -0.038725 -0.010377 0.000000
vt -0.013547 -0.153174 0.000000
vt 0.000000 0.000000 0.000000
vt -0.025179 0.142797 0.000000
vt -0.065118 -0.005697 0.000000
vt 0.000000 0.000000 0.000000
vt -0.039939 -0.003494 0.000000
vt -0.039939 -0.148494 0.000000
vt 0.000000 0.000000 0.000000
vt -0.000000 0.145000 0.000000
vt -0.065118 0.005697 0.000000
vt 0.000000 0.000000 0.000000
vt -0.039939 0.003494 0.000000
vt -0.065118 -0.139303 0.000000
vt 0.000000 0.000000 0.000000
vt 0.025179 0.142797 0.000000
vt -0.063139 0.016918 0.000000
vt 0.000000 0.000000 0.000000
vt -0.038726 0.010377 0.000000
vt -0.088319 -0.125879 0.000000
vt 0.000000 0.000000 0.000000
vt 0.049593 0.136255 0.000000
vt -0.059242 0.027625 0.000000
vt 0.000000 0.000000 0.000000
vt -0.036335 0.016943 0.000000
vt -0.108835 -0.108630 0.000000
vt 0.000000 0.000000 0.000000
vt 0.072500 0.125574 0.000000
vt -0.053545 0.037493 0.000000
vt 0.000000 0.000000 0.000000
vt -0.032841 0.022996 0.000000
vt -0.126045 -0.088081 0.000000
vt 0.000000 0.000000 0.000000
vt 0.093204 0.111076 0.000000
vt -0.046221 0.046221 0.000000
vt 0.000000 0.000000 0.000000
vt -0.028349 0.028349 0.000000
vt -0.139425 -0.064855 0.000000
vt 0.000000 0.000000 0.000000
vt 0.111076 0.093204 0.000000
vt -0.037493 0.053545 0.000000
vt 0.000000 0.000000 0.000000
vt -0.022995 0.032841 0.000000
vt -0.148569 -0.039659 0.000000
vt 0.000000 0.000000 0.000000
vt 0.125574 0.072500 0.000000
vt -0.027625 0.059242 0.000000
vt 0.000000 0.000000 0.000000
vt -0.016944 0.036335 0.000000
vt -0.153199 -0.013258 0.000000
vt 0.000000 0.000000 0.000000
vt 0.136255 0.049593 0.000000
vt -0.016918 0.063139 0.000000
vt 0.000000 0.000000 0.000000
vt -0.010376 0.038726 0.000000
vt -0.153173 0.013547 0.000000
vt 0.000000 0.000000 0.000000
vt 0.142797 0.025179 0.000000
vt -0.005697 0.065118 0.000000
vt 0.000000 0.000000 0.000000
vt -0.003494 0.039939 0.000000
vt -0.148494 0.039939 0.000000
vt 0.000000 0.000000 0.000000
vt 0.145000 0.000000 0.000000
vt 0.005697 0.065118 0.000000
vt 0.000000 0.000000 0.000000
vt 0.003494 0.039939 0.000000
vt -0.139303 0.065118 0.000000
vt 0.000000 0.000000 0.000000
vt 0.142797 -0.025179 0.000000
vt 0.016918 0.063140 0.000000
vt 0.000000 0.000000 0.000000
vt 0.010376 0.038726 0.000000
vt -0.125879 0.088318 0.000000
vt 0.000000 0.000000 0.000000
vt 0.136255 -0.049593 0.000000
vt 0.027625 0.059242 0.000000
vt 0.000000 0.000000 0.000000
vt 0.016944 0.036335 0.000000
vt -0.108630 0.108835 0.000000
vt 0.000000 0.000000 0.000000
vt 0.125574 -0.072500 0.000000
vt 0.037493 0.053545 0.000000
vt 0.000000 0.000000 0.000000
vt 0.022995 0.032841 0.000000
vt -0.088081 0.126045 0.000000
vt 0.000000 0.000000 0.000000
vt 0.111076 -0.093204 0.000000
vt 0.046221 0.046221 0.000000
vt 0.000000 0.000000 0.000000
vt 0.028349 0.028349 0.000000
vt -0.064855 0.139425 0.000000
vt 0.000000 0.000000 0.000000
vt 0.093204 -0.111076 0.000000
vt 0.053545 0.037493 0.000000
vt 0.000000 0.000000 0.000000
vt 0.032841 0.022996 0.000000
vt -0.039659 0.148569 0.000000
vt 0.000000 0.000000 0.000000
vt 0.072500 -0.125574 0.000000
vt 0.059242 0.027625 0.000000
vt 0.000000 0.000000 0.000000
vt 0.036335 0.016943 0.000000
vt -0.013258 0.153199 0.000000
vt 0.000000 0.000000 0.000000
vt 0.049593 -0.136255 0.000000
vt 0.063139 0.016918 0.000000
vt 0.000000 0.000000 0.000000
vt 0.038726 0.010376 0.000000
vt 0.013547 0.153174 0.000000
vt 0.000000 0.000000 0.000000
vt 0.025179 -0.142797 0.000000
vt 0.065118 0.005697 0.000000
vt 0.000000 0.000000 0.000000
vt 0.039939 0.003494 0.000000
vt 0.039939 0.148494 0.000000
vt 0.000000 0.000000 0.000000
vt -0.138789 0.051909 0.000000
vt -0.781069 -1.004182 0.000000
vt 0.000000 0.000000 0.000000
vt -0.821445 -1.056091 0.000000
vt -0.642280 -1.056091 0.000000
vt 0.000000 0.000000 0.000000
vt -0.141422 -0.044237 0.000000
vt -0.000000 -5.788474 0.000000
vt 0.000000 0.000000 0.000000
vt 0.000000 -5.700000 0.000000
vt 0.141422 -5.744237 0.000000
vt 0.000000 0.000000 0.000000
vt -0.179165 0.000000 0.000000
vt 0.781070 -1.004182 0.000000
vt 0.000000 0.000000 0.000000
vt 0.821444 -1.056092 0.000000
vt 0.960233 -1.004183 0.000000
vt 0.000000 0.000000 0.000000
vt 0.179165 0.000000 0.000000
vt -0.781069 1.004181 0.000000
vt 0.000000 0.000000 0.000000
vt -0.821443 1.056093 0.000000
vt -0.960231 1.004184 0.000000
vt 0.000000 0.000000 0.000000
vt -0.141421 0.044237 0.000000
vt -0.000000 -5.700000 0.000000
vt 0.000000 0.000000 0.000000
vt -0.000000 -5.788474 0.000000
vt 0.141421 -5.744237 0.000000
vt 0.000000 0.000000 0.000000
vt -0.179165 0.000000 0.000000
vt -0.821446 -1.056091 0.000000
vt 0.000000 0.000000 0.000000
vt -0.781066 -1.004184 0.000000
vt -0.642277 -1.056093 0.000000
vt 0.000000 0.000000 0.000000
vt -0.199999 0.000000 0.000000
vt 0.000000 -0.855763 0.000000
vt 0.000000 0.000000 0.000000
vt 0.000000 -0.855763 0.000000
vt 0.199999 -0.855763 0.000000
vt 0.000000 0.000000 0.000000
vt -0.199999 0.000000 0.000000
vt -0.000000 -5.788474 0.000000
vt 0.000000 0.000000 0.000000
vt -0.000000 -5.788474 0.000000
vt 0.199999 -5.788474 0.000000
vt 0.000000 0.000000 0.000000
vt -0.199999 -0.000000 0.000000
vt 0.000000 -0.855763 0.000000
vt 0.000000 0.000000 0.000000
vt 0.000000 -0.855763 0.000000
vt 0.199999 -0.855763 0.000000
vt 0.000000 0.000000 0.000000
vt 0.346410 -0.200000 0.000000
vt 0.160933 0.078744 0.000000
vt 0.000000 0.000000 0.000000
vt -0.012272 0.178744 0.000000
vt -0.185477 0.278744 0.000000
vt 0.000000 0.000000 0.000000
vt 0.173205 -0.100000 0.000000
vt 0.470670 0.815224 0.000000
vt 0.000000 0.000000 0.000000
vt 0.470669 0.815223 0.000000
vt 0.297465 0.915224 0.000000
vt 0.000000 0.000000 0.000000
vt -0.000000 -0.855763 0.000000
vt 0.941338 0.000000 0.000000
vt 0.000000 0.000000 0.000000
vt 0.346410 0.200000 0.000000
vt 0.012272 0.178744 0.000000
vt 0.000000 0.000000 0.000000
vt -0.160933 0.078744 0.000000
vt -0.334138 -0.021256 0.000000
vt 0.000000 0.000000 0.000000
vt 0.173205 0.100000 0.000000
vt -0.470669 0.815223 0.000000
vt 0.000000 0.000000 0.000000
vt -0.470670 0.815224 0.000000
vt -0.643874 0.715224 0.000000
vt 0.000000 0.000000 0.000000
vt -0.941340 0.000000 0.000000
vt 0.000000 -0.855763 0.000000
vt 0.000000 0.000000 0.000000
vt -0.306884 -0.627551 0.000000
vt -0.024041 -0.627551 0.000000
vt 0.000000 0.000000 0.000000
vt 0.024871 -0.649191 0.000000
vt 0.282843 0.000000 0.000000
vt 0.000000 0.000000 0.000000
vt -0.257972 -0.649191 0.000000
vt 0.024041 -0.627551 0.000000
vt 0.000000 0.000000 0.000000
vt 0.074757 -0.645352 0.000000
vt 0.282003 0.021767 0.000000
vt 0.000000 0.000000 0.000000
vt -0.207246 -0.667118 0.000000
vt 0.072266 -0.623840 0.000000
vt 0.000000 0.000000 0.000000
vt 0.125069 -0.637514 0.000000
vt 0.279433 0.043786 0.000000
vt 0.000000 0.000000 0.000000
vt -0.154364 -0.681300 0.000000
vt 0.120900 -0.616264 0.000000
vt 0.000000 0.000000 0.000000
vt 0.176057 -0.625357 0.000000
vt 0.274994 0.066170 0.000000
vt 0.000000 0.000000 0.000000
vt -0.098937 -0.691527 0.000000
vt 0.170188 -0.604512 0.000000
vt 0.000000 0.000000 0.000000
vt 0.227905 -0.608380 0.000000
vt 0.268472 0.089010 0.000000
vt 0.000000 0.000000 0.000000
vt -0.040567 -0.697390 0.000000
vt 0.220308 -0.588101 0.000000
vt 0.000000 0.000000 0.000000
vt 0.280693 -0.585900 0.000000
vt 0.259572 0.112349 0.000000
vt 0.000000 0.000000 0.000000
vt 0.021121 -0.698249 0.000000
vt 0.271336 -0.566370 0.000000
vt 0.000000 0.000000 0.000000
vt 0.334325 -0.557040 0.000000
vt 0.247910 0.136163 0.000000
vt 0.000000 0.000000 0.000000
vt 0.086415 -0.693203 0.000000
vt 0.323181 -0.538472 0.000000
vt 0.000000 0.000000 0.000000
vt 0.388444 -0.520747 0.000000
vt 0.233023 0.160312 0.000000
vt 0.000000 0.000000 0.000000
vt 0.155421 -0.681060 0.000000
vt 0.375496 -0.503389 0.000000
vt 0.000000 0.000000 0.000000
vt 0.442304 -0.475851 0.000000
vt 0.214389 0.184492 0.000000
vt 0.000000 0.000000 0.000000
vt 0.227914 -0.660344 0.000000
vt 0.427560 -0.459990 0.000000
vt 0.000000 0.000000 0.000000
vt 0.494633 -0.421195 0.000000
vt 0.191484 0.208169 0.000000
vt 0.000000 0.000000 0.000000
vt 0.303150 -0.629364 0.000000
vt 0.478145 -0.407155 0.000000
vt 0.000000 0.000000 0.000000
vt 0.543523 -0.355879 0.000000
vt 0.163883 0.230526 0.000000
vt 0.000000 0.000000 0.000000
vt 0.379640 -0.586406 0.000000
vt 0.525405 -0.344017 0.000000
vt 0.000000 0.000000 0.000000
vt 0.586407 -0.279631 0.000000
vt 0.131426 0.250454 0.000000
vt 0.000000 0.000000 0.000000
vt 0.454981 -0.530085 0.000000
vt 0.566860 -0.270310 0.000000
vt 0.000000 0.000000 0.000000
vt 0.620267 -0.193226 0.000000
vt 0.094400 0.266625 0.000000
vt 0.000000 0.000000 0.000000
vt 0.525867 -0.459850 0.000000
vt 0.599591 -0.186785 0.000000
vt 0.000000 0.000000 0.000000
vt 0.642105 -0.098831 0.000000
vt 0.053698 0.277699 0.000000
vt 0.000000 0.000000 0.000000
vt 0.588407 -0.376530 0.000000
vt 0.620702 -0.095537 0.000000
vt 0.000000 0.000000 0.000000
vt 0.649668 -0.000000 0.000000
vt 0.010828 0.282635 0.000000
vt 0.000000 0.000000 0.000000
vt 0.638840 -0.282635 0.000000
vt 0.628011 0.000000 0.000000
vt 0.000000 0.000000 0.000000
vt 0.642105 0.098831 0.000000
vt -0.032295 0.280993 0.000000
vt 0.000000 0.000000 0.000000
vt 0.674400 -0.182161 0.000000
vt 0.620702 0.095537 0.000000
vt 0.000000 0.000000 0.000000
vt 0.620267 0.193226 0.000000
vt -0.073724 0.273065 0.000000
vt 0.000000 0.000000 0.000000
vt 0.693991 -0.079840 0.000000
vt 0.599591 0.186785 0.000000
vt 0.000000 0.000000 0.000000
vt 0.586407 0.279631 0.000000
vt -0.111879 0.259775 0.000000
vt 0.000000 0.000000 0.000000
vt 0.698286 0.019856 0.000000
vt 0.566861 0.270310 0.000000
vt 0.000000 0.000000 0.000000
vt 0.543523 0.355879 0.000000
vt -0.145765 0.242389 0.000000
vt 0.000000 0.000000 0.000000
vt 0.689288 0.113491 0.000000
vt 0.525404 0.344017 0.000000
vt 0.000000 0.000000 0.000000
vt 0.494633 0.421195 0.000000
vt -0.174996 0.222209 0.000000
vt 0.000000 0.000000 0.000000
vt 0.669629 0.198986 0.000000
vt 0.478145 0.407155 0.000000
vt 0.000000 0.000000 0.000000
vt 0.442304 0.475851 0.000000
vt -0.199646 0.200353 0.000000
vt 0.000000 0.000000 0.000000
vt 0.641950 0.275498 0.000000
vt 0.427561 0.459990 0.000000
vt 0.000000 0.000000 0.000000
vt 0.388444 0.520748 0.000000
vt -0.220075 0.177671 0.000000
vt 0.000000 0.000000 0.000000
vt 0.608519 0.343077 0.000000
vt 0.375495 0.503389 0.000000
vt 0.000000 0.000000 0.000000
vt 0.334325 0.557041 0.000000
vt -0.236767 0.154731 0.000000
vt 0.000000 0.000000 0.000000
vt 0.571092 0.402309 0.000000
vt 0.323181 0.538472 0.000000
vt 0.000000 0.000000 0.000000
vt 0.280692 0.585900 0.000000
vt -0.250216 0.131879 0.000000
vt 0.000000 0.000000 0.000000
vt 0.530908 0.454021 0.000000
vt 0.271335 0.566370 0.000000
vt 0.000000 0.000000 0.000000
vt 0.227905 0.608380 0.000000
vt -0.260876 0.109289 0.000000
vt 0.000000 0.000000 0.000000
vt 0.488781 0.499091 0.000000
vt 0.220308 0.588101 0.000000
vt 0.000000 0.000000 0.000000
vt 0.176057 0.625357 0.000000
vt -0.269125 0.087016 0.000000
vt 0.000000 0.000000 0.000000
vt 0.445182 0.538341 0.000000
vt 0.170189 0.604512 0.000000
vt 0.000000 0.000000 0.000000
vt 0.125069 0.637514 0.000000
vt -0.275264 0.065036 0.000000
vt 0.000000 0.000000 0.000000
vt 0.400333 0.572478 0.000000
vt 0.120901 0.616264 0.000000
vt 0.000000 0.000000 0.000000
vt 0.074756 0.645352 0.000000
vt -0.279512 0.043278 0.000000
vt 0.000000 0.000000 0.000000
vt 0.354268 0.602073 0.000000
vt 0.072264 0.623840 0.000000
vt 0.000000 0.000000 0.000000
vt 0.024871 0.649191 0.000000
vt -0.282013 0.021639 0.000000
vt 0.000000 0.000000 0.000000
vt 0.306884 0.627551 0.000000
vt 0.024041 0.627551 0.000000
vt 0.000000 0.000000 0.000000
vt -0.024871 0.649190 0.000000
vt -0.282843 -0.000000 0.000000
vt 0.000000 0.000000 0.000000
vt 0.257972 0.649190 0.000000
vt -0.024041 0.627551 0.000000
vt 0.000000 0.000000 0.000000
vt -0.074756 0.645352 0.000000
vt -0.282004 -0.021766 0.000000
vt 0.000000 0.000000 0.000000
vt 0.207247 0.667118 0.000000
vt -0.072264 0.623840 0.000000
vt 0.000000 0.000000 0.000000
vt -0.125069 0.637514 0.000000
vt -0.279433 -0.043786 0.000000
vt 0.000000 0.000000 0.000000
vt 0.154363 0.681300 0.000000
vt -0.120901 0.616264 0.000000
vt 0.000000 0.000000 0.000000
vt -0.176057 0.625357 0.000000
vt -0.274993 -0.066170 0.000000
vt 0.000000 0.000000 0.000000
vt 0.098936 0.691527 0.000000
vt -0.170189 0.604512 0.000000
vt 0.000000 0.000000 0.000000
vt -0.227905 0.608380 0.000000
vt -0.268472 -0.089009 0.000000
vt 0.000000 0.000000 0.000000
vt 0.040567 0.697389 0.000000
vt -0.220308 0.588101 0.000000
vt 0.000000 0.000000 0.000000
vt -0.280692 0.585901 0.000000
vt -0.259572 -0.112349 0.000000
vt 0.000000 0.000000 0.000000
vt -0.021120 0.698250 0.000000
vt -0.271336 0.566370 0.000000
vt 0.000000 0.000000 0.000000
vt -0.334326 0.557040 0.000000
vt -0.247911 -0.136163 0.000000
vt 0.000000 0.000000 0.000000
vt -0.086414 0.693203 0.000000
vt -0.323181 0.538472 0.000000
vt 0.000000 0.000000 0.000000
vt -0.388444 0.520748 0.000000
vt -0.233024 -0.160312 0.000000
vt 0.000000 0.000000 0.000000
vt -0.155420 0.681060 0.000000
vt -0.375495 0.503390 0.000000
vt 0.000000 0.000000 0.000000
vt -0.442303 0.475851 0.000000
vt -0.214389 -0.184492 0.000000
vt 0.000000 0.000000 0.000000
vt -0.227916 0.660343 0.000000
vt -0.427562 0.459989 0.000000
vt 0.000000 0.000000 0.000000
vt -0.494633 0.421195 0.000000
vt -0.191483 -0.208169 0.000000
vt 0.000000 0.000000 0.000000
vt -0.303149 0.629364 0.000000
vt -0.478145 0.407155 0.000000
vt 0.000000 0.000000 0.000000
vt -0.543523 0.355879 0.000000
vt -0.163883 -0.230527 0.000000
vt 0.000000 0.000000 0.000000
vt -0.379640 0.586406 0.000000
vt -0.525405 0.344016 0.000000
vt 0.000000 0.000000 0.000000
vt -0.586407 0.279630 0.000000
vt -0.131425 -0.250454 0.000000
vt 0.000000 0.000000 0.000000
vt -0.454982 0.530085 0.000000
vt -0.566861 0.270310 0.000000
vt 0.000000 0.000000 0.000000
vt -0.620267 0.193227 0.000000
vt -0.094400 -0.266625 0.000000
vt 0.000000 0.000000 0.000000
vt -0.525867 0.459851 0.000000
vt -0.599591 0.186786 0.000000
vt 0.000000 0.000000 0.000000
vt -0.642105 0.098831 0.000000
vt -0.053698 -0.277699 0.000000
vt 0.000000 0.000000 0.000000
vt -0.588407 0.376530 0.000000
vt -0.620702 0.095537 0.000000
vt 0.000000 0.000000 0.000000
vt -0.649668 0.000000 0.000000
vt -0.010829 -0.282635 0.000000
vt 0.000000 0.000000 0.000000
vt -0.638839 0.282635 0.000000
vt -0.628011 0.000000 0.000000
vt 0.000000 0.000000 0.000000
vt -0.642105 -0.098831 0.000000
vt 0.032295 -0.280993 0.000000
vt 0.000000 0.000000 0.000000
vt -0.674400 0.182161 0.000000
vt -0.620702 -0.095537 0.000000
vt 0.000000 0.000000 0.000000
vt -0.620267 -0.193227 0.000000
vt 0.073724 -0.273065 0.000000
vt 0.000000 0.000000 0.000000
vt -0.693991 0.079839 0.000000
vt -0.599591 -0.186786 0.000000
vt 0.000000 0.000000 0.000000
vt -0.586407 -0.279631 0.000000
vt 0.111879 -0.259775 0.000000
vt 0.000000 0.000000 0.000000
vt -0.698286 -0.019855 0.000000
vt -0.566860 -0.270310 0.000000
vt 0.000000 0.000000 0.000000
vt -0.543523 -0.355879 0.000000
vt 0.145765 -0.242389 0.000000
vt 0.000000 0.000000 0.000000
vt -0.689288 -0.113490 0.000000
vt -0.525405 -0.344017 0.000000
vt 0.000000 0.000000 0.000000
vt -0.494634 -0.421195 0.000000
vt 0.174996 -0.222209 0.000000
vt 0.000000 0.000000 0.000000
vt -0.669629 -0.198986 0.000000
vt -0.478145 -0.407155 0.000000
vt 0.000000 0.000000 0.000000
vt -0.442304 -0.475852 0.000000
vt 0.199646 -0.200354 0.000000
vt 0.000000 0.000000 0.000000
vt -0.641950 -0.275498 0.000000
vt -0.427561 -0.459989 0.000000
vt 0.000000 0.000000 0.000000
vt -0.388443 -0.520748 0.000000
vt 0.220076 -0.177670 0.000000
vt 0.000000 0.000000 0.000000
vt -0.608519 -0.343078 0.000000
vt -0.375496 -0.503389 0.000000
vt 0.000000 0.000000 0.000000
vt -0.334325 -0.557039 0.000000
vt 0.236766 -0.154731 0.000000
vt 0.000000 0.000000 0.000000
vt -0.571091 -0.402309 0.000000
vt -0.323181 -0.538472 0.000000
vt 0.000000 0.000000 0.000000
vt -0.280693 -0.585901 0.000000
vt 0.250215 -0.131879 0.000000
vt 0.000000 0.000000 0.000000
vt -0.530908 -0.454021 0.000000
vt -0.271336 -0.566370 0.000000
vt 0.000000 0.000000 0.000000
vt -0.227905 -0.608380 0.000000
vt 0.260875 -0.109289 0.000000
vt 0.000000 0.000000 0.000000
vt -0.488780 -0.499092 0.000000
vt -0.220308 -0.588101 0.000000
vt 0.000000 0.000000 0.000000
vt -0.176057 -0.625357 0.000000
vt 0.269125 -0.087015 0.000000
vt 0.000000 0.000000 0.000000
vt -0.445182 -0.538342 0.000000
vt -0.170188 -0.604512 0.000000
vt 0.000000 0.000000 0.000000
vt -0.125069 -0.637514 0.000000
vt 0.275264 -0.065036 0.000000
vt 0.000000 0.000000 0.000000
vt -0.400333 -0.572478 0.000000
vt -0.120900 -0.616264 0.000000
vt 0.000000 0.000000 0.000000
vt -0.074757 -0.645352 0.000000
vt 0.279512 -0.043278 0.000000
vt 0.000000 0.000000 0.000000
vt -0.354269 -0.602073 0.000000
vt -0.072266 -0.623839 0.000000
vt 0.000000 0.000000 0.000000
vt -0.024871 -0.649190 0.000000
vt 0.282013 -0.021639 0.000000
vt 0.000000 0.000000 0.000000
vt -0.110356 0.088440 0.000000
vt -0.128910 -0.165693 0.000000
vt 0.000000 0.000000 0.000000
vt 0.006460 0.254728 0.000000
vt -0.204429 -0.315643 0.000000
vt 0.000000 0.000000 0.000000
vt -0.349743 -0.484013 0.000000
vt -0.231877 -0.562165 0.000000
vt 0.000000 0.000000 0.000000
vt -0.119164 0.076157 0.000000
vt -0.116584 -0.188692 0.000000
vt 0.000000 0.000000 0.000000
vt -0.151988 -0.588809 0.000000
vt 0.013741 -0.264505 0.000000
vt 0.000000 0.000000 0.000000
vt -0.297529 -0.517751 0.000000
vt -0.172177 -0.583225 0.000000
vt 0.000000 0.000000 0.000000
vt -0.126133 0.063958 0.000000
vt -0.102321 -0.210077 0.000000
vt 0.000000 0.000000 0.000000
vt -0.096469 -0.600409 0.000000
vt 0.033686 -0.272997 0.000000
vt 0.000000 0.000000 0.000000
vt -0.245905 -0.544169 0.000000
vt -0.114793 -0.597176 0.000000
vt 0.000000 0.000000 0.000000
vt -0.131536 0.051945 0.000000
vt -0.086324 -0.229863 0.000000
vt 0.000000 0.000000 0.000000
vt -0.044185 -0.606502 0.000000
vt 0.053510 -0.280351 0.000000
vt 0.000000 0.000000 0.000000
vt -0.195182 -0.564352 0.000000
vt -0.059777 -0.605164 0.000000
vt 0.000000 0.000000 0.000000
vt -0.135604 0.040145 0.000000
vt -0.068696 -0.248070 0.000000
vt 0.000000 0.000000 0.000000
vt 0.005211 -0.608087 0.000000
vt 0.073388 -0.286633 0.000000
vt 0.000000 0.000000 0.000000
vt -0.145403 -0.579178 0.000000
vt -0.006964 -0.608069 0.000000
vt 0.000000 0.000000 0.000000
vt -0.138512 0.028538 0.000000
vt -0.049454 -0.264693 0.000000
vt 0.000000 0.000000 0.000000
vt 0.052171 -0.605867 0.000000
vt 0.093520 -0.291839 0.000000
vt 0.000000 0.000000 0.000000
vt -0.096441 -0.589311 0.000000
vt 0.043930 -0.606520 0.000000
vt 0.000000 0.000000 0.000000
vt -0.140387 0.017076 0.000000
vt -0.028552 -0.279686 0.000000
vt 0.000000 0.000000 0.000000
vt 0.097176 -0.600295 0.000000
vt 0.114115 -0.295893 0.000000
vt 0.000000 0.000000 0.000000
vt -0.048067 -0.595213 0.000000
vt 0.093240 -0.600919 0.000000
vt 0.000000 0.000000 0.000000
vt -0.141307 0.005688 0.000000
vt -0.005894 -0.292947 0.000000
vt 0.000000 0.000000 0.000000
vt 0.000000 -0.597151 0.000000
vt 0.135546 -0.298575 0.000000
vt 0.000000 0.000000 0.000000
vt -0.135413 -0.298636 0.000000
vt 0.005894 -0.292948 0.000000
vt 0.000000 0.000000 0.000000
vt 0.159963 -0.298604 0.000000
vt 0.141307 0.005698 0.000000
vt 0.000000 0.000000 0.000000
vt 0.045943 -0.595380 0.000000
vt 0.159038 -0.299097 0.000000
vt 0.000000 0.000000 0.000000
vt -0.111834 -0.296762 0.000000
vt 0.028552 -0.279686 0.000000
vt 0.000000 0.000000 0.000000
vt 0.185638 -0.296327 0.000000
vt 0.140376 0.017161 0.000000
vt 0.000000 0.000000 0.000000
vt 0.092280 -0.589977 0.000000
vt 0.183763 -0.297493 0.000000
vt 0.000000 0.000000 0.000000
vt -0.089057 -0.293232 0.000000
vt 0.049454 -0.264693 0.000000
vt 0.000000 0.000000 0.000000
vt 0.212563 -0.291366 0.000000
vt 0.138463 0.028774 0.000000
vt 0.000000 0.000000 0.000000
vt 0.139384 -0.580656 0.000000
vt 0.209887 -0.293299 0.000000
vt 0.000000 0.000000 0.000000
vt -0.066908 -0.288215 0.000000
vt 0.068696 -0.248070 0.000000
vt 0.000000 0.000000 0.000000
vt 0.240814 -0.283158 0.000000
vt 0.135468 0.040603 0.000000
vt 0.000000 0.000000 0.000000
vt 0.187583 -0.566923 0.000000
vt 0.237533 -0.285916 0.000000
vt 0.000000 0.000000 0.000000
vt -0.045212 -0.281808 0.000000
vt 0.086324 -0.229864 0.000000
vt 0.000000 0.000000 0.000000
vt 0.270378 -0.271006 0.000000
vt 0.131239 0.052690 0.000000
vt 0.000000 0.000000 0.000000
vt 0.237112 -0.548057 0.000000
vt 0.266739 -0.274589 0.000000
vt 0.000000 0.000000 0.000000
vt -0.023812 -0.274035 0.000000
vt 0.102321 -0.210077 0.000000
vt 0.000000 0.000000 0.000000
vt 0.301110 -0.254063 0.000000
vt 0.125577 0.065042 0.000000
vt 0.000000 0.000000 0.000000
vt 0.288046 -0.523085 0.000000
vt 0.297405 -0.258389 0.000000
vt 0.000000 0.000000 0.000000
vt -0.002580 -0.264849 0.000000
vt 0.116584 -0.188692 0.000000
vt 0.000000 0.000000 0.000000
vt 0.332645 -0.231333 0.000000
vt 0.118224 0.077609 0.000000
vt 0.000000 0.000000 0.000000
vt 0.340183 -0.490780 0.000000
vt 0.329202 -0.236207 0.000000
vt 0.000000 0.000000 0.000000
vt 0.018554 -0.254133 0.000000
vt 0.128910 -0.165694 0.000000
vt 0.000000 0.000000 0.000000
vt 0.325744 -0.160429 0.000000
vt 0.109028 0.090071 0.000000
vt 0.000000 0.000000 0.000000
vt -0.323994 0.163933 0.000000
vt 0.028344 -0.241340 0.000000
vt 0.000000 0.000000 0.000000
vt 0.024106 0.241800 0.000000
vt -0.209628 -0.256461 0.000000
vt 0.000000 0.000000 0.000000
vt -0.359055 -0.399335 0.000000
vt -0.250541 -0.490025 0.000000
vt 0.000000 0.000000 0.000000
vt 0.000000 8.576548 0.000000
vt -0.141420 0.197608 0.000000
vt 0.000000 0.000000 0.000000
vt -0.141420 -0.197607 0.000000
vt -0.141420 -8.378940 0.000000
vt 0.000000 0.000000 0.000000
vt 0.110356 -0.088439 0.000000
vt 0.128910 0.165694 0.000000
vt 0.000000 0.000000 0.000000
vt -0.006460 -0.254728 0.000000
vt 0.204429 0.315643 0.000000
vt 0.000000 0.000000 0.000000
vt 0.349741 0.484014 0.000000
vt 0.231876 0.562166 0.000000
vt 0.000000 0.000000 0.000000
vt 0.119164 -0.076157 0.000000
vt 0.116584 0.188692 0.000000
vt 0.000000 0.000000 0.000000
vt 0.151984 0.588810 0.000000
vt -0.013742 0.264505 0.000000
vt 0.000000 0.000000 0.000000
vt 0.297530 0.517750 0.000000
vt 0.172177 0.583225 0.000000
vt 0.000000 0.000000 0.000000
vt 0.126133 -0.063958 0.000000
vt 0.102321 0.210077 0.000000
vt 0.000000 0.000000 0.000000
vt 0.096469 0.600409 0.000000
vt -0.033686 0.272997 0.000000
vt 0.000000 0.000000 0.000000
vt 0.245904 0.544169 0.000000
vt 0.114793 0.597176 0.000000
vt 0.000000 0.000000 0.000000
vt 0.131536 -0.051945 0.000000
vt 0.086324 0.229864 0.000000
vt 0.000000 0.000000 0.000000
vt 0.044185 0.606502 0.000000
vt -0.053510 0.280351 0.000000
vt 0.000000 0.000000 0.000000
vt 0.195183 0.564352 0.000000
vt 0.059779 0.605164 0.000000
vt 0.000000 0.000000 0.000000
vt 0.135604 -0.040145 0.000000
vt 0.068697 0.248070 0.000000
vt 0.000000 0.000000 0.000000
vt -0.005210 0.608086 0.000000
vt -0.073388 0.286633 0.000000
vt 0.000000 0.000000 0.000000
vt 0.145404 0.579178 0.000000
vt 0.006965 0.608069 0.000000
vt 0.000000 0.000000 0.000000
vt 0.138512 -0.028538 0.000000
vt 0.049454 0.264693 0.000000
vt 0.000000 0.000000 0.000000
vt -0.052170 0.605867 0.000000
vt -0.093520 0.291839 0.000000
vt 0.000000 0.000000 0.000000
vt 0.096440 0.589312 0.000000
vt -0.043931 0.606520 0.000000
vt 0.000000 0.000000 0.000000
vt 0.140386 -0.017075 0.000000
vt 0.028552 0.279686 0.000000
vt 0.000000 0.000000 0.000000
vt -0.097177 0.600294 0.000000
vt -0.114115 0.295892 0.000000
vt 0.000000 0.000000 0.000000
vt 0.048067 0.595213 0.000000
vt -0.093239 0.600919 0.000000
vt 0.000000 0.000000 0.000000
vt 0.141307 -0.005688 0.000000
vt 0.005894 0.292948 0.000000
vt 0.000000 0.000000 0.000000
vt -0.000000 0.597151 0.000000
vt -0.135546 0.298576 0.000000
vt 0.000000 0.000000 0.000000
vt 0.135413 0.298636 0.000000
vt -0.005894 0.292947 0.000000
vt 0.000000 0.000000 0.000000
vt -0.159962 0.298604 0.000000
vt -0.141306 -0.005698 0.000000
vt 0.000000 0.000000 0.000000
vt -0.045943 0.595381 0.000000
vt -0.159038 0.299097 0.000000
vt 0.000000 0.000000 0.000000
vt 0.111834 0.296762 0.000000
vt -0.028552 0.279686 0.000000
vt 0.000000 0.000000 0.000000
vt -0.185638 0.296327 0.000000
vt -0.140376 -0.017161 0.000000
vt 0.000000 0.000000 0.000000
vt -0.092279 0.589977 0.000000
vt -0.183763 0.297493 0.000000
vt 0.000000 0.000000 0.000000
vt 0.089058 0.293232 0.000000
vt -0.049454 0.264693 0.000000
vt 0.000000 0.000000 0.000000
vt -0.212564 0.291366 0.000000
vt -0.138463 -0.028774 0.000000
vt 0.000000 0.000000 0.000000
vt -0.139385 0.580656 0.000000
vt -0.209888 0.293299 0.000000
vt 0.000000 0.000000 0.000000
vt 0.066907 0.288215 0.000000
vt -0.068696 0.248070 0.000000
vt 0.000000 0.000000 0.000000
vt -0.240814 0.283158 0.000000
vt -0.135467 -0.040602 0.000000
vt 0.000000 0.000000 0.000000
vt -0.187583 0.566924 0.000000
vt -0.237533 0.285917 0.000000
vt 0.000000 0.000000 0.000000
vt 0.045212 0.281808 0.000000
vt -0.086324 0.229863 0.000000
vt 0.000000 0.000000 0.000000
vt -0.270379 0.271006 0.000000
vt -0.131239 -0.052690 0.000000
vt 0.000000 0.000000 0.000000
vt -0.237112 0.548057 0.000000
vt -0.266739 0.274589 0.000000
vt 0.000000 0.000000 0.000000
vt 0.023812 0.274035 0.000000
vt -0.102321 0.210077 0.000000
vt 0.000000 0.000000 0.000000
vt -0.301110 0.254062 0.000000
vt -0.125577 -0.065042 0.000000
vt 0.000000 0.000000 0.000000
vt -0.288045 0.523087 0.000000
vt -0.297404 0.258390 0.000000
vt 0.000000 0.000000 0.000000
vt 0.002580 0.264850 0.000000
vt -0.116584 0.188692 0.000000
vt 0.000000 0.000000 0.000000
vt -0.332644 0.231333 0.000000
vt -0.118223 -0.077609 0.000000
vt 0.000000 0.000000 0.000000
vt -0.340182 0.490780 0.000000
vt -0.329201 0.236207 0.000000
vt 0.000000 0.000000 0.000000
vt -0.018554 0.254133 0.000000
vt -0.128910 0.165694 0.000000
vt 0.000000 0.000000 0.000000
vt -0.325744 0.160429 0.000000
vt -0.109028 -0.090071 0.000000
vt 0.000000 0.000000 0.000000
vt 0.323994 -0.163934 0.000000
vt -0.028343 0.241341 0.000000
vt 0.000000 0.000000 0.000000
vt -0.024105 -0.241801 0.000000
vt 0.209628 0.256461 0.000000
vt 0.000000 0.000000 0.000000
vt 0.359054 0.399336 0.000000
vt 0.250540 0.490026 0.000000
vt 0.000000 0.000000 0.000000
vt 0.000000 -8.576548 0.000000
vt 0.141421 -0.197607 0.000000
vt 0.000000 0.000000 0.000000
vt 0.141421 0.197608 0.000000
vt 0.141421 8.378940 0.000000
vt 0.000000 0.000000 0.000000
vt 1.078730 -0.341340 0.000000
vt 0.349035 0.170068 0.000000
vt 0.000000 0.000000 0.000000
vt 0.729694 -0.511408 0.000000
vt 0.424217 0.165260 0.000000
vt 0.000000 0.000000 0.000000
vt 0.000000 0.450000 0.000000
vt -0.305477 0.676669 0.000000
vt 0.000000 0.000000 0.000000
vt 0.305477 -0.226669 0.000000
vt 0.305477 -0.126669 0.000000
vt 0.000000 0.000000 0.000000
vt 0.500000 0.100000 0.000000
vt 0.000000 0.100000 0.000000
vt 0.000000 0.000000 0.000000
vt 0.000000 1.100000 0.000000
vt -0.500000 0.000000 0.000000
vt 0.000000 0.000000 0.000000
vt -0.500000 0.000000 0.000000
vt -0.500000 -1.100000 0.000000
vt 0.000000 0.000000 0.000000
vt -0.000000 1.100000 0.000000
vt -1.078730 5.091340 0.000000
vt 0.000000 0.000000 0.000000
vt 0.000000 0.450000 0.000000
vt -1.078730 3.991340 0.000000
vt 0.000000 0.000000 0.000000
vt 1.078730 -3.541340 0.000000
vt 1.078730 -0.341340 0.000000
vt 0.000000 0.000000 0.000000
vt 0.500000 3.200000 0.000000
vt -0.000000 3.200000 0.000000
vt 0.000000 0.000000 0.000000
vt -1.078730 5.091340 0.000000
vt 0.000000 -0.450000 0.000000
vt 0.000000 0.000000 0.000000
vt -1.078730 5.541340 0.000000
vt -0.000000 -3.200000 0.000000
vt 0.000000 0.000000 0.000000
vt 0.000000 -9.082680 0.000000
vt 1.078730 -8.741340 0.000000
vt 0.000000 0.000000 0.000000
vt -1.078730 -0.341340 0.000000
vt 0.000000 -0.450000 0.000000
vt 0.000000 0.000000 0.000000
vt 1.078730 -0.208660 0.000000
vt 1.078730 -0.108660 0.000000
vt 0.000000 0.000000 0.000000
vt -0.000000 -0.100000 0.000000
vt 0.500000 -0.000000 0.000000
vt 0.000000 0.000000 0.000000
vt 0.500000 0.000000 0.000000
vt 0.500000 0.100000 0.000000
vt 0.000000 0.000000 0.000000
vt -0.000000 -3.200000 0.000000
vt 0.500000 -0.000000 0.000000
vt 0.000000 0.000000 0.000000
vt 0.500000 -0.000000 0.000000
vt 0.500000 3.200000 0.000000
vt 0.000000 0.000000 0.000000
vt -0.500000 -0.100000 0.000000
vt -0.000000 -0.100000 0.000000
vt 0.000000 0.000000 0.000000
vt -0.500000 -3.200000 0.000000
vt -0.000000 -3.200000 0.000000
vt 0.000000 0.000000 0.000000
vt -0.000000 0.219909 0.000000
vt -0.305477 0.093241 0.000000
vt 0.000000 0.000000 0.000000
vt 0.305477 0.126669 0.000000
vt -0.424217 0.165260 0.000000
vt 0.000000 0.000000 0.000000
vt -1.078730 0.208660 0.000000
vt -0.729694 0.038591 0.000000
vt 0.000000 0.000000 0.000000
vt 0.305477 -0.126669 0.000000
vt 0.305477 0.093240 0.000000
vt 0.000000 0.000000 0.000000
vt 0.132381 -0.077584 0.000000
vt 0.372147 0.263280 0.000000
vt 0.000000 0.000000 0.000000
vt 0.319674 0.220358 0.000000
vt 0.242542 0.338895 0.000000
vt 0.000000 0.000000 0.000000
vt 0.072105 -0.121659 0.000000
vt 0.406456 0.224037 0.000000
vt 0.000000 0.000000 0.000000
vt 0.398713 0.219771 0.000000
vt 0.334350 0.345697 0.000000
vt 0.000000 0.000000 0.000000
vt 0.057942 -0.129007 0.000000
vt 0.421380 0.173920 0.000000
vt 0.000000 0.000000 0.000000
vt 0.291812 0.129830 0.000000
vt 0.357763 0.309607 0.000000
vt 0.000000 0.000000 0.000000
vt 0.000000 -9.201744 0.000000
vt 0.141421 -0.059532 0.000000
vt 0.000000 0.000000 0.000000
vt 0.141421 0.059532 0.000000
vt 0.141421 9.142212 0.000000
vt 0.000000 0.000000 0.000000
vt -0.067974 0.179021 0.000000
vt -0.420092 0.177009 0.000000
vt 0.000000 0.000000 0.000000
vt -0.293226 0.126605 0.000000
vt -0.352118 -0.001971 0.000000
vt 0.000000 0.000000 0.000000
vt 0.064363 0.125926 0.000000
vt -0.406455 0.224038 0.000000
vt 0.000000 0.000000 0.000000
vt -0.398713 0.219770 0.000000
vt -0.470818 0.098111 0.000000
vt 0.000000 0.000000 0.000000
vt 0.077462 0.118321 0.000000
vt -0.373552 0.261283 0.000000
vt 0.000000 0.000000 0.000000
vt -0.318283 0.222362 0.000000
vt -0.450515 0.144525 0.000000
vt 0.000000 0.000000 0.000000
vt -0.000000 0.249019 0.000000
vt -0.141421 0.129110 0.000000
vt 0.000000 0.000000 0.000000
vt -0.141421 0.100000 0.000000
vt -0.141421 -0.119909 0.000000
vt 0.000000 0.000000 0.000000
vt 0.500000 -0.000000 0.000000
vt -0.100000 0.141421 0.000000
vt 0.000000 0.000000 0.000000
vt -0.100000 0.141422 0.000000
vt -0.600000 0.141422 0.000000
vt 0.000000 0.000000 0.000000
vt 0.000000 0.300000 0.000000
vt -0.141422 0.100000 0.000000
vt 0.000000 0.000000 0.000000
vt -0.141422 -0.100000 0.000000
vt -0.141422 -0.200000 0.000000
vt 0.000000 0.000000 0.000000
vt -0.500000 -0.000000 0.000000
vt -0.100000 -0.141422 0.000000
vt 0.000000 0.000000 0.000000
vt -0.099999 -0.141421 0.000000
vt 0.400000 -0.141421 0.000000
vt 0.000000 0.000000 0.000000
vt 0.000000 0.250000 0.000000
vt -0.141421 -0.100000 0.000000
vt 0.000000 0.000000 0.000000
vt -0.141421 0.100000 0.000000
vt -0.141421 -0.350000 0.000000
vt 0.000000 0.000000 0.000000
vt 0.500000 -0.000000 0.000000
vt -0.100000 0.141421 0.000000
vt 0.000000 0.000000 0.000000
vt -0.100000 0.141422 0.000000
vt -0.600000 0.141422 0.000000
vt 0.000000 0.000000 0.000000
vt 0.000000 3.400000 0.000000
vt -0.141422 0.100000 0.000000
vt 0.000000 0.000000 0.000000
vt -0.141422 -0.100000 0.000000
vt -0.141422 -3.300000 0.000000
vt 0.000000 0.000000 0.000000
vt -0.500000 -0.000000 0.000000
vt -0.100000 -0.141421 0.000000
vt 0.000000 0.000000 0.000000
vt -0.099999 -0.141421 0.000000
vt 0.400000 -0.141421 0.000000
vt 0.000000 0.000000 0.000000
vt 0.000000 0.250000 0.000000
vt -0.141421 -0.100000 0.000000
vt 0.000000 0.000000 0.000000
vt -0.141421 0.100000 0.000000
vt -0.141421 -0.350000 0.000000
vt 0.000000 0.000000 0.000000
vt 0.500000 0.000000 0.000000
vt -0.100000 0.141421 0.000000
vt 0.000000 0.000000 0.000000
vt -0.100000 0.141422 0.000000
vt -0.600000 0.141422 0.000000
vt 0.000000 0.000000 0.000000
vt -0.000000 1.300000 0.000000
vt -0.141422 0.100000 0.000000
vt 0.000000 0.000000 0.000000
vt -0.141422 -0.100000 0.000000
vt -0.141422 -1.200000 0.000000
vt 0.000000 0.000000 0.000000
vt -0.500000 -0.000000 0.000000
vt -0.100000 -0.141421 0.000000
vt 0.000000 0.000000 0.000000
vt -0.099999 -0.141421 0.000000
vt 0.400000 -0.141421 0.000000
vt 0.000000 0.000000 0.000000
vt 0.000000 0.250000 0.000000
vt -0.141421 -0.100000 0.000000
vt 0.000000 0.000000 0.000000
vt -0.141421 0.100000 0.000000
vt -0.141421 -0.350000 0.000000
vt 0.000000 0.000000 0.000000
vt 0.500000 0.000000 0.000000
vt -0.100000 0.141421 0.000000
vt 0.000000 0.000000 0.000000
vt -0.100000 0.141422 0.000000
vt -0.600000 0.141422 0.000000
vt 0.000000 0.000000 0.000000
vt 0.000000 3.400000 0.000000
vt -0.141422 0.100000 0.000000
vt 0.000000 0.000000 0.000000
vt -0.141422 -0.100000 0.000000
vt -0.141422 -3.300000 0.000000
vt 0.000000 0.000000 0.000000
vt -0.500000 0.000000 0.000000
vt -0.100000 -0.141421 0.000000
vt 0.000000 0.000000 0.000000
vt -0.099999 -0.141421 0.000000
vt 0.400000 -0.141421 0.000000
vt 0.000000 0.000000 0.000000
vt 0.000000 0.250000 0.000000
vt -0.141421 -0.100000 0.000000
vt 0.000000 0.000000 0.000000
vt -0.141421 0.100000 0.000000
vt -0.141421 -0.350000 0.000000
vt 0.000000 0.000000 0.000000
vt 0.500000 0.000000 0.000000
vt -0.100000 0.141421 0.000000
vt 0.000000 0.000000 0.000000
vt -0.100000 0.141422 0.000000
vt -0.600000 0.141422 0.000000
vt 0.000000 0.000000 0.000000
vt 0.000000 0.300000 0.000000
vt -0.141422 0.100000 0.000000
vt 0.000000 0.000000 0.000000
vt -0.141422 -0.100000 0.000000
vt -0.141422 -0.200000 0.000000
vt 0.000000 0.000000 0.000000
vt -0.500000 -0.000000 0.000000
vt -0.100000 -0.141421 0.000000
vt 0.000000 0.000000 0.000000
vt -0.099999 -0.141421 0.000000
vt 0.400000 -0.141421 0.000000
vt 0.000000 0.000000 0.000000
vt 0.000000 0.249020 0.000000
vt -0.141421 -0.100000 0.000000
vt 0.000000 0.000000 0.000000
vt -0.141421 -0.129111 0.000000
vt -0.141421 -0.349020 0.000000
vt 0.000000 0.000000 0.000000
vt 0.500000 -0.000000 0.000000
vt 0.500000 0.100000 0.000000
vt 0.000000 0.000000 0.000000
vt 1.078729 0.208660 0.000000
vt 0.000000 0.100000 0.000000
vt 0.000000 0.000000 0.000000
vt 1.078729 0.108660 0.000000
vt 0.000000 0.450000 0.000000
vt 0.000000 0.000000 0.000000
vt -1.078729 3.541340 0.000000
vt -1.078729 0.341340 0.000000
vt 0.000000 0.000000 0.000000
vt -0.000000 3.200000 0.000000
vt -0.500000 0.000000 0.000000
vt 0.000000 0.000000 0.000000
vt -0.500000 -0.000000 0.000000
vt -0.500000 -3.200000 0.000000
vt 0.000000 0.000000 0.000000
vt 0.000000 -3.200000 0.000000
vt 0.500000 0.000000 0.000000
vt 0.000000 0.000000 0.000000
vt 0.500000 0.000000 0.000000
vt 0.500000 3.200000 0.000000
vt 0.000000 0.000000 0.000000
vt 0.542212 -4.393744 0.000000
vt 0.482578 -4.368084 0.000000
vt 1.078729 -8.741340 0.000000
vt 0.431562 -4.327934 0.000000
vt 0.392604 -4.276003 0.000000
vt 0.368331 -4.215791 0.000000
vt 0.000000 -3.200000 0.000000
vt 0.360380 -4.151360 0.000000
vt 0.369287 -4.087053 0.000000
vt 0.000000 0.000000 0.000000
vt 0.394451 -4.027209 0.000000
vt 0.434176 -3.975861 0.000000
vt 0.485782 -3.936473 0.000000
vt -0.000000 -0.450000 0.000000
vt 1.078729 -5.541340 0.000000
vt 0.000000 0.000000 0.000000
vt -1.078729 5.091340 0.000000
vt -1.078729 3.991340 0.000000
vt 0.000000 0.000000 0.000000
vt -0.500000 -1.100000 0.000000
vt 0.000000 -1.100000 0.000000
vt 0.000000 0.000000 0.000000
vt 0.500000 1.100000 0.000000
vt 0.000000 1.100000 0.000000
vt 0.000000 0.000000 0.000000
vt 1.078729 0.341340 0.000000
vt -0.000000 0.450000 0.000000
vt 0.000000 0.000000 0.000000
vt -1.078729 0.208660 0.000000
vt -1.078729 0.108660 0.000000
vt 0.000000 0.000000 0.000000
vt 0.000000 0.100000 0.000000
vt -0.500000 -0.000000 0.000000
vt 0.000000 0.000000 0.000000
vt -0.500000 -0.000000 0.000000
vt -0.500000 -0.100000 0.000000
vt 0.000000 0.000000 0.000000
vt -1.078729 3.991340 0.000000
vt -1.078729 3.541340 0.000000
vt 0.000000 0.000000 0.000000
vt -1.078729 -0.208660 0.000000
vt -0.349035 -0.170068 0.000000
vt 0.000000 0.000000 0.000000
vt -0.729694 -0.038591 0.000000
vt -0.424217 -0.165260 0.000000
vt 0.000000 0.000000 0.000000
vt 0.000000 -0.219909 0.000000
vt 0.305477 -0.126669 0.000000
vt 0.000000 0.000000 0.000000
vt 0.000000 -0.219909 0.000000
vt 0.305477 -0.093240 0.000000
vt 0.000000 0.000000 0.000000
vt -0.305477 -0.126669 0.000000
vt 0.424217 -0.165260 0.000000
vt 0.000000 0.000000 0.000000
vt 1.078729 -0.208660 0.000000
vt 0.729694 -0.038592 0.000000
vt 0.000000 0.000000 0.000000
vt 0.500000 0.100000 0.000000
vt 0.000000 0.100000 0.000000
vt 0.000000 0.000000 0.000000
vt 0.067975 -0.179022 0.000000
vt 0.420092 -0.177009 0.000000
vt 0.000000 0.000000 0.000000
vt 0.293226 -0.126604 0.000000
vt 0.352117 0.001971 0.000000
vt 0.000000 0.000000 0.000000
vt -0.064363 -0.125926 0.000000
vt 0.406456 -0.224037 0.000000
vt 0.000000 0.000000 0.000000
vt 0.398714 -0.219770 0.000000
vt 0.470819 -0.098110 0.000000
vt 0.000000 0.000000 0.000000
vt -0.077461 -0.118321 0.000000
vt 0.373552 -0.261282 0.000000
vt 0.000000 0.000000 0.000000
vt 0.318283 -0.222362 0.000000
vt 0.450515 -0.144525 0.000000
vt 0.000000 0.000000 0.000000
vt 0.000000 -0.249020 0.000000
vt 0.141422 -0.129111 0.000000
vt 0.000000 0.000000 0.000000
vt 0.141422 -0.100000 0.000000
vt 0.141422 0.119909 0.000000
vt 0.000000 0.000000 0.000000
vt -0.500000 0.000000 0.000000
vt 0.100000 -0.141421 0.000000
vt 0.000000 0.000000 0.000000
vt 0.100000 -0.141421 0.000000
vt 0.600000 -0.141421 0.000000
vt 0.000000 0.000000 0.000000
vt -0.000000 -0.300000 0.000000
vt 0.141421 -0.100000 0.000000
vt 0.000000 0.000000 0.000000
vt 0.141421 0.100000 0.000000
vt 0.141421 0.200000 0.000000
vt 0.000000 0.000000 0.000000
vt 0.500000 -0.000000 0.000000
vt 0.100000 0.141421 0.000000
vt 0.000000 0.000000 0.000000
vt 0.100000 0.141421 0.000000
vt -0.400000 0.141421 0.000000
vt 0.000000 0.000000 0.000000
vt 0.000000 -0.250000 0.000000
vt 0.141422 0.100000 0.000000
vt 0.000000 0.000000 0.000000
vt 0.141422 -0.100000 0.000000
vt 0.141422 0.350000 0.000000
vt 0.000000 0.000000 0.000000
vt -0.500000 -0.000000 0.000000
vt 0.100000 -0.141421 0.000000
vt 0.000000 0.000000 0.000000
vt 0.100000 -0.141421 0.000000
vt 0.600000 -0.141421 0.000000
vt 0.000000 0.000000 0.000000
vt -0.000000 -3.400000 0.000000
vt 0.141421 -0.100000 0.000000
vt 0.000000 0.000000 0.000000
vt 0.141421 0.100000 0.000000
vt 0.141421 3.300000 0.000000
vt 0.000000 0.000000 0.000000
vt 0.500000 -0.000000 0.000000
vt 0.100000 0.141421 0.000000
vt 0.000000 0.000000 0.000000
vt 0.100000 0.141421 0.000000
vt -0.400000 0.141421 0.000000
vt 0.000000 0.000000 0.000000
vt 0.000000 -0.250000 0.000000
vt 0.141422 0.100000 0.000000
vt 0.000000 0.000000 0.000000
vt 0.141422 -0.100000 0.000000
vt 0.141422 0.350000 0.000000
vt 0.000000 0.000000 0.000000
vt -0.500000 -0.000000 0.000000
vt 0.100000 -0.141421 0.000000
vt 0.000000 0.000000 0.000000
vt 0.100000 -0.141421 0.000000
vt 0.600000 -0.141421 0.000000
vt 0.000000 0.000000 0.000000
vt 0.000000 -1.300000 0.000000
vt 0.141421 -0.100000 0.000000
vt 0.000000 0.000000 0.000000
vt 0.141421 0.100000 0.000000
vt 0.141421 1.200000 0.000000
vt 0.000000 0.000000 0.000000
vt 0.500000 -0.000000 0.000000
vt 0.100000 0.141421 0.000000
vt 0.000000 0.000000 0.000000
vt 0.100000 0.141421 0.000000
vt -0.400000 0.141421 0.000000
vt 0.000000 0.000000 0.000000
vt -0.000000 -0.250000 0.000000
vt 0.141422 0.100000 0.000000
vt 0.000000 0.000000 0.000000
vt 0.141422 -0.100000 0.000000
vt 0.141422 0.350000 0.000000
vt 0.000000 0.000000 0.000000
vt -0.500000 -0.000000 0.000000
vt 0.100000 -0.141421 0.000000
vt 0.000000 0.000000 0.000000
vt 0.100000 -0.141421 0.000000
vt 0.600000 -0.141421 0.000000
vt 0.000000 0.000000 0.000000
vt 0.000000 -3.400000 0.000000
vt 0.141421 -0.100000 0.000000
vt 0.000000 0.000000 0.000000
vt 0.141421 0.100000 0.000000
vt 0.141421 3.300000 0.000000
vt 0.000000 0.000000 0.000000
vt 0.500000 0.000000 0.000000
vt 0.100000 0.141421 0.000000
vt 0.000000 0.000000 0.000000
vt 0.100000 0.141421 0.000000
vt -0.400000 0.141421 0.000000
vt 0.000000 0.000000 0.000000
vt -0.000000 -0.250000 0.000000
vt 0.141422 0.100000 0.000000
vt 0.000000 0.000000 0.000000
vt 0.141422 -0.100000 0.000000
vt 0.141422 0.350000 0.000000
vt 0.000000 0.000000 0.000000
vt -0.500000 -0.000000 0.000000
vt 0.100000 -0.141422 0.000000
vt 0.000000 0.000000 0.000000
vt 0.100000 -0.141421 0.000000
vt 0.600000 -0.141421 0.000000
vt 0.000000 0.000000 0.000000
vt 0.000000 -0.300000 0.000000
vt 0.141421 -0.100000 0.000000
vt 0.000000 0.000000 0.000000
vt 0.141421 0.100000 0.000000
vt 0.141421 0.200000 0.000000
vt 0.000000 0.000000 0.000000
vt 0.500000 -0.000000 0.000000
vt 0.100000 0.141421 0.000000
vt 0.000000 0.000000 0.000000
vt 0.100000 0.141421 0.000000
vt -0.400000 0.141421 0.000000
vt 0.000000 0.000000 0.000000
vt -0.000000 -0.249019 0.000000
vt 0.141422 0.100000 0.000000
vt 0.000000 0.000000 0.000000
vt 0.141422 0.129110 0.000000
vt 0.141422 0.349019 0.000000
vt 0.000000 0.000000 0.000000
vt -0.132381 0.077584 0.000000
vt -0.372147 -0.263280 0.000000
vt 0.000000 0.000000 0.000000
vt -0.319674 -0.220358 0.000000
vt -0.242542 -0.338894 0.000000
vt 0.000000 0.000000 0.000000
vt -0.072105 0.121659 0.000000
vt -0.406456 -0.224037 0.000000
vt 0.000000 0.000000 0.000000
vt -0.398713 -0.219770 0.000000
vt -0.334350 -0.345696 0.000000
vt 0.000000 0.000000 0.000000
vt -0.057942 0.129006 0.000000
vt -0.421381 -0.173918 0.000000
vt 0.000000 0.000000 0.000000
vt -0.291811 -0.129832 0.000000
vt -0.357762 -0.309609 0.000000
vt 0.000000 0.000000 0.000000
vt -0.000000 9.201744 0.000000
vt -0.141421 0.059532 0.000000
vt 0.000000 0.000000 0.000000
vt -0.141421 -0.059532 0.000000
vt -0.141421 -9.142212 0.000000
vt 0.000000 0.000000 0.000000
vt -0.084117 -0.070583 0.000000
vt 0.010979 -0.015679 0.000000
vt 0.000000 0.000000 0.000000
vt -0.095096 -0.054904 0.000000
vt 0.008089 -0.017347 0.000000
vt 0.000000 0.000000 0.000000
vt 0.108139 0.019068 0.000000
vt 0.103185 0.037556 0.000000
vt 0.000000 0.000000 0.000000
vt -0.037556 -0.103185 0.000000
vt 0.017347 -0.008089 0.000000
vt 0.000000 0.000000 0.000000
vt -0.054904 -0.095096 0.000000
vt 0.015679 -0.010979 0.000000
vt 0.000000 0.000000 0.000000
vt 0.084117 0.070583 0.000000
vt 0.070583 0.084117 0.000000
vt 0.000000 0.000000 0.000000
vt 0.019068 -0.108139 0.000000
vt 0.019068 0.001669 0.000000
vt 0.000000 0.000000 0.000000
vt 0.000000 -0.109808 0.000000
vt 0.019068 -0.001669 0.000000
vt 0.000000 0.000000 0.000000
vt 0.037556 0.103185 0.000000
vt 0.019068 0.108139 0.000000
vt 0.000000 0.000000 0.000000
vt 0.070583 -0.084117 0.000000
vt 0.015679 0.010979 0.000000
vt 0.000000 0.000000 0.000000
vt 0.054904 -0.095096 0.000000
vt 0.017348 0.008089 0.000000
vt 0.000000 0.000000 0.000000
vt -0.019068 0.108139 0.000000
vt -0.037556 0.103185 0.000000
vt 0.000000 0.000000 0.000000
vt 0.103186 -0.037556 0.000000
vt 0.008089 0.017347 0.000000
vt 0.000000 0.000000 0.000000
vt 0.095096 -0.054904 0.000000
vt 0.010979 0.015679 0.000000
vt 0.000000 0.000000 0.000000
vt -0.070583 0.084117 0.000000
vt -0.084117 0.070583 0.000000
vt 0.000000 0.000000 0.000000
vt 0.108139 0.019068 0.000000
vt -0.001669 0.019068 0.000000
vt 0.000000 0.000000 0.000000
vt 0.109808 -0.000000 0.000000
vt 0.001669 0.019068 0.000000
vt 0.000000 0.000000 0.000000
vt -0.103186 0.037556 0.000000
vt -0.108139 0.019068 0.000000
vt 0.000000 0.000000 0.000000
vt 0.084117 0.070583 0.000000
vt -0.010979 0.015679 0.000000
vt 0.000000 0.000000 0.000000
vt 0.095096 0.054904 0.000000
vt -0.008089 0.017347 0.000000
vt 0.000000 0.000000 0.000000
vt -0.108139 -0.019068 0.000000
vt -0.103186 -0.037557 0.000000
vt 0.000000 0.000000 0.000000
vt 0.037556 0.103185 0.000000
vt -0.017348 0.008089 0.000000
vt 0.000000 0.000000 0.000000
vt 0.054904 0.095096 0.000000
vt -0.015679 0.010979 0.000000
vt 0.000000 0.000000 0.000000
vt -0.084117 -0.070583 0.000000
vt -0.070583 -0.084117 0.000000
vt 0.000000 0.000000 0.000000
vt -0.019068 0.108139 0.000000
vt -0.019068 -0.001669 0.000000
vt 0.000000 0.000000 0.000000
vt -0.000000 0.109808 0.000000
vt -0.019068 0.001669 0.000000
vt 0.000000 0.000000 0.000000
vt -0.037556 -0.103185 0.000000
vt -0.019068 -0.108139 0.000000
vt 0.000000 0.000000 0.000000
vt -0.070583 0.084117 0.000000
vt -0.015679 -0.010979 0.000000
vt 0.000000 0.000000 0.000000
vt -0.054904 0.095096 0.000000
vt -0.017347 -0.008089 0.000000
vt 0.000000 0.000000 0.000000
vt 0.019068 -0.108139 0.000000
vt 0.037556 -0.103185 0.000000
vt 0.000000 0.000000 0.000000
vt -0.103185 0.037557 0.000000
vt -0.008089 -0.017347 0.000000
vt 0.000000 0.000000 0.000000
vt -0.095096 0.054904 0.000000
vt -0.010979 -0.015679 0.000000
vt 0.000000 0.000000 0.000000
vt 0.070583 -0.084117 0.000000
vt 0.084117 -0.070583 0.000000
vt 0.000000 0.000000 0.000000
vt -0.108139 -0.019068 0.000000
vt 0.001668 -0.019068 0.000000
vt 0.000000 0.000000 0.000000
vt -0.109808 -0.000000 0.000000
vt -0.001668 -0.019068 0.000000
vt 0.000000 0.000000 0.000000
vt 0.103185 -0.037557 0.000000
vt 0.108139 -0.019068 0.000000
vt 0.000000 0.000000 0.000000
vt 0.155134 0.007004 0.000000
vt -0.000590 0.026140 0.000000
vt 0.000000 0.000000 0.000000
vt -0.000432 0.019136 0.000000
vt -0.155723 0.019136 0.000000
vt 0.000000 0.000000 0.000000
vt 0.155292 0.000000 0.000000
vt 0.000590 0.026140 0.000000
vt 0.000000 0.000000 0.000000
vt 0.000432 0.019136 0.000000
vt -0.154702 0.026140 0.000000
vt 0.000000 0.000000 0.000000
vt 0.155124 -0.007208 0.000000
vt 0.001802 0.026085 0.000000
vt 0.000000 0.000000 0.000000
vt 0.001319 0.019095 0.000000
vt -0.153322 0.033293 0.000000
vt 0.000000 0.000000 0.000000
vt 0.154560 -0.015059 0.000000
vt 0.003122 0.025960 0.000000
vt 0.000000 0.000000 0.000000
vt 0.002285 0.019004 0.000000
vt -0.151438 0.041019 0.000000
vt 0.000000 0.000000 0.000000
vt 0.153403 -0.024143 0.000000
vt 0.004647 0.025730 0.000000
vt 0.000000 0.000000 0.000000
vt 0.003402 0.018836 0.000000
vt -0.148756 0.049873 0.000000
vt 0.000000 0.000000 0.000000
vt 0.151208 -0.035378 0.000000
vt 0.006530 0.025318 0.000000
vt 0.000000 0.000000 0.000000
vt 0.004780 0.018534 0.000000
vt -0.144678 0.060697 0.000000
vt 0.000000 0.000000 0.000000
vt 0.146895 -0.050371 0.000000
vt 0.009037 0.024536 0.000000
vt 0.000000 0.000000 0.000000
vt 0.006615 0.017961 0.000000
vt -0.137859 0.074906 0.000000
vt 0.000000 0.000000 0.000000
vt -0.122976 -0.094828 0.000000
vt 0.015495 -0.021060 0.000000
vt 0.000000 -0.000000 0.000000
vt 0.011343 -0.015418 0.000000
vt 0.138471 0.073767 0.000000
vt 0.000000 -0.000000 0.000000
vt -0.128470 -0.087240 0.000000
vt 0.014197 -0.021956 0.000000
vt 0.000000 -0.000000 0.000000
vt 0.010393 -0.016074 0.000000
vt 0.142667 0.065284 0.000000
vt 0.000000 -0.000000 0.000000
vt -0.132388 -0.081172 0.000000
vt 0.013161 -0.022593 0.000000
vt 0.000000 0.000000 0.000000
vt 0.009635 -0.016539 0.000000
vt 0.145549 0.058579 0.000000
vt 0.000000 0.000000 0.000000
vt -0.135097 -0.076577 0.000000
vt 0.012377 -0.023032 0.000000
vt 0.000000 0.000000 0.000000
vt 0.009060 -0.016861 0.000000
vt 0.147475 0.053545 0.000000
vt 0.000000 0.000000 0.000000
vt -0.136806 -0.073481 0.000000
vt 0.011849 -0.023308 0.000000
vt 0.000000 0.000000 0.000000
vt 0.008675 -0.017062 0.000000
vt 0.148656 0.050174 0.000000
vt 0.000000 0.000000 0.000000
vt -0.137571 -0.072037 0.000000
vt 0.011604 -0.023431 0.000000
vt 0.000000 0.000000 0.000000
vt 0.008494 -0.017153 0.000000
vt 0.149175 0.048606 0.000000
vt 0.000000 0.000000 0.000000
vt -0.144474 -0.056945 0.000000
vt 0.009037 -0.024535 0.000000
vt 0.000000 0.000000 0.000000
vt 0.006615 -0.017961 0.000000
vt 0.153511 0.032410 0.000000
vt 0.000000 0.000000 0.000000
vt -0.149458 -0.042162 0.000000
vt 0.006530 -0.025318 0.000000
vt 0.000000 0.000000 0.000000
vt 0.004780 -0.018534 0.000000
vt 0.155988 0.016844 0.000000
vt 0.000000 0.000000 0.000000
vt -0.152159 -0.031037 0.000000
vt 0.004646 -0.025730 0.000000
vt 0.000000 0.000000 0.000000
vt 0.003402 -0.018836 0.000000
vt 0.156805 0.005306 0.000000
vt 0.000000 0.000000 0.000000
vt -0.153723 -0.022015 0.000000
vt 0.003122 -0.025960 0.000000
vt 0.000000 0.000000 0.000000
vt 0.002286 -0.019004 0.000000
vt 0.156845 -0.003944 0.000000
vt 0.000000 0.000000 0.000000
vt -0.154641 -0.014198 0.000000
vt 0.001802 -0.026085 0.000000
vt 0.000000 0.000000 0.000000
vt 0.001319 -0.019095 0.000000
vt 0.156443 -0.011887 0.000000
vt 0.000000 0.000000 0.000000
vt -0.155133 -0.007004 0.000000
vt 0.000590 -0.026140 0.000000
vt 0.000000 0.000000 0.000000
vt 0.000432 -0.019136 0.000000
vt 0.155723 -0.019136 0.000000
vt 0.000000 0.000000 0.000000
vt -0.155291 0.000000 0.000000
vt -0.000590 -0.026140 0.000000
vt 0.000000 0.000000 0.000000
vt -0.000432 -0.019136 0.000000
vt 0.154701 -0.026140 0.000000
vt 0.000000 0.000000 0.000000
vt -0.155124 0.007208 0.000000
vt -0.001802 -0.026084 0.000000
vt 0.000000 0.000000 0.000000
vt -0.001319 -0.019095 0.000000
vt 0.153322 -0.033293 0.000000
vt 0.000000 0.000000 0.000000
vt -0.154559 0.015059 0.000000
vt -0.003122 -0.025960 0.000000
vt 0.000000 0.000000 0.000000
vt -0.002286 -0.019004 0.000000
vt 0.151437 -0.041019 0.000000
vt 0.000000 0.000000 0.000000
vt -0.153403 0.024143 0.000000
vt -0.004646 -0.025730 0.000000
vt 0.000000 0.000000 0.000000
vt -0.003401 -0.018836 0.000000
vt 0.148757 -0.049873 0.000000
vt 0.000000 0.000000 0.000000
vt -0.151208 0.035378 0.000000
vt -0.006530 -0.025318 0.000000
vt 0.000000 0.000000 0.000000
vt -0.004780 -0.018534 0.000000
vt 0.144678 -0.060697 0.000000
vt 0.000000 0.000000 0.000000
vt -0.146895 0.050371 0.000000
vt -0.009037 -0.024535 0.000000
vt 0.000000 0.000000 0.000000
vt -0.006615 -0.017961 0.000000
vt 0.137858 -0.074907 0.000000
vt 0.000000 0.000000 0.000000
vt 0.140681 -0.065759 0.000000
vt 0.011604 0.023431 0.000000
vt 0.000000 -0.000000 0.000000
vt 0.008494 0.017153 0.000000
vt -0.129077 0.089190 0.000000
vt 0.000000 -0.000000 0.000000
vt 0.139981 -0.067235 0.000000
vt 0.011849 0.023308 0.000000
vt 0.000000 -0.000000 0.000000
vt 0.008675 0.017062 0.000000
vt -0.128132 0.090543 0.000000
vt 0.000000 -0.000000 0.000000
vt 0.138414 -0.070406 0.000000
vt 0.012377 0.023032 0.000000
vt 0.000000 -0.000000 0.000000
vt 0.009060 0.016861 0.000000
vt -0.126037 0.093437 0.000000
vt 0.000000 -0.000000 0.000000
vt 0.135914 -0.075118 0.000000
vt 0.013161 0.022593 0.000000
vt 0.000000 -0.000000 0.000000
vt 0.009635 0.016539 0.000000
vt -0.122753 0.097711 0.000000
vt 0.000000 -0.000000 0.000000
vt 0.132274 -0.081358 0.000000
vt 0.014197 0.021956 0.000000
vt 0.000000 0.000000 0.000000
vt 0.010393 0.016074 0.000000
vt -0.118077 0.103314 0.000000
vt 0.000000 0.000000 0.000000
vt 0.127128 -0.089185 0.000000
vt 0.015495 0.021060 0.000000
vt 0.000000 0.000000 0.000000
vt 0.011343 0.015418 0.000000
vt -0.111633 0.110245 0.000000
vt 0.000000 0.000000 0.000000
vt 0.144473 0.056946 0.000000
vt -0.009037 0.024536 0.000000
vt 0.000000 0.000000 0.000000
vt -0.006615 0.017961 0.000000
vt -0.153510 -0.032410 0.000000
vt 0.000000 0.000000 0.000000
vt 0.149458 0.042163 0.000000
vt -0.006530 0.025318 0.000000
vt 0.000000 0.000000 0.000000
vt -0.004780 0.018534 0.000000
vt -0.155988 -0.016844 0.000000
vt 0.000000 0.000000 0.000000
vt 0.152158 0.031037 0.000000
vt -0.004647 0.025730 0.000000
vt 0.000000 0.000000 0.000000
vt -0.003402 0.018836 0.000000
vt -0.156805 -0.005306 0.000000
vt 0.000000 0.000000 0.000000
vt 0.153723 0.022015 0.000000
vt -0.003122 0.025960 0.000000
vt 0.000000 0.000000 0.000000
vt -0.002285 0.019004 0.000000
vt -0.156845 0.003945 0.000000
vt 0.000000 0.000000 0.000000
vt 0.154641 0.014197 0.000000
vt -0.001802 0.026084 0.000000
vt 0.000000 0.000000 0.000000
vt -0.001319 0.019095 0.000000
vt -0.156444 0.011887 0.000000
vt 0.000000 0.000000 0.000000
vt 0.084117 0.070583 0.000000
vt -0.010979 0.015678 0.000000
vt 0.000000 0.000000 0.000000
vt 0.095096 0.054904 0.000000
vt -0.008089 0.017348 0.000000
vt 0.000000 0.000000 0.000000
vt -0.108139 -0.019068 0.000000
vt -0.103185 -0.037556 0.000000
vt 0.000000 0.000000 0.000000
vt 0.037556 0.103185 0.000000
vt -0.017347 0.008089 0.000000
vt 0.000000 0.000000 0.000000
vt 0.054904 0.095097 0.000000
vt -0.015679 0.010979 0.000000
vt 0.000000 0.000000 0.000000
vt -0.084117 -0.070583 0.000000
vt -0.070583 -0.084118 0.000000
vt 0.000000 0.000000 0.000000
vt -0.019068 0.108140 0.000000
vt -0.019068 -0.001668 0.000000
vt 0.000000 0.000000 0.000000
vt -0.000000 0.109808 0.000000
vt -0.019068 0.001668 0.000000
vt 0.000000 0.000000 0.000000
vt -0.037556 -0.103185 0.000000
vt -0.019068 -0.108140 0.000000
vt 0.000000 0.000000 0.000000
vt -0.070583 0.084118 0.000000
vt -0.015680 -0.010979 0.000000
vt 0.000000 0.000000 0.000000
vt -0.054904 0.095097 0.000000
vt -0.017348 -0.008089 0.000000
vt 0.000000 0.000000 0.000000
vt 0.019068 -0.108140 0.000000
vt 0.037556 -0.103185 0.000000
vt 0.000000 0.000000 0.000000
vt -0.103185 0.037556 0.000000
vt -0.008089 -0.017348 0.000000
vt 0.000000 0.000000 0.000000
vt -0.095096 0.054904 0.000000
vt -0.010979 -0.015678 0.000000
vt 0.000000 0.000000 0.000000
vt 0.070583 -0.084118 0.000000
vt 0.084118 -0.070583 0.000000
vt 0.000000 0.000000 0.000000
vt -0.108139 -0.019067 0.000000
vt 0.001668 -0.019067 0.000000
vt 0.000000 0.000000 0.000000
vt -0.109808 -0.000000 0.000000
vt -0.001668 -0.019068 0.000000
vt 0.000000 0.000000 0.000000
vt 0.103185 -0.037556 0.000000
vt 0.108139 -0.019068 0.000000
vt 0.000000 0.000000 0.000000
vt -0.084118 -0.070583 0.000000
vt 0.010979 -0.015678 0.000000
vt 0.000000 0.000000 0.000000
vt -0.095096 -0.054904 0.000000
vt 0.008089 -0.017348 0.000000
vt 0.000000 0.000000 0.000000
vt 0.108139 0.019067 0.000000
vt 0.103185 0.037556 0.000000
vt 0.000000 0.000000 0.000000
vt -0.037556 -0.103185 0.000000
vt 0.017348 -0.008089 0.000000
vt 0.000000 0.000000 0.000000
vt -0.054904 -0.095096 0.000000
vt 0.015680 -0.010979 0.000000
vt 0.000000 0.000000 0.000000
vt 0.084118 0.070583 0.000000
vt 0.070583 0.084117 0.000000
vt 0.000000 0.000000 0.000000
vt 0.019068 -0.108139 0.000000
vt 0.019068 0.001669 0.000000
vt 0.000000 0.000000 0.000000
vt 0.000000 -0.109808 0.000000
vt 0.019068 -0.001669 0.000000
vt 0.000000 0.000000 0.000000
vt 0.037556 0.103185 0.000000
vt 0.019068 0.108139 0.000000
vt 0.000000 0.000000 0.000000
vt 0.070583 -0.084117 0.000000
vt 0.015679 0.010979 0.000000
vt 0.000000 0.000000 0.000000
vt 0.054904 -0.095096 0.000000
vt 0.017347 0.008089 0.000000
vt 0.000000 0.000000 0.000000
vt -0.019068 0.108139 0.000000
vt -0.037556 0.103185 0.000000
vt 0.000000 0.000000 0.000000
vt 0.103185 -0.037556 0.000000
vt 0.008089 0.017348 0.000000
vt 0.000000 0.000000 0.000000
vt 0.095096 -0.054904 0.000000
vt 0.010979 0.015678 0.000000
vt 0.000000 0.000000 0.000000
vt -0.070583 0.084117 0.000000
vt -0.084117 0.070583 0.000000
vt 0.000000 0.000000 0.000000
vt 0.108139 0.019068 0.000000
vt -0.001668 0.019068 0.000000
vt 0.000000 0.000000 0.000000
vt 0.109808 0.000000 0.000000
vt 0.001668 0.019067 0.000000
vt 0.000000 0.000000 0.000000
vt -0.103185 0.037556 0.000000
vt -0.108139 0.019067 0.000000
vt 0.000000 0.000000 0.000000
vt -0.155134 -0.007004 0.000000
vt 0.000589 -0.026140 0.000000
vt 0.000000 0.000000 0.000000
vt 0.000432 -0.019135 0.000000
vt 0.155723 -0.019135 0.000000
vt 0.000000 0.000000 0.000000
vt -0.155291 0.000000 0.000000
vt -0.000589 -0.026140 0.000000
vt 0.000000 0.000000 0.000000
vt -0.000432 -0.019136 0.000000
vt 0.154702 -0.026140 0.000000
vt 0.000000 0.000000 0.000000
vt -0.155124 0.007208 0.000000
vt -0.001803 -0.026084 0.000000
vt 0.000000 0.000000 0.000000
vt -0.001319 -0.019095 0.000000
vt 0.153322 -0.033293 0.000000
vt 0.000000 0.000000 0.000000
vt -0.154559 0.015059 0.000000
vt -0.003122 -0.025960 0.000000
vt 0.000000 0.000000 0.000000
vt -0.002286 -0.019004 0.000000
vt 0.151438 -0.041019 0.000000
vt 0.000000 0.000000 0.000000
vt -0.153404 0.024142 0.000000
vt -0.004647 -0.025731 0.000000
vt 0.000000 0.000000 0.000000
vt -0.003402 -0.018835 0.000000
vt 0.148757 -0.049873 0.000000
vt 0.000000 0.000000 0.000000
vt -0.151208 0.035378 0.000000
vt -0.006529 -0.025318 0.000000
vt 0.000000 0.000000 0.000000
vt -0.004779 -0.018535 0.000000
vt 0.144679 -0.060696 0.000000
vt 0.000000 0.000000 0.000000
vt -0.146895 0.050372 0.000000
vt -0.009037 -0.024536 0.000000
vt 0.000000 0.000000 0.000000
vt -0.006616 -0.017961 0.000000
vt 0.137858 -0.074907 0.000000
vt 0.000000 0.000000 0.000000
vt 0.140681 -0.065759 0.000000
vt 0.011604 0.023431 0.000000
vt 0.000000 -0.000000 0.000000
vt 0.008494 0.017153 0.000000
vt -0.129078 0.089189 0.000000
vt 0.000000 -0.000000 0.000000
vt 0.139981 -0.067235 0.000000
vt 0.011849 0.023308 0.000000
vt 0.000000 -0.000000 0.000000
vt 0.008674 0.017062 0.000000
vt -0.128132 0.090544 0.000000
vt 0.000000 -0.000000 0.000000
vt 0.138415 -0.070405 0.000000
vt 0.012377 0.023032 0.000000
vt 0.000000 -0.000000 0.000000
vt 0.009060 0.016861 0.000000
vt -0.126038 0.093436 0.000000
vt 0.000000 -0.000000 0.000000
vt 0.135914 -0.075118 0.000000
vt 0.013161 0.022593 0.000000
vt 0.000000 -0.000000 0.000000
vt 0.009634 0.016539 0.000000
vt -0.122753 0.097711 0.000000
vt 0.000000 -0.000000 0.000000
vt 0.132274 -0.081357 0.000000
vt 0.014197 0.021956 0.000000
vt 0.000000 0.000000 0.000000
vt 0.010394 0.016073 0.000000
vt -0.118077 0.103313 0.000000
vt 0.000000 0.000000 0.000000
vt 0.127128 -0.089184 0.000000
vt 0.015495 0.021061 0.000000
vt 0.000000 0.000000 0.000000
vt 0.011343 0.015418 0.000000
vt -0.111633 0.110245 0.000000
vt 0.000000 0.000000 0.000000
vt 0.144473 0.056945 0.000000
vt -0.009037 0.024535 0.000000
vt 0.000000 0.000000 0.000000
vt -0.006615 0.017961 0.000000
vt -0.153510 -0.032410 0.000000
vt 0.000000 0.000000 0.000000
vt 0.149458 0.042162 0.000000
vt -0.006530 0.025319 0.000000
vt 0.000000 0.000000 0.000000
vt -0.004780 0.018535 0.000000
vt -0.155988 -0.016843 0.000000
vt 0.000000 0.000000 0.000000
vt 0.152159 0.031038 0.000000
vt -0.004647 0.025731 0.000000
vt 0.000000 0.000000 0.000000
vt -0.003402 0.018836 0.000000
vt -0.156805 -0.005307 0.000000
vt 0.000000 0.000000 0.000000
vt 0.153723 0.022015 0.000000
vt -0.003122 0.025960 0.000000
vt 0.000000 0.000000 0.000000
vt -0.002286 0.019004 0.000000
vt -0.156845 0.003945 0.000000
vt 0.000000 0.000000 0.000000
vt 0.154641 0.014198 0.000000
vt -0.001803 0.026084 0.000000
vt 0.000000 0.000000 0.000000
vt -0.001320 0.019095 0.000000
vt -0.156444 0.011887 0.000000
vt 0.000000 0.000000 0.000000
vt 0.155133 0.007004 0.000000
vt -0.000589 0.026140 0.000000
vt 0.000000 0.000000 0.000000
vt -0.000432 0.019136 0.000000
vt -0.155723 0.019136 0.000000
vt 0.000000 0.000000 0.000000
vt 0.155291 0.000000 0.000000
vt 0.000589 0.026140 0.000000
vt 0.000000 0.000000 0.000000
vt 0.000432 0.019135 0.000000
vt -0.154702 0.026140 0.000000
vt 0.000000 0.000000 0.000000
vt 0.155124 -0.007208 0.000000
vt 0.001803 0.026085 0.000000
vt 0.000000 0.000000 0.000000
vt 0.001320 0.019096 0.000000
vt -0.153321 0.033293 0.000000
vt 0.000000 0.000000 0.000000
vt 0.154559 -0.015059 0.000000
vt 0.003122 0.025960 0.000000
vt 0.000000 0.000000 0.000000
vt 0.002286 0.019004 0.000000
vt -0.151437 0.041019 0.000000
vt 0.000000 0.000000 0.000000
vt 0.153403 -0.024142 0.000000
vt 0.004647 0.025731 0.000000
vt 0.000000 0.000000 0.000000
vt 0.003402 0.018836 0.000000
vt -0.148757 0.049873 0.000000
vt 0.000000 0.000000 0.000000
vt 0.151208 -0.035379 0.000000
vt 0.006530 0.025318 0.000000
vt 0.000000 0.000000 0.000000
vt 0.004780 0.018534 0.000000
vt -0.144678 0.060697 0.000000
vt 0.000000 0.000000 0.000000
vt 0.146895 -0.050371 0.000000
vt 0.009037 0.024535 0.000000
vt 0.000000 0.000000 0.000000
vt 0.006615 0.017961 0.000000
vt -0.137858 0.074906 0.000000
vt 0.000000 0.000000 0.000000
vt -0.122976 -0.094828 0.000000
vt 0.015496 -0.021061 0.000000
vt 0.000000 -0.000000 0.000000
vt 0.011343 -0.015418 0.000000
vt 0.138471 0.073767 0.000000
vt 0.000000 -0.000000 0.000000
vt -0.128470 -0.087240 0.000000
vt 0.014197 -0.021956 0.000000
vt 0.000000 -0.000000 0.000000
vt 0.010393 -0.016073 0.000000
vt 0.142667 0.065284 0.000000
vt 0.000000 -0.000000 0.000000
vt -0.132388 -0.081172 0.000000
vt 0.013161 -0.022593 0.000000
vt 0.000000 0.000000 0.000000
vt 0.009635 -0.016539 0.000000
vt 0.145549 0.058579 0.000000
vt 0.000000 0.000000 0.000000
vt -0.135098 -0.076576 0.000000
vt 0.012377 -0.023032 0.000000
vt 0.000000 0.000000 0.000000
vt 0.009060 -0.016861 0.000000
vt 0.147475 0.053545 0.000000
vt 0.000000 0.000000 0.000000
vt -0.136807 -0.073481 0.000000
vt 0.011849 -0.023308 0.000000
vt 0.000000 0.000000 0.000000
vt 0.008674 -0.017062 0.000000
vt 0.148656 0.050173 0.000000
vt 0.000000 0.000000 0.000000
vt -0.137571 -0.072038 0.000000
vt 0.011604 -0.023431 0.000000
vt 0.000000 0.000000 0.000000
vt 0.008495 -0.017153 0.000000
vt 0.149175 0.048607 0.000000
vt 0.000000 0.000000 0.000000
vt -0.144474 -0.056946 0.000000
vt 0.009037 -0.024536 0.000000
vt 0.000000 0.000000 0.000000
vt 0.006616 -0.017961 0.000000
vt 0.153511 0.032410 0.000000
vt 0.000000 0.000000 0.000000
vt -0.149458 -0.042163 0.000000
vt 0.006530 -0.025318 0.000000
vt 0.000000 0.000000 0.000000
vt 0.004780 -0.018534 0.000000
vt 0.155987 0.016845 0.000000
vt 0.000000 0.000000 0.000000
vt -0.152158 -0.031038 0.000000
vt 0.004647 -0.025731 0.000000
vt 0.000000 0.000000 0.000000
vt 0.003402 -0.018835 0.000000
vt 0.156805 0.005307 0.000000
vt 0.000000 0.000000 0.000000
vt -0.153723 -0.022015 0.000000
vt 0.003122 -0.025960 0.000000
vt 0.000000 0.000000 0.000000
vt 0.002286 -0.019004 0.000000
vt 0.156845 -0.003945 0.000000
vt 0.000000 0.000000 0.000000
vt -0.154641 -0.014198 0.000000
vt 0.001803 -0.026085 0.000000
vt 0.000000 0.000000 0.000000
vt 0.001319 -0.019096 0.000000
vt 0.156444 -0.011887 0.000000
vt 0.000000 0.000000 0.000000
vt 0.084117 0.070583 0.000000
vt -0.010979 0.015679 0.000000
vt 0.000000 0.000000 0.000000
vt 0.095096 0.054904 0.000000
vt -0.008089 0.017348 0.000000
vt 0.000000 0.000000 0.000000
vt -0.108139 -0.019068 0.000000
vt -0.103186 -0.037556 0.000000
vt 0.000000 0.000000 0.000000
vt 0.037556 0.103185 0.000000
vt -0.017348 0.008089 0.000000
vt 0.000000 0.000000 0.000000
vt 0.054904 0.095097 0.000000
vt -0.015679 0.010979 0.000000
vt 0.000000 0.000000 0.000000
vt -0.084117 -0.070583 0.000000
vt -0.070583 -0.084118 0.000000
vt 0.000000 0.000000 0.000000
vt -0.019068 0.108139 0.000000
vt -0.019068 -0.001669 0.000000
vt 0.000000 0.000000 0.000000
vt -0.000000 0.109808 0.000000
vt -0.019068 0.001669 0.000000
vt 0.000000 0.000000 0.000000
vt -0.037556 -0.103185 0.000000
vt -0.019068 -0.108139 0.000000
vt 0.000000 0.000000 0.000000
vt -0.070583 0.084118 0.000000
vt -0.015679 -0.010979 0.000000
vt 0.000000 0.000000 0.000000
vt -0.054904 0.095097 0.000000
vt -0.017347 -0.008089 0.000000
vt 0.000000 0.000000 0.000000
vt 0.019068 -0.108139 0.000000
vt 0.037556 -0.103185 0.000000
vt 0.000000 0.000000 0.000000
vt -0.103185 0.037556 0.000000
vt -0.008089 -0.017348 0.000000
vt 0.000000 0.000000 0.000000
vt -0.095096 0.054904 0.000000
vt -0.010979 -0.015679 0.000000
vt 0.000000 0.000000 0.000000
vt 0.070583 -0.084118 0.000000
vt 0.084117 -0.070583 0.000000
vt 0.000000 0.000000 0.000000
vt -0.108139 -0.019068 0.000000
vt 0.001668 -0.019068 0.000000
vt 0.000000 0.000000 0.000000
vt -0.109808 -0.000000 0.000000
vt -0.001668 -0.019068 0.000000
vt 0.000000 0.000000 0.000000
vt 0.103185 -0.037556 0.000000
vt 0.108139 -0.019068 0.000000
vt 0.000000 0.000000 0.000000
vt -0.084117 -0.070583 0.000000
vt 0.010979 -0.015679 0.000000
vt 0.000000 0.000000 0.000000
vt -0.095096 -0.054903 0.000000
vt 0.008089 -0.017347 0.000000
vt 0.000000 0.000000 0.000000
vt 0.108139 0.019068 0.000000
vt 0.103185 0.037556 0.000000
vt 0.000000 0.000000 0.000000
vt -0.037556 -0.103185 0.000000
vt 0.017347 -0.008089 0.000000
vt 0.000000 0.000000 0.000000
vt -0.054904 -0.095096 0.000000
vt 0.015679 -0.010979 0.000000
vt 0.000000 0.000000 0.000000
vt 0.084117 0.070583 0.000000
vt 0.070583 0.084117 0.000000
vt 0.000000 0.000000 0.000000
vt 0.019068 -0.108139 0.000000
vt 0.019068 0.001669 0.000000
vt 0.000000 0.000000 0.000000
vt 0.000000 -0.109808 0.000000
vt 0.019068 -0.001669 0.000000
vt 0.000000 0.000000 0.000000
vt 0.037556 0.103185 0.000000
vt 0.019068 0.108139 0.000000
vt 0.000000 0.000000 0.000000
vt 0.070583 -0.084117 0.000000
vt 0.015679 0.010979 0.000000
vt 0.000000 0.000000 0.000000
vt 0.054904 -0.095096 0.000000
vt 0.017348 0.008089 0.000000
vt 0.000000 0.000000 0.000000
vt -0.019068 0.108139 0.000000
vt -0.037556 0.103185 0.000000
vt 0.000000 0.000000 0.000000
vt 0.103186 -0.037556 0.000000
vt 0.008089 0.017347 0.000000
vt 0.000000 0.000000 0.000000
vt 0.095096 -0.054903 0.000000
vt 0.010979 0.015679 0.000000
vt 0.000000 0.000000 0.000000
vt -0.070583 0.084117 0.000000
vt -0.084117 0.070583 0.000000
vt 0.000000 0.000000 0.000000
vt 0.108139 0.019068 0.000000
vt -0.001669 0.019068 0.000000
vt 0.000000 0.000000 0.000000
vt 0.109808 -0.000000 0.000000
vt 0.001669 0.019068 0.000000
vt 0.000000 0.000000 0.000000
vt -0.103186 0.037556 0.000000
vt -0.108139 0.019068 0.000000
vt 0.000000 0.000000 0.000000
vt -0.155133 -0.007003 0.000000
vt 0.000590 -0.026140 0.000000
vt 0.000000 0.000000 0.000000
vt 0.000432 -0.019136 0.000000
vt 0.155723 -0.019136 0.000000
vt 0.000000 0.000000 0.000000
vt -0.155291 0.000000 0.000000
vt -0.000590 -0.026140 0.000000
vt 0.000000 0.000000 0.000000
vt -0.000432 -0.019136 0.000000
vt 0.154701 -0.026140 0.000000
vt 0.000000 0.000000 0.000000
vt -0.155124 0.007208 0.000000
vt -0.001802 -0.026084 0.000000
vt 0.000000 0.000000 0.000000
vt -0.001319 -0.019095 0.000000
vt 0.153322 -0.033293 0.000000
vt 0.000000 0.000000 0.000000
vt -0.154559 0.015059 0.000000
vt -0.003122 -0.025960 0.000000
vt 0.000000 0.000000 0.000000
vt -0.002286 -0.019004 0.000000
vt 0.151437 -0.041019 0.000000
vt 0.000000 0.000000 0.000000
vt -0.153403 0.024142 0.000000
vt -0.004646 -0.025731 0.000000
vt 0.000000 0.000000 0.000000
vt -0.003401 -0.018836 0.000000
vt 0.148757 -0.049872 0.000000
vt 0.000000 0.000000 0.000000
vt -0.151208 0.035377 0.000000
vt -0.006530 -0.025318 0.000000
vt 0.000000 0.000000 0.000000
vt -0.004780 -0.018534 0.000000
vt 0.144678 -0.060697 0.000000
vt 0.000000 0.000000 0.000000
vt -0.146895 0.050371 0.000000
vt -0.009037 -0.024535 0.000000
vt 0.000000 0.000000 0.000000
vt -0.006616 -0.017961 0.000000
vt 0.137858 -0.074907 0.000000
vt 0.000000 0.000000 0.000000
vt 0.140681 -0.065759 0.000000
vt 0.011604 0.023431 0.000000
vt 0.000000 -0.000000 0.000000
vt 0.008494 0.017153 0.000000
vt -0.129078 0.089189 0.000000
vt 0.000000 -0.000000 0.000000
vt 0.139981 -0.067235 0.000000
vt 0.011849 0.023308 0.000000
vt 0.000000 -0.000000 0.000000
vt 0.008675 0.017062 0.000000
vt -0.128132 0.090543 0.000000
vt 0.000000 -0.000000 0.000000
vt 0.138414 -0.070406 0.000000
vt 0.012377 0.023032 0.000000
vt 0.000000 -0.000000 0.000000
vt 0.009060 0.016861 0.000000
vt -0.126037 0.093437 0.000000
vt 0.000000 -0.000000 0.000000
vt 0.135914 -0.075118 0.000000
vt 0.013161 0.022593 0.000000
vt 0.000000 -0.000000 0.000000
vt 0.009635 0.016539 0.000000
vt -0.122754 0.097711 0.000000
vt 0.000000 -0.000000 0.000000
vt 0.132274 -0.081358 0.000000
vt 0.014197 0.021956 0.000000
vt 0.000000 0.000000 0.000000
vt 0.010393 0.016074 0.000000
vt -0.118077 0.103314 0.000000
vt 0.000000 0.000000 0.000000
vt 0.127128 -0.089185 0.000000
vt 0.015495 0.021060 0.000000
vt 0.000000 0.000000 0.000000
vt 0.011343 0.015417 0.000000
vt -0.111633 0.110245 0.000000
vt 0.000000 0.000000 0.000000
vt 0.144473 0.056946 0.000000
vt -0.009037 0.024536 0.000000
vt 0.000000 0.000000 0.000000
vt -0.006615 0.017961 0.000000
vt -0.153510 -0.032410 0.000000
vt 0.000000 0.000000 0.000000
vt 0.149458 0.042162 0.000000
vt -0.006530 0.025319 0.000000
vt 0.000000 0.000000 0.000000
vt -0.004780 0.018534 0.000000
vt -0.155988 -0.016844 0.000000
vt 0.000000 0.000000 0.000000
vt 0.152158 0.031036 0.000000
vt -0.004647 0.025730 0.000000
vt 0.000000 0.000000 0.000000
vt -0.003402 0.018836 0.000000
vt -0.156805 -0.005306 0.000000
vt 0.000000 0.000000 0.000000
vt 0.153723 0.022015 0.000000
vt -0.003122 0.025960 0.000000
vt 0.000000 0.000000 0.000000
vt -0.002285 0.019004 0.000000
vt -0.156845 0.003945 0.000000
vt 0.000000 0.000000 0.000000
vt 0.154641 0.014198 0.000000
vt -0.001802 0.026084 0.000000
vt 0.000000 0.000000 0.000000
vt -0.001319 0.019095 0.000000
vt -0.156444 0.011887 0.000000
vt 0.000000 0.000000 0.000000
vt 0.155134 0.007004 0.000000
vt -0.000590 0.026140 0.000000
vt 0.000000 0.000000 0.000000
vt -0.000432 0.019136 0.000000
vt -0.155723 0.019136 0.000000
vt 0.000000 0.000000 0.000000
vt 0.155292 0.000000 0.000000
vt 0.000590 0.026140 0.000000
vt 0.000000 0.000000 0.000000
vt 0.000432 0.019136 0.000000
vt -0.154702 0.026140 0.000000
vt 0.000000 0.000000 0.000000
vt 0.155124 -0.007208 0.000000
vt 0.001802 0.026084 0.000000
vt 0.000000 0.000000 0.000000
vt 0.001319 0.019095 0.000000
vt -0.153322 0.033292 0.000000
vt 0.000000 0.000000 0.000000
vt 0.154560 -0.015058 0.000000
vt 0.003122 0.025960 0.000000
vt 0.000000 0.000000 0.000000
vt 0.002285 0.019003 0.000000
vt -0.151438 0.041019 0.000000
vt 0.000000 0.000000 0.000000
vt 0.153403 -0.024143 0.000000
vt 0.004647 0.025730 0.000000
vt 0.000000 0.000000 0.000000
vt 0.003402 0.018836 0.000000
vt -0.148756 0.049873 0.000000
vt 0.000000 0.000000 0.000000
vt 0.151208 -0.035379 0.000000
vt 0.006530 0.025318 0.000000
vt 0.000000 0.000000 0.000000
vt 0.004780 0.018534 0.000000
vt -0.144678 0.060697 0.000000
vt 0.000000 0.000000 0.000000
vt 0.146895 -0.050372 0.000000
vt 0.009037 0.024536 0.000000
vt 0.000000 0.000000 0.000000
vt 0.006615 0.017961 0.000000
vt -0.137858 0.074906 0.000000
vt 0.000000 0.000000 0.000000
vt -0.122976 -0.094828 0.000000
vt 0.015495 -0.021060 0.000000
vt 0.000000 -0.000000 0.000000
vt 0.011344 -0.015418 0.000000
vt 0.138471 0.073767 0.000000
vt 0.000000 -0.000000 0.000000
vt -0.128470 -0.087240 0.000000
vt 0.014197 -0.021956 0.000000
vt 0.000000 -0.000000 0.000000
vt 0.010393 -0.016074 0.000000
vt 0.142667 0.065284 0.000000
vt 0.000000 -0.000000 0.000000
vt -0.132388 -0.081172 0.000000
vt 0.013161 -0.022593 0.000000
vt 0.000000 0.000000 0.000000
vt 0.009635 -0.016539 0.000000
vt 0.145549 0.058579 0.000000
vt 0.000000 0.000000 0.000000
vt -0.135098 -0.076577 0.000000
vt 0.012377 -0.023032 0.000000
vt 0.000000 0.000000 0.000000
vt 0.009060 -0.016861 0.000000
vt 0.147475 0.053545 0.000000
vt 0.000000 0.000000 0.000000
vt -0.136806 -0.073481 0.000000
vt 0.011849 -0.023308 0.000000
vt 0.000000 0.000000 0.000000
vt 0.008675 -0.017062 0.000000
vt 0.148656 0.050174 0.000000
vt 0.000000 0.000000 0.000000
vt -0.137571 -0.072038 0.000000
vt 0.011604 -0.023431 0.000000
vt 0.000000 0.000000 0.000000
vt 0.008494 -0.017153 0.000000
vt 0.149175 0.048607 0.000000
vt 0.000000 0.000000 0.000000
vt -0.144474 -0.056945 0.000000
vt 0.009037 -0.024535 0.000000
vt 0.000000 0.000000 0.000000
vt 0.006615 -0.017961 0.000000
vt 0.153511 0.032410 0.000000
vt 0.000000 0.000000 0.000000
vt -0.149458 -0.042163 0.000000
vt 0.006530 -0.025318 0.000000
vt 0.000000 0.000000 0.000000
vt 0.004780 -0.018534 0.000000
vt 0.155988 0.016845 0.000000
vt 0.000000 0.000000 0.000000
vt -0.152159 -0.031037 0.000000
vt 0.004646 -0.025731 0.000000
vt 0.000000 0.000000 0.000000
vt 0.003402 -0.018836 0.000000
vt 0.156805 0.005307 0.000000
vt 0.000000 0.000000 0.000000
vt -0.153723 -0.022015 0.000000
vt 0.003122 -0.025960 0.000000
vt 0.000000 0.000000 0.000000
vt 0.002286 -0.019003 0.000000
vt 0.156845 -0.003945 0.000000
vt 0.000000 0.000000 0.000000
vt -0.154641 -0.014197 0.000000
vt 0.001802 -0.026084 0.000000
vt 0.000000 0.000000 0.000000
vt 0.001319 -0.019095 0.000000
vt 0.156443 -0.011887 0.000000
vt 0.000000 0.000000 0.000000
vt -0.084118 -0.070583 0.000000
vt 0.010979 -0.015679 0.000000
vt 0.000000 0.000000 0.000000
vt -0.095096 -0.054904 0.000000
vt 0.008089 -0.017347 0.000000
vt 0.000000 0.000000 0.000000
vt 0.108139 0.019068 0.000000
vt 0.103185 0.037556 0.000000
vt 0.000000 0.000000 0.000000
vt -0.037556 -0.103185 0.000000
vt 0.017348 -0.008089 0.000000
vt 0.000000 0.000000 0.000000
vt -0.054904 -0.095096 0.000000
vt 0.015680 -0.010979 0.000000
vt 0.000000 0.000000 0.000000
vt 0.084118 0.070583 0.000000
vt 0.070583 0.084117 0.000000
vt 0.000000 0.000000 0.000000
vt 0.019068 -0.108139 0.000000
vt 0.019068 0.001668 0.000000
vt 0.000000 0.000000 0.000000
vt 0.000000 -0.109807 0.000000
vt 0.019068 -0.001668 0.000000
vt 0.000000 0.000000 0.000000
vt 0.037556 0.103185 0.000000
vt 0.019068 0.108139 0.000000
vt 0.000000 0.000000 0.000000
vt 0.070583 -0.084117 0.000000
vt 0.015679 0.010979 0.000000
vt 0.000000 0.000000 0.000000
vt 0.054904 -0.095096 0.000000
vt 0.017347 0.008089 0.000000
vt 0.000000 0.000000 0.000000
vt -0.019068 0.108139 0.000000
vt -0.037556 0.103185 0.000000
vt 0.000000 0.000000 0.000000
vt 0.103185 -0.037556 0.000000
vt 0.008089 0.017347 0.000000
vt 0.000000 0.000000 0.000000
vt 0.095096 -0.054904 0.000000
vt 0.010979 0.015679 0.000000
vt 0.000000 0.000000 0.000000
vt -0.070583 0.084117 0.000000
vt -0.084117 0.070583 0.000000
vt 0.000000 0.000000 0.000000
vt 0.108139 0.019068 0.000000
vt -0.001668 0.019068 0.000000
vt 0.000000 0.000000 0.000000
vt 0.109808 0.000000 0.000000
vt 0.001668 0.019068 0.000000
vt 0.000000 0.000000 0.000000
vt -0.103185 0.037556 0.000000
vt -0.108139 0.019068 0.000000
vt 0.000000 0.000000 0.000000
vt 0.084117 0.070583 0.000000
vt -0.010979 0.015679 0.000000
vt 0.000000 0.000000 0.000000
vt 0.095096 0.054904 0.000000
vt -0.008089 0.017348 0.000000
vt 0.000000 0.000000 0.000000
vt -0.108139 -0.019068 0.000000
vt -0.103185 -0.037557 0.000000
vt 0.000000 0.000000 0.000000
vt 0.037556 0.103185 0.000000
vt -0.017347 0.008089 0.000000
vt 0.000000 0.000000 0.000000
vt 0.054904 0.095096 0.000000
vt -0.015679 0.010979 0.000000
vt 0.000000 0.000000 0.000000
vt -0.084117 -0.070583 0.000000
vt -0.070583 -0.084118 0.000000
vt 0.000000 0.000000 0.000000
vt -0.019068 0.108140 0.000000
vt -0.019068 -0.001668 0.000000
vt 0.000000 0.000000 0.000000
vt 0.000000 0.109808 0.000000
vt -0.019068 0.001668 0.000000
vt 0.000000 0.000000 0.000000
vt -0.037556 -0.103185 0.000000
vt -0.019068 -0.108140 0.000000
vt 0.000000 0.000000 0.000000
vt -0.070583 0.084118 0.000000
vt -0.015680 -0.010979 0.000000
vt 0.000000 0.000000 0.000000
vt -0.054904 0.095096 0.000000
vt -0.017348 -0.008089 0.000000
vt 0.000000 0.000000 0.000000
vt 0.019068 -0.108140 0.000000
vt 0.037556 -0.103185 0.000000
vt 0.000000 0.000000 0.000000
vt -0.103185 0.037557 0.000000
vt -0.008089 -0.017348 0.000000
vt 0.000000 0.000000 0.000000
vt -0.095096 0.054904 0.000000
vt -0.010979 -0.015679 0.000000
vt 0.000000 0.000000 0.000000
vt 0.070583 -0.084118 0.000000
vt 0.084118 -0.070583 0.000000
vt 0.000000 0.000000 0.000000
vt -0.108139 -0.019068 0.000000
vt 0.001668 -0.019068 0.000000
vt 0.000000 0.000000 0.000000
vt -0.109808 0.000000 0.000000
vt -0.001668 -0.019068 0.000000
vt 0.000000 0.000000 0.000000
vt 0.103185 -0.037557 0.000000
vt 0.108139 -0.019068 0.000000
vt 0.000000 0.000000 0.000000
vt 0.155133 0.007004 0.000000
vt -0.000589 0.026140 0.000000
vt 0.000000 0.000000 0.000000
vt -0.000432 0.019136 0.000000
vt -0.155723 0.019136 0.000000
vt 0.000000 0.000000 0.000000
vt 0.155291 0.000000 0.000000
vt 0.000589 0.026140 0.000000
vt 0.000000 0.000000 0.000000
vt 0.000432 0.019136 0.000000
vt -0.154702 0.026140 0.000000
vt 0.000000 0.000000 0.000000
vt 0.155124 -0.007208 0.000000
vt 0.001803 0.026084 0.000000
vt 0.000000 0.000000 0.000000
vt 0.001320 0.019095 0.000000
vt -0.153321 0.033293 0.000000
vt 0.000000 0.000000 0.000000
vt 0.154559 -0.015059 0.000000
vt 0.003122 0.025960 0.000000
vt 0.000000 0.000000 0.000000
vt 0.002286 0.019004 0.000000
vt -0.151437 0.041019 0.000000
vt 0.000000 0.000000 0.000000
vt 0.153403 -0.024143 0.000000
vt 0.004647 0.025731 0.000000
vt 0.000000 0.000000 0.000000
vt 0.003402 0.018836 0.000000
vt -0.148757 0.049874 0.000000
vt 0.000000 0.000000 0.000000
vt 0.151208 -0.035379 0.000000
vt 0.006530 0.025318 0.000000
vt 0.000000 0.000000 0.000000
vt 0.004780 0.018534 0.000000
vt -0.144678 0.060697 0.000000
vt 0.000000 0.000000 0.000000
vt 0.146895 -0.050371 0.000000
vt 0.009037 0.024535 0.000000
vt 0.000000 0.000000 0.000000
vt 0.006615 0.017961 0.000000
vt -0.137858 0.074906 0.000000
vt 0.000000 0.000000 0.000000
vt -0.122976 -0.094827 0.000000
vt 0.015496 -0.021061 0.000000
vt 0.000000 -0.000000 0.000000
vt 0.011343 -0.015418 0.000000
vt 0.138471 0.073767 0.000000
vt 0.000000 -0.000000 0.000000
vt -0.128470 -0.087240 0.000000
vt 0.014197 -0.021956 0.000000
vt 0.000000 -0.000000 0.000000
vt 0.010393 -0.016073 0.000000
vt 0.142667 0.065284 0.000000
vt 0.000000 -0.000000 0.000000
vt -0.132388 -0.081172 0.000000
vt 0.013161 -0.022593 0.000000
vt 0.000000 0.000000 0.000000
vt 0.009634 -0.016539 0.000000
vt 0.145549 0.058579 0.000000
vt 0.000000 0.000000 0.000000
vt -0.135098 -0.076576 0.000000
vt 0.012377 -0.023032 0.000000
vt 0.000000 0.000000 0.000000
vt 0.009060 -0.016861 0.000000
vt 0.147475 0.053545 0.000000
vt 0.000000 0.000000 0.000000
vt -0.136807 -0.073481 0.000000
vt 0.011849 -0.023308 0.000000
vt 0.000000 0.000000 0.000000
vt 0.008674 -0.017062 0.000000
vt 0.148656 0.050173 0.000000
vt 0.000000 0.000000 0.000000
vt -0.137572 -0.072038 0.000000
vt 0.011604 -0.023431 0.000000
vt 0.000000 0.000000 0.000000
vt 0.008495 -0.017153 0.000000
vt 0.149176 0.048607 0.000000
vt 0.000000 0.000000 0.000000
vt -0.144474 -0.056946 0.000000
vt 0.009037 -0.024536 0.000000
vt 0.000000 0.000000 0.000000
vt 0.006616 -0.017962 0.000000
vt 0.153511 0.032410 0.000000
vt 0.000000 0.000000 0.000000
vt -0.149458 -0.042162 0.000000
vt 0.006529 -0.025318 0.000000
vt 0.000000 0.000000 0.000000
vt 0.004780 -0.018534 0.000000
vt 0.155987 0.016844 0.000000
vt 0.000000 0.000000 0.000000
vt -0.152158 -0.031037 0.000000
vt 0.004647 -0.025731 0.000000
vt 0.000000 0.000000 0.000000
vt 0.003402 -0.018836 0.000000
vt 0.156805 0.005307 0.000000
vt 0.000000 0.000000 0.000000
vt -0.153723 -0.022015 0.000000
vt 0.003122 -0.025960 0.000000
vt 0.000000 0.000000 0.000000
vt 0.002286 -0.019004 0.000000
vt 0.156845 -0.003945 0.000000
vt 0.000000 0.000000 0.000000
vt -0.154641 -0.014197 0.000000
vt 0.001803 -0.026084 0.000000
vt 0.000000 0.000000 0.000000
vt 0.001319 -0.019095 0.000000
vt 0.156444 -0.011887 0.000000
vt 0.000000 0.000000 0.000000
vt -0.155134 -0.007004 0.000000
vt 0.000589 -0.026140 0.000000
vt 0.000000 0.000000 0.000000
vt 0.000432 -0.019136 0.000000
vt 0.155723 -0.019136 0.000000
vt 0.000000 0.000000 0.000000
vt -0.155291 -0.000000 0.000000
vt -0.000589 -0.026140 0.000000
vt 0.000000 0.000000 0.000000
vt -0.000432 -0.019136 0.000000
vt 0.154702 -0.026140 0.000000
vt 0.000000 0.000000 0.000000
vt -0.155124 0.007208 0.000000
vt -0.001803 -0.026085 0.000000
vt 0.000000 0.000000 0.000000
vt -0.001319 -0.019095 0.000000
vt 0.153322 -0.033293 0.000000
vt 0.000000 0.000000 0.000000
vt -0.154559 0.015059 0.000000
vt -0.003122 -0.025960 0.000000
vt 0.000000 0.000000 0.000000
vt -0.002286 -0.019004 0.000000
vt 0.151438 -0.041019 0.000000
vt 0.000000 0.000000 0.000000
vt -0.153404 0.024142 0.000000
vt -0.004647 -0.025731 0.000000
vt 0.000000 0.000000 0.000000
vt -0.003402 -0.018836 0.000000
vt 0.148757 -0.049873 0.000000
vt 0.000000 0.000000 0.000000
vt -0.151208 0.035379 0.000000
vt -0.006529 -0.025318 0.000000
vt 0.000000 0.000000 0.000000
vt -0.004780 -0.018534 0.000000
vt 0.144678 -0.060697 0.000000
vt 0.000000 0.000000 0.000000
vt -0.146895 0.050371 0.000000
vt -0.009037 -0.024536 0.000000
vt 0.000000 0.000000 0.000000
vt -0.006616 -0.017961 0.000000
vt 0.137858 -0.074908 0.000000
vt 0.000000 0.000000 0.000000
vt 0.140681 -0.065760 0.000000
vt 0.011604 0.023431 0.000000
vt 0.000000 -0.000000 0.000000
vt 0.008495 0.017153 0.000000
vt -0.129077 0.089190 0.000000
vt 0.000000 -0.000000 0.000000
vt 0.139981 -0.067235 0.000000
vt 0.011849 0.023308 0.000000
vt 0.000000 -0.000000 0.000000
vt 0.008674 0.017062 0.000000
vt -0.128132 0.090543 0.000000
vt 0.000000 -0.000000 0.000000
vt 0.138415 -0.070405 0.000000
vt 0.012377 0.023032 0.000000
vt 0.000000 -0.000000 0.000000
vt 0.009060 0.016861 0.000000
vt -0.126038 0.093437 0.000000
vt 0.000000 -0.000000 0.000000
vt 0.135914 -0.075118 0.000000
vt 0.013161 0.022593 0.000000
vt 0.000000 -0.000000 0.000000
vt 0.009634 0.016539 0.000000
vt -0.122753 0.097711 0.000000
vt 0.000000 -0.000000 0.000000
vt 0.132274 -0.081357 0.000000
vt 0.014197 0.021956 0.000000
vt 0.000000 0.000000 0.000000
vt 0.010393 0.016073 0.000000
vt -0.118077 0.103313 0.000000
vt 0.000000 0.000000 0.000000
vt 0.127128 -0.089184 0.000000
vt 0.015495 0.021061 0.000000
vt 0.000000 0.000000 0.000000
vt 0.011343 0.015418 0.000000
vt -0.111633 0.110245 0.000000
vt 0.000000 0.000000 0.000000
vt 0.144473 0.056945 0.000000
vt -0.009037 0.024535 0.000000
vt 0.000000 0.000000 0.000000
vt -0.006615 0.017961 0.000000
vt -0.153510 -0.032410 0.000000
vt 0.000000 0.000000 0.000000
vt 0.149458 0.042163 0.000000
vt -0.006530 0.025318 0.000000
vt 0.000000 0.000000 0.000000
vt -0.004780 0.018534 0.000000
vt -0.155988 -0.016845 0.000000
vt 0.000000 0.000000 0.000000
vt 0.152159 0.031037 0.000000
vt -0.004647 0.025731 0.000000
vt 0.000000 0.000000 0.000000
vt -0.003402 0.018836 0.000000
vt -0.156805 -0.005306 0.000000
vt 0.000000 0.000000 0.000000
vt 0.153723 0.022015 0.000000
vt -0.003122 0.025960 0.000000
vt 0.000000 0.000000 0.000000
vt -0.002286 0.019004 0.000000
vt -0.156845 0.003945 0.000000
vt 0.000000 0.000000 0.000000
vt 0.154641 0.014198 0.000000
vt -0.001803 0.026085 0.000000
vt 0.000000 0.000000 0.000000
vt -0.001320 0.019095 0.000000
vt -0.156444 0.011887 0.000000
vt 0.000000 0.000000 0.000000
vt 0.400000 0.000000 0.000000
vt 0.000000 0.250000 0.000000
vt 0.000000 0.000000 0.000000
vt 0.000000 0.250000 0.000000
vt -0.400000 0.250000 0.000000
vt 0.000000 0.000000 0.000000
vt -0.000000 0.250000 0.000000
vt -0.100000 0.000000 0.000000
vt 0.000000 0.000000 0.000000
vt -0.100000 0.000000 0.000000
vt -0.100000 -0.250000 0.000000
vt 0.000000 0.000000 0.000000
vt -0.000000 -0.250000 0.000000
vt 0.100000 0.000000 0.000000
vt 0.000000 0.000000 0.000000
vt 0.100000 0.000000 0.000000
vt 0.100000 0.250000 0.000000
vt 0.000000 0.000000 0.000000
vt -0.200000 -0.346410 0.000000
vt 0.086602 -0.050000 0.000000
vt 0.000000 0.000000 0.000000
vt 0.086602 -0.050001 0.000000
vt 0.286602 0.296410 0.000000
vt 0.000000 0.000000 0.000000
vt 0.400000 -0.000000 0.000000
vt 0.000000 0.300000 0.000000
vt 0.000000 0.000000 0.000000
vt 0.000000 0.300000 0.000000
vt -0.400000 0.300000 0.000000
vt 0.000000 0.000000 0.000000
vt 0.000000 0.300000 0.000000
vt -0.100000 -0.000000 0.000000
vt 0.000000 0.000000 0.000000
vt -0.100000 0.000000 0.000000
vt -0.100000 -0.300000 0.000000
vt 0.000000 0.000000 0.000000
vt -0.000000 -0.300000 0.000000
vt 0.100000 -0.000000 0.000000
vt 0.000000 0.000000 0.000000
vt 0.100000 0.000000 0.000000
vt 0.100000 0.300000 0.000000
vt 0.000000 0.000000 0.000000
vt 0.400000 -0.000000 0.000000
vt -0.000000 0.250000 0.000000
vt 0.000000 0.000000 0.000000
vt 0.000000 0.250000 0.000000
vt -0.400000 0.250000 0.000000
vt 0.000000 0.000000 0.000000
vt -0.000000 0.250000 0.000000
vt -0.100000 -0.000000 0.000000
vt 0.000000 0.000000 0.000000
vt -0.100000 -0.000000 0.000000
vt -0.100000 -0.250000 0.000000
vt 0.000000 0.000000 0.000000
vt -0.200000 0.346410 0.000000
vt -0.086602 -0.050001 0.000000
vt 0.000000 0.000000 0.000000
vt -0.086602 -0.050000 0.000000
vt 0.113398 -0.396410 0.000000
vt 0.000000 0.000000 0.000000
vt 0.000000 -0.250000 0.000000
vt 0.100000 0.000000 0.000000
vt 0.000000 0.000000 0.000000
vt 0.100000 0.000000 0.000000
vt 0.100000 0.250000 0.000000
vt 0.000000 0.000000 0.000000
vt 0.400000 -0.000000 0.000000
vt 0.000000 0.300000 0.000000
vt 0.000000 0.000000 0.000000
vt 0.000000 0.300000 0.000000
vt -0.400000 0.300000 0.000000
vt 0.000000 0.000000 0.000000
vt 0.000000 0.300000 0.000000
vt -0.100000 -0.000000 0.000000
vt 0.000000 0.000000 0.000000
vt -0.100000 0.000000 0.000000
vt -0.100000 -0.300000 0.000000
vt 0.000000 0.000000 0.000000
vt 0.000000 -0.300000 0.000000
vt 0.100000 0.000000 0.000000
vt 0.000000 0.000000 0.000000
vt 0.100000 0.000000 0.000000
vt 0.100000 0.300000 0.000000
vt 0.000000 0.000000 0.000000
vt 0.400000 0.000000 0.000000
vt -0.000000 3.400000 0.000000
vt 0.000000 0.000000 0.000000
vt -0.000000 3.400000 0.000000
vt -0.400000 3.400000 0.000000
vt 0.000000 0.000000 0.000000
vt -0.000000 3.400000 0.000000
vt -0.100000 0.000000 0.000000
vt 0.000000 0.000000 0.000000
vt -0.100000 0.000000 0.000000
vt -0.100000 -3.400000 0.000000
vt 0.000000 0.000000 0.000000
vt -0.000000 -3.400000 0.000000
vt 0.100000 0.000000 0.000000
vt 0.000000 0.000000 0.000000
vt 0.100000 0.000000 0.000000
vt 0.100000 3.400000 0.000000
vt 0.000000 0.000000 0.000000
vt 0.400000 0.000000 0.000000
vt 0.000000 3.400000 0.000000
vt 0.000000 0.000000 0.000000
vt 0.000000 3.400000 0.000000
vt -0.400000 3.400000 0.000000
vt 0.000000 0.000000 0.000000
vt -0.000000 3.400000 0.000000
vt -0.100000 -0.000000 0.000000
vt 0.000000 0.000000 0.000000
vt -0.100000 0.000000 0.000000
vt -0.100000 -3.400000 0.000000
vt 0.000000 0.000000 0.000000
vt 0.000000 -3.400000 0.000000
vt 0.100000 0.000000 0.000000
vt 0.000000 0.000000 0.000000
vt 0.100000 -0.000000 0.000000
vt 0.100000 3.400000 0.000000
vt 0.000000 0.000000 0.000000
vt 0.400000 0.000000 0.000000
vt -0.000000 1.300000 0.000000
vt 0.000000 0.000000 0.000000
vt -0.000000 1.300000 0.000000
vt -0.400000 1.300000 0.000000
vt 0.000000 0.000000 0.000000
vt 0.000000 1.300000 0.000000
vt -0.100000 0.000000 0.000000
vt 0.000000 0.000000 0.000000
vt -0.100000 -0.000000 0.000000
vt -0.100000 -1.300000 0.000000
vt 0.000000 0.000000 0.000000
vt 0.000000 -1.300000 0.000000
vt 0.100000 0.000000 0.000000
vt 0.000000 0.000000 0.000000
vt 0.100000 0.000000 0.000000
vt 0.100000 1.300000 0.000000
vt 0.000000 0.000000 0.000000
vt -0.084118 -0.070583 0.000000
vt 0.010979 -0.015679 0.000000
vt 0.000000 0.000000 0.000000
vt -0.095096 -0.054904 0.000000
vt 0.008089 -0.017347 0.000000
vt 0.000000 0.000000 0.000000
vt 0.108139 0.019068 0.000000
vt 0.103185 0.037556 0.000000
vt 0.000000 0.000000 0.000000
vt -0.037556 -0.103185 0.000000
vt 0.017347 -0.008089 0.000000
vt 0.000000 0.000000 0.000000
vt -0.054904 -0.095096 0.000000
vt 0.015679 -0.010979 0.000000
vt 0.000000 0.000000 0.000000
vt 0.084118 0.070583 0.000000
vt 0.070583 0.084117 0.000000
vt 0.000000 0.000000 0.000000
vt 0.019068 -0.108139 0.000000
vt 0.019068 0.001669 0.000000
vt 0.000000 0.000000 0.000000
vt 0.000000 -0.109808 0.000000
vt 0.019068 -0.001669 0.000000
vt 0.000000 0.000000 0.000000
vt 0.037556 0.103185 0.000000
vt 0.019068 0.108139 0.000000
vt 0.000000 0.000000 0.000000
vt 0.070583 -0.084117 0.000000
vt 0.015679 0.010979 0.000000
vt 0.000000 0.000000 0.000000
vt 0.054904 -0.095096 0.000000
vt 0.017347 0.008089 0.000000
vt 0.000000 0.000000 0.000000
vt -0.019068 0.108139 0.000000
vt -0.037556 0.103185 0.000000
vt 0.000000 0.000000 0.000000
vt 0.103186 -0.037556 0.000000
vt 0.008090 0.017347 0.000000
vt 0.000000 0.000000 0.000000
vt 0.095096 -0.054904 0.000000
vt 0.010978 0.015679 0.000000
vt 0.000000 0.000000 0.000000
vt -0.070583 0.084117 0.000000
vt -0.084118 0.070583 0.000000
vt 0.000000 0.000000 0.000000
vt 0.108140 0.019068 0.000000
vt -0.001668 0.019068 0.000000
vt 0.000000 0.000000 0.000000
vt 0.109808 -0.000000 0.000000
vt 0.001668 0.019068 0.000000
vt 0.000000 0.000000 0.000000
vt -0.103186 0.037556 0.000000
vt -0.108140 0.019068 0.000000
vt 0.000000 0.000000 0.000000
vt 0.084118 0.070583 0.000000
vt -0.010978 0.015679 0.000000
vt 0.000000 0.000000 0.000000
vt 0.095096 0.054904 0.000000
vt -0.008090 0.017347 0.000000
vt 0.000000 0.000000 0.000000
vt -0.108140 -0.019068 0.000000
vt -0.103186 -0.037557 0.000000
vt 0.000000 0.000000 0.000000
vt 0.037556 0.103185 0.000000
vt -0.017347 0.008089 0.000000
vt 0.000000 0.000000 0.000000
vt 0.054904 0.095096 0.000000
vt -0.015679 0.010979 0.000000
vt 0.000000 0.000000 0.000000
vt -0.084118 -0.070583 0.000000
vt -0.070583 -0.084117 0.000000
vt 0.000000 0.000000 0.000000
vt -0.019068 0.108139 0.000000
vt -0.019068 -0.001669 0.000000
vt 0.000000 0.000000 0.000000
vt 0.000000 0.109808 0.000000
vt -0.019068 0.001669 0.000000
vt 0.000000 0.000000 0.000000
vt -0.037556 -0.103185 0.000000
vt -0.019068 -0.108139 0.000000
vt 0.000000 0.000000 0.000000
vt -0.070583 0.084117 0.000000
vt -0.015679 -0.010979 0.000000
vt 0.000000 0.000000 0.000000
vt -0.054904 0.095096 0.000000
vt -0.017347 -0.008089 0.000000
vt 0.000000 0.000000 0.000000
vt 0.019068 -0.108139 0.000000
vt 0.037556 -0.103185 0.000000
vt 0.000000 0.000000 0.000000
vt -0.103185 0.037557 0.000000
vt -0.008089 -0.017347 0.000000
vt 0.000000 0.000000 0.000000
vt -0.095096 0.054904 0.000000
vt -0.010979 -0.015679 0.000000
vt 0.000000 0.000000 0.000000
vt 0.070583 -0.084117 0.000000
vt 0.084118 -0.070583 0.000000
vt 0.000000 0.000000 0.000000
vt -0.108139 -0.019068 0.000000
vt 0.001668 -0.019068 0.000000
vt 0.000000 0.000000 0.000000
vt -0.109808 -0.000000 0.000000
vt -0.001668 -0.019068 0.000000
vt 0.000000 0.000000 0.000000
vt 0.103185 -0.037557 0.000000
vt 0.108139 -0.019068 0.000000
vt 0.000000 0.000000 0.000000
vt -0.155134 -0.007004 0.000000
vt 0.000590 -0.026140 0.000000
vt 0.000000 0.000000 0.000000
vt 0.000432 -0.019136 0.000000
vt 0.155723 -0.019136 0.000000
vt 0.000000 0.000000 0.000000
vt -0.155291 0.000000 0.000000
vt -0.000590 -0.026140 0.000000
vt 0.000000 0.000000 0.000000
vt -0.000432 -0.019136 0.000000
vt 0.154702 -0.026140 0.000000
vt 0.000000 0.000000 0.000000
vt -0.155124 0.007208 0.000000
vt -0.001803 -0.026084 0.000000
vt 0.000000 0.000000 0.000000
vt -0.001319 -0.019095 0.000000
vt 0.153321 -0.033293 0.000000
vt 0.000000 0.000000 0.000000
vt -0.154559 0.015059 0.000000
vt -0.003121 -0.025960 0.000000
vt 0.000000 0.000000 0.000000
vt -0.002286 -0.019004 0.000000
vt 0.151438 -0.041019 0.000000
vt 0.000000 0.000000 0.000000
vt -0.153404 0.024143 0.000000
vt -0.004647 -0.025730 0.000000
vt 0.000000 0.000000 0.000000
vt -0.003401 -0.018836 0.000000
vt 0.148757 -0.049873 0.000000
vt 0.000000 0.000000 0.000000
vt -0.151208 0.035379 0.000000
vt -0.006529 -0.025319 0.000000
vt 0.000000 0.000000 0.000000
vt -0.004780 -0.018534 0.000000
vt 0.144678 -0.060698 0.000000
vt 0.000000 0.000000 0.000000
vt -0.146895 0.050371 0.000000
vt -0.009037 -0.024535 0.000000
vt 0.000000 0.000000 0.000000
vt -0.006615 -0.017961 0.000000
vt 0.137859 -0.074906 0.000000
vt 0.000000 0.000000 0.000000
vt -0.140681 0.065760 0.000000
vt -0.011603 -0.023431 0.000000
vt 0.000000 0.000000 0.000000
vt -0.008494 -0.017153 0.000000
vt 0.129078 -0.089191 0.000000
vt 0.000000 0.000000 0.000000
vt -0.139981 0.067236 0.000000
vt -0.011849 -0.023307 0.000000
vt 0.000000 0.000000 0.000000
vt -0.008675 -0.017063 0.000000
vt 0.128132 -0.090543 0.000000
vt 0.000000 0.000000 0.000000
vt -0.138415 0.070405 0.000000
vt -0.012377 -0.023032 0.000000
vt 0.000000 0.000000 0.000000
vt -0.009060 -0.016860 0.000000
vt 0.126037 -0.093437 0.000000
vt 0.000000 0.000000 0.000000
vt -0.135914 0.075118 0.000000
vt -0.013161 -0.022593 0.000000
vt 0.000000 0.000000 0.000000
vt -0.009635 -0.016539 0.000000
vt 0.122754 -0.097711 0.000000
vt 0.000000 0.000000 0.000000
vt -0.132275 0.081357 0.000000
vt -0.014197 -0.021957 0.000000
vt 0.000000 -0.000000 0.000000
vt -0.010393 -0.016073 0.000000
vt 0.118077 -0.103314 0.000000
vt 0.000000 -0.000000 0.000000
vt -0.127128 0.089185 0.000000
vt -0.015495 -0.021061 0.000000
vt 0.000000 -0.000000 0.000000
vt -0.011343 -0.015417 0.000000
vt 0.111633 -0.110245 0.000000
vt 0.000000 -0.000000 0.000000
vt 0.144474 0.056946 0.000000
vt -0.009037 0.024536 0.000000
vt 0.000000 0.000000 0.000000
vt -0.006616 0.017961 0.000000
vt -0.153511 -0.032410 0.000000
vt 0.000000 0.000000 0.000000
vt 0.149458 0.042163 0.000000
vt -0.006530 0.025318 0.000000
vt 0.000000 0.000000 0.000000
vt -0.004780 0.018534 0.000000
vt -0.155988 -0.016845 0.000000
vt 0.000000 0.000000 0.000000
vt 0.152158 0.031037 0.000000
vt -0.004647 0.025730 0.000000
vt 0.000000 0.000000 0.000000
vt -0.003401 0.018836 0.000000
vt -0.156805 -0.005306 0.000000
vt 0.000000 0.000000 0.000000
vt 0.153723 0.022015 0.000000
vt -0.003122 0.025960 0.000000
vt 0.000000 0.000000 0.000000
vt -0.002285 0.019004 0.000000
vt -0.156845 0.003945 0.000000
vt 0.000000 0.000000 0.000000
vt 0.154641 0.014197 0.000000
vt -0.001803 0.026084 0.000000
vt 0.000000 0.000000 0.000000
vt -0.001320 0.019095 0.000000
vt -0.156444 0.011887 0.000000
vt 0.000000 0.000000 0.000000
vt 0.155133 0.007004 0.000000
vt -0.000590 0.026140 0.000000
vt 0.000000 0.000000 0.000000
vt -0.000432 0.019136 0.000000
vt -0.155723 0.019136 0.000000
vt 0.000000 0.000000 0.000000
vt 0.155292 -0.000000 0.000000
vt 0.000590 0.026140 0.000000
vt 0.000000 0.000000 0.000000
vt 0.000432 0.019136 0.000000
vt -0.154702 0.026140 0.000000
vt 0.000000 0.000000 0.000000
vt 0.155124 -0.007208 0.000000
vt 0.001803 0.026085 0.000000
vt 0.000000 0.000000 0.000000
vt 0.001320 0.019095 0.000000
vt -0.153321 0.033293 0.000000
vt 0.000000 0.000000 0.000000
vt 0.154559 -0.015059 0.000000
vt 0.003122 0.025960 0.000000
vt 0.000000 0.000000 0.000000
vt 0.002285 0.019004 0.000000
vt -0.151438 0.041019 0.000000
vt 0.000000 0.000000 0.000000
vt 0.153403 -0.024143 0.000000
vt 0.004647 0.025730 0.000000
vt 0.000000 0.000000 0.000000
vt 0.003401 0.018836 0.000000
vt -0.148757 0.049872 0.000000
vt 0.000000 0.000000 0.000000
vt 0.151208 -0.035378 0.000000
vt 0.006529 0.025318 0.000000
vt 0.000000 0.000000 0.000000
vt 0.004780 0.018534 0.000000
vt -0.144678 0.060697 0.000000
vt 0.000000 0.000000 0.000000
vt 0.146895 -0.050371 0.000000
vt 0.009037 0.024536 0.000000
vt 0.000000 0.000000 0.000000
vt 0.006616 0.017961 0.000000
vt -0.137858 0.074907 0.000000
vt 0.000000 0.000000 0.000000
vt 0.122976 0.094828 0.000000
vt -0.015495 0.021061 0.000000
vt 0.000000 0.000000 0.000000
vt -0.011343 0.015417 0.000000
vt -0.138471 -0.073768 0.000000
vt 0.000000 0.000000 0.000000
vt 0.128470 0.087240 0.000000
vt -0.014197 0.021957 0.000000
vt 0.000000 0.000000 0.000000
vt -0.010393 0.016073 0.000000
vt -0.142667 -0.065284 0.000000
vt 0.000000 0.000000 0.000000
vt 0.132388 0.081171 0.000000
vt -0.013161 0.022593 0.000000
vt 0.000000 -0.000000 0.000000
vt -0.009635 0.016539 0.000000
vt -0.145549 -0.058579 0.000000
vt 0.000000 -0.000000 0.000000
vt 0.135098 0.076577 0.000000
vt -0.012377 0.023032 0.000000
vt 0.000000 -0.000000 0.000000
vt -0.009060 0.016860 0.000000
vt -0.147475 -0.053545 0.000000
vt 0.000000 -0.000000 0.000000
vt 0.136807 0.073481 0.000000
vt -0.011849 0.023307 0.000000
vt 0.000000 -0.000000 0.000000
vt -0.008675 0.017063 0.000000
vt -0.148656 -0.050173 0.000000
vt 0.000000 -0.000000 0.000000
vt 0.137572 0.072038 0.000000
vt -0.011603 0.023431 0.000000
vt 0.000000 -0.000000 0.000000
vt -0.008494 0.017153 0.000000
vt -0.149175 -0.048607 0.000000
vt 0.000000 -0.000000 0.000000
vt -0.144474 -0.056945 0.000000
vt 0.009037 -0.024536 0.000000
vt 0.000000 0.000000 0.000000
vt 0.006615 -0.017961 0.000000
vt 0.153511 0.032409 0.000000
vt 0.000000 0.000000 0.000000
vt -0.149458 -0.042163 0.000000
vt 0.006529 -0.025319 0.000000
vt 0.000000 0.000000 0.000000
vt 0.004780 -0.018534 0.000000
vt 0.155988 0.016845 0.000000
vt 0.000000 0.000000 0.000000
vt -0.152158 -0.031037 0.000000
vt 0.004647 -0.025730 0.000000
vt 0.000000 0.000000 0.000000
vt 0.003401 -0.018836 0.000000
vt 0.156805 0.005306 0.000000
vt 0.000000 0.000000 0.000000
vt -0.153723 -0.022015 0.000000
vt 0.003121 -0.025960 0.000000
vt 0.000000 0.000000 0.000000
vt 0.002286 -0.019004 0.000000
vt 0.156845 -0.003944 0.000000
vt 0.000000 0.000000 0.000000
vt -0.154641 -0.014198 0.000000
vt 0.001803 -0.026085 0.000000
vt 0.000000 0.000000 0.000000
vt 0.001319 -0.019095 0.000000
vt 0.156444 -0.011887 0.000000
vt 0.000000 0.000000 0.000000
vt 0.084117 0.070583 0.000000
vt -0.010979 0.015678 0.000000
vt 0.000000 0.000000 0.000000
vt 0.095096 0.054904 0.000000
vt -0.008089 0.017348 0.000000
vt 0.000000 0.000000 0.000000
vt -0.108139 -0.019068 0.000000
vt -0.103185 -0.037556 0.000000
vt 0.000000 0.000000 0.000000
vt 0.037556 0.103185 0.000000
vt -0.017347 0.008089 0.000000
vt 0.000000 0.000000 0.000000
vt 0.054903 0.095097 0.000000
vt -0.015680 0.010979 0.000000
vt 0.000000 0.000000 0.000000
vt -0.084117 -0.070583 0.000000
vt -0.070583 -0.084118 0.000000
vt 0.000000 0.000000 0.000000
vt -0.019068 0.108140 0.000000
vt -0.019068 -0.001668 0.000000
vt 0.000000 0.000000 0.000000
vt -0.000000 0.109808 0.000000
vt -0.019068 0.001668 0.000000
vt 0.000000 0.000000 0.000000
vt -0.037556 -0.103185 0.000000
vt -0.019068 -0.108140 0.000000
vt 0.000000 0.000000 0.000000
vt -0.070584 0.084118 0.000000
vt -0.015680 -0.010979 0.000000
vt 0.000000 0.000000 0.000000
vt -0.054904 0.095097 0.000000
vt -0.017348 -0.008089 0.000000
vt 0.000000 0.000000 0.000000
vt 0.019068 -0.108140 0.000000
vt 0.037556 -0.103185 0.000000
vt 0.000000 0.000000 0.000000
vt -0.103186 0.037556 0.000000
vt -0.008089 -0.017348 0.000000
vt 0.000000 0.000000 0.000000
vt -0.095096 0.054904 0.000000
vt -0.010979 -0.015678 0.000000
vt 0.000000 0.000000 0.000000
vt 0.070584 -0.084118 0.000000
vt 0.084118 -0.070583 0.000000
vt 0.000000 0.000000 0.000000
vt -0.108139 -0.019067 0.000000
vt 0.001668 -0.019067 0.000000
vt 0.000000 0.000000 0.000000
vt -0.109808 0.000000 0.000000
vt -0.001668 -0.019068 0.000000
vt 0.000000 0.000000 0.000000
vt 0.103186 -0.037556 0.000000
vt 0.108139 -0.019068 0.000000
vt 0.000000 0.000000 0.000000
vt -0.084118 -0.070583 0.000000
vt 0.010979 -0.015678 0.000000
vt 0.000000 0.000000 0.000000
vt -0.095096 -0.054904 0.000000
vt 0.008089 -0.017348 0.000000
vt 0.000000 0.000000 0.000000
vt 0.108139 0.019067 0.000000
vt 0.103186 0.037556 0.000000
vt 0.000000 0.000000 0.000000
vt -0.037556 -0.103185 0.000000
vt 0.017348 -0.008089 0.000000
vt 0.000000 0.000000 0.000000
vt -0.054904 -0.095096 0.000000
vt 0.015680 -0.010979 0.000000
vt 0.000000 0.000000 0.000000
vt 0.084118 0.070583 0.000000
vt 0.070584 0.084117 0.000000
vt 0.000000 0.000000 0.000000
vt 0.019068 -0.108139 0.000000
vt 0.019068 0.001669 0.000000
vt 0.000000 0.000000 0.000000
vt -0.000000 -0.109808 0.000000
vt 0.019068 -0.001669 0.000000
vt 0.000000 0.000000 0.000000
vt 0.037556 0.103185 0.000000
vt 0.019068 0.108139 0.000000
vt 0.000000 0.000000 0.000000
vt 0.070583 -0.084117 0.000000
vt 0.015680 0.010979 0.000000
vt 0.000000 0.000000 0.000000
vt 0.054903 -0.095096 0.000000
vt 0.017347 0.008089 0.000000
vt 0.000000 0.000000 0.000000
vt -0.019068 0.108139 0.000000
vt -0.037556 0.103185 0.000000
vt 0.000000 0.000000 0.000000
vt 0.103185 -0.037556 0.000000
vt 0.008089 0.017348 0.000000
vt 0.000000 0.000000 0.000000
vt 0.095096 -0.054904 0.000000
vt 0.010979 0.015678 0.000000
vt 0.000000 0.000000 0.000000
vt -0.070583 0.084117 0.000000
vt -0.084117 0.070583 0.000000
vt 0.000000 0.000000 0.000000
vt 0.108139 0.019068 0.000000
vt -0.001668 0.019068 0.000000
vt 0.000000 0.000000 0.000000
vt 0.109808 0.000000 0.000000
vt 0.001668 0.019067 0.000000
vt 0.000000 0.000000 0.000000
vt -0.103185 0.037556 0.000000
vt -0.108139 0.019067 0.000000
vt 0.000000 0.000000 0.000000
vt 0.155133 0.007004 0.000000
vt -0.000590 0.026140 0.000000
vt 0.000000 0.000000 0.000000
vt -0.000431 0.019136 0.000000
vt -0.155723 0.019136 0.000000
vt 0.000000 0.000000 0.000000
vt 0.155292 -0.000000 0.000000
vt 0.000590 0.026140 0.000000
vt 0.000000 0.000000 0.000000
vt 0.000431 0.019135 0.000000
vt -0.154702 0.026140 0.000000
vt 0.000000 0.000000 0.000000
vt 0.155124 -0.007208 0.000000
vt 0.001802 0.026085 0.000000
vt 0.000000 0.000000 0.000000
vt 0.001320 0.019096 0.000000
vt -0.153322 0.033294 0.000000
vt 0.000000 0.000000 0.000000
vt 0.154560 -0.015059 0.000000
vt 0.003123 0.025960 0.000000
vt 0.000000 0.000000 0.000000
vt 0.002285 0.019004 0.000000
vt -0.151437 0.041018 0.000000
vt 0.000000 0.000000 0.000000
vt 0.153403 -0.024142 0.000000
vt 0.004646 0.025731 0.000000
vt 0.000000 0.000000 0.000000
vt 0.003401 0.018835 0.000000
vt -0.148757 0.049873 0.000000
vt 0.000000 0.000000 0.000000
vt 0.151208 -0.035379 0.000000
vt 0.006529 0.025318 0.000000
vt 0.000000 0.000000 0.000000
vt 0.004780 0.018534 0.000000
vt -0.144678 0.060697 0.000000
vt 0.000000 0.000000 0.000000
vt 0.146895 -0.050371 0.000000
vt 0.009037 0.024535 0.000000
vt 0.000000 0.000000 0.000000
vt 0.006616 0.017961 0.000000
vt -0.137857 0.074908 0.000000
vt 0.000000 0.000000 0.000000
vt 0.122975 0.094828 0.000000
vt -0.015496 0.021060 0.000000
vt 0.000000 0.000000 0.000000
vt -0.011343 0.015418 0.000000
vt -0.138471 -0.073768 0.000000
vt 0.000000 0.000000 0.000000
vt 0.128470 0.087241 0.000000
vt -0.014197 0.021957 0.000000
vt 0.000000 0.000000 0.000000
vt -0.010393 0.016073 0.000000
vt -0.142667 -0.065284 0.000000
vt 0.000000 0.000000 0.000000
vt 0.132388 0.081172 0.000000
vt -0.013161 0.022593 0.000000
vt 0.000000 -0.000000 0.000000
vt -0.009634 0.016539 0.000000
vt -0.145549 -0.058579 0.000000
vt 0.000000 -0.000000 0.000000
vt 0.135098 0.076577 0.000000
vt -0.012377 0.023032 0.000000
vt 0.000000 -0.000000 0.000000
vt -0.009060 0.016861 0.000000
vt -0.147475 -0.053545 0.000000
vt 0.000000 -0.000000 0.000000
vt 0.136807 0.073481 0.000000
vt -0.011850 0.023308 0.000000
vt 0.000000 -0.000000 0.000000
vt -0.008675 0.017062 0.000000
vt -0.148656 -0.050173 0.000000
vt 0.000000 -0.000000 0.000000
vt 0.137572 0.072038 0.000000
vt -0.011604 0.023431 0.000000
vt 0.000000 -0.000000 0.000000
vt -0.008495 0.017153 0.000000
vt -0.149175 -0.048607 0.000000
vt 0.000000 -0.000000 0.000000
vt -0.144474 -0.056946 0.000000
vt 0.009036 -0.024536 0.000000
vt 0.000000 0.000000 0.000000
vt 0.006616 -0.017961 0.000000
vt 0.153510 0.032410 0.000000
vt 0.000000 0.000000 0.000000
vt -0.149458 -0.042163 0.000000
vt 0.006530 -0.025318 0.000000
vt 0.000000 0.000000 0.000000
vt 0.004779 -0.018534 0.000000
vt 0.155987 0.016845 0.000000
vt 0.000000 0.000000 0.000000
vt -0.152159 -0.031037 0.000000
vt 0.004647 -0.025730 0.000000
vt 0.000000 0.000000 0.000000
vt 0.003402 -0.018835 0.000000
vt 0.156806 0.005307 0.000000
vt 0.000000 0.000000 0.000000
vt -0.153724 -0.022015 0.000000
vt 0.003122 -0.025960 0.000000
vt 0.000000 0.000000 0.000000
vt 0.002286 -0.019004 0.000000
vt 0.156846 -0.003945 0.000000
vt 0.000000 0.000000 0.000000
vt -0.154641 -0.014198 0.000000
vt 0.001802 -0.026085 0.000000
vt 0.000000 0.000000 0.000000
vt 0.001319 -0.019096 0.000000
vt 0.156443 -0.011887 0.000000
vt 0.000000 0.000000 0.000000
vt -0.155134 -0.007004 0.000000
vt 0.000590 -0.026140 0.000000
vt 0.000000 0.000000 0.000000
vt 0.000432 -0.019135 0.000000
vt 0.155723 -0.019135 0.000000
vt 0.000000 0.000000 0.000000
vt -0.155291 -0.000000 0.000000
vt -0.000590 -0.026140 0.000000
vt 0.000000 0.000000 0.000000
vt -0.000432 -0.019136 0.000000
vt 0.154701 -0.026140 0.000000
vt 0.000000 0.000000 0.000000
vt -0.155124 0.007208 0.000000
vt -0.001802 -0.026084 0.000000
vt 0.000000 0.000000 0.000000
vt -0.001319 -0.019095 0.000000
vt 0.153322 -0.033293 0.000000
vt 0.000000 0.000000 0.000000
vt -0.154560 0.015059 0.000000
vt -0.003122 -0.025960 0.000000
vt 0.000000 0.000000 0.000000
vt -0.002286 -0.019004 0.000000
vt 0.151438 -0.041019 0.000000
vt 0.000000 0.000000 0.000000
vt -0.153404 0.024142 0.000000
vt -0.004647 -0.025730 0.000000
vt 0.000000 0.000000 0.000000
vt -0.003402 -0.018835 0.000000
vt 0.148757 -0.049873 0.000000
vt 0.000000 0.000000 0.000000
vt -0.151208 0.035378 0.000000
vt -0.006530 -0.025318 0.000000
vt 0.000000 0.000000 0.000000
vt -0.004779 -0.018535 0.000000
vt 0.144679 -0.060696 0.000000
vt 0.000000 0.000000 0.000000
vt -0.146894 0.050372 0.000000
vt -0.009036 -0.024536 0.000000
vt 0.000000 0.000000 0.000000
vt -0.006616 -0.017961 0.000000
vt 0.137858 -0.074907 0.000000
vt 0.000000 0.000000 0.000000
vt -0.140681 0.065759 0.000000
vt -0.011603 -0.023431 0.000000
vt 0.000000 0.000000 0.000000
vt -0.008494 -0.017153 0.000000
vt 0.129078 -0.089189 0.000000
vt 0.000000 0.000000 0.000000
vt -0.139982 0.067235 0.000000
vt -0.011850 -0.023308 0.000000
vt 0.000000 0.000000 0.000000
vt -0.008675 -0.017062 0.000000
vt 0.128131 -0.090544 0.000000
vt 0.000000 0.000000 0.000000
vt -0.138415 0.070405 0.000000
vt -0.012377 -0.023032 0.000000
vt 0.000000 0.000000 0.000000
vt -0.009060 -0.016861 0.000000
vt 0.126038 -0.093437 0.000000
vt 0.000000 0.000000 0.000000
vt -0.135915 0.075118 0.000000
vt -0.013161 -0.022593 0.000000
vt 0.000000 0.000000 0.000000
vt -0.009634 -0.016539 0.000000
vt 0.122753 -0.097711 0.000000
vt 0.000000 0.000000 0.000000
vt -0.132274 0.081357 0.000000
vt -0.014197 -0.021957 0.000000
vt 0.000000 -0.000000 0.000000
vt -0.010394 -0.016073 0.000000
vt 0.118077 -0.103314 0.000000
vt 0.000000 -0.000000 0.000000
vt -0.127128 0.089185 0.000000
vt -0.015496 -0.021060 0.000000
vt 0.000000 -0.000000 0.000000
vt -0.011343 -0.015418 0.000000
vt 0.111633 -0.110245 0.000000
vt 0.000000 -0.000000 0.000000
vt 0.144473 0.056945 0.000000
vt -0.009037 0.024535 0.000000
vt 0.000000 0.000000 0.000000
vt -0.006616 0.017961 0.000000
vt -0.153510 -0.032411 0.000000
vt 0.000000 0.000000 0.000000
vt 0.149458 0.042162 0.000000
vt -0.006529 0.025318 0.000000
vt 0.000000 0.000000 0.000000
vt -0.004780 0.018535 0.000000
vt -0.155988 -0.016843 0.000000
vt 0.000000 0.000000 0.000000
vt 0.152158 0.031037 0.000000
vt -0.004646 0.025731 0.000000
vt 0.000000 0.000000 0.000000
vt -0.003401 0.018835 0.000000
vt -0.156805 -0.005307 0.000000
vt 0.000000 0.000000 0.000000
vt 0.153723 0.022015 0.000000
vt -0.003123 0.025960 0.000000
vt 0.000000 0.000000 0.000000
vt -0.002285 0.019004 0.000000
vt -0.156845 0.003945 0.000000
vt 0.000000 0.000000 0.000000
vt 0.154641 0.014198 0.000000
vt -0.001802 0.026084 0.000000
vt 0.000000 0.000000 0.000000
vt -0.001320 0.019095 0.000000
vt -0.156443 0.011887 0.000000
vt 0.000000 0.000000 0.000000
vt 0.084118 0.070583 0.000000
vt -0.010978 0.015679 0.000000
vt 0.000000 0.000000 0.000000
vt 0.095096 0.054904 0.000000
vt -0.008090 0.017348 0.000000
vt 0.000000 0.000000 0.000000
vt -0.108140 -0.019068 0.000000
vt -0.103186 -0.037556 0.000000
vt 0.000000 0.000000 0.000000
vt 0.037556 0.103185 0.000000
vt -0.017347 0.008089 0.000000
vt 0.000000 0.000000 0.000000
vt 0.054904 0.095097 0.000000
vt -0.015679 0.010979 0.000000
vt 0.000000 0.000000 0.000000
vt -0.084118 -0.070583 0.000000
vt -0.070583 -0.084118 0.000000
vt 0.000000 0.000000 0.000000
vt -0.019068 0.108139 0.000000
vt -0.019068 -0.001669 0.000000
vt 0.000000 0.000000 0.000000
vt 0.000000 0.109808 0.000000
vt -0.019068 0.001669 0.000000
vt 0.000000 0.000000 0.000000
vt -0.037556 -0.103185 0.000000
vt -0.019068 -0.108139 0.000000
vt 0.000000 0.000000 0.000000
vt -0.070583 0.084118 0.000000
vt -0.015679 -0.010979 0.000000
vt 0.000000 0.000000 0.000000
vt -0.054904 0.095097 0.000000
vt -0.017347 -0.008089 0.000000
vt 0.000000 0.000000 0.000000
vt 0.019068 -0.108139 0.000000
vt 0.037556 -0.103185 0.000000
vt 0.000000 0.000000 0.000000
vt -0.103185 0.037556 0.000000
vt -0.008089 -0.017348 0.000000
vt 0.000000 0.000000 0.000000
vt -0.095096 0.054904 0.000000
vt -0.010979 -0.015679 0.000000
vt 0.000000 0.000000 0.000000
vt 0.070583 -0.084118 0.000000
vt 0.084118 -0.070583 0.000000
vt 0.000000 0.000000 0.000000
vt -0.108139 -0.019068 0.000000
vt 0.001668 -0.019068 0.000000
vt 0.000000 0.000000 0.000000
vt -0.109808 0.000000 0.000000
vt -0.001668 -0.019068 0.000000
vt 0.000000 0.000000 0.000000
vt 0.103185 -0.037556 0.000000
vt 0.108139 -0.019068 0.000000
vt 0.000000 0.000000 0.000000
vt -0.084118 -0.070583 0.000000
vt 0.010979 -0.015679 0.000000
vt 0.000000 0.000000 0.000000
vt -0.095096 -0.054903 0.000000
vt 0.008089 -0.017347 0.000000
vt 0.000000 0.000000 0.000000
vt 0.108139 0.019068 0.000000
vt 0.103185 0.037556 0.000000
vt 0.000000 0.000000 0.000000
vt -0.037556 -0.103185 0.000000
vt 0.017347 -0.008089 0.000000
vt 0.000000 0.000000 0.000000
vt -0.054904 -0.095096 0.000000
vt 0.015679 -0.010979 0.000000
vt 0.000000 0.000000 0.000000
vt 0.084118 0.070583 0.000000
vt 0.070583 0.084117 0.000000
vt 0.000000 0.000000 0.000000
vt 0.019068 -0.108139 0.000000
vt 0.019068 0.001669 0.000000
vt 0.000000 0.000000 0.000000
vt -0.000000 -0.109808 0.000000
vt 0.019068 -0.001669 0.000000
vt 0.000000 0.000000 0.000000
vt 0.037556 0.103185 0.000000
vt 0.019068 0.108139 0.000000
vt 0.000000 0.000000 0.000000
vt 0.070583 -0.084117 0.000000
vt 0.015679 0.010979 0.000000
vt 0.000000 0.000000 0.000000
vt 0.054904 -0.095096 0.000000
vt 0.017347 0.008089 0.000000
vt 0.000000 0.000000 0.000000
vt -0.019068 0.108139 0.000000
vt -0.037556 0.103185 0.000000
vt 0.000000 0.000000 0.000000
vt 0.103186 -0.037556 0.000000
vt 0.008090 0.017347 0.000000
vt 0.000000 0.000000 0.000000
vt 0.095096 -0.054903 0.000000
vt 0.010978 0.015679 0.000000
vt 0.000000 0.000000 0.000000
vt -0.070583 0.084117 0.000000
vt -0.084118 0.070583 0.000000
vt 0.000000 0.000000 0.000000
vt 0.108140 0.019068 0.000000
vt -0.001668 0.019068 0.000000
vt 0.000000 0.000000 0.000000
vt 0.109808 -0.000000 0.000000
vt 0.001668 0.019068 0.000000
vt 0.000000 0.000000 0.000000
vt -0.103186 0.037556 0.000000
vt -0.108140 0.019068 0.000000
vt 0.000000 0.000000 0.000000
vt 0.155133 0.007004 0.000000
vt -0.000590 0.026140 0.000000
vt 0.000000 0.000000 0.000000
vt -0.000432 0.019136 0.000000
vt -0.155723 0.019136 0.000000
vt 0.000000 0.000000 0.000000
vt 0.155292 0.000000 0.000000
vt 0.000590 0.026140 0.000000
vt 0.000000 0.000000 0.000000
vt 0.000432 0.019136 0.000000
vt -0.154702 0.026140 0.000000
vt 0.000000 0.000000 0.000000
vt 0.155124 -0.007208 0.000000
vt 0.001803 0.026084 0.000000
vt 0.000000 0.000000 0.000000
vt 0.001320 0.019095 0.000000
vt -0.153321 0.033292 0.000000
vt 0.000000 0.000000 0.000000
vt 0.154559 -0.015058 0.000000
vt 0.003122 0.025960 0.000000
vt 0.000000 0.000000 0.000000
vt 0.002285 0.019004 0.000000
vt -0.151438 0.041019 0.000000
vt 0.000000 0.000000 0.000000
vt 0.153403 -0.024143 0.000000
vt 0.004647 0.025730 0.000000
vt 0.000000 0.000000 0.000000
vt 0.003401 0.018836 0.000000
vt -0.148757 0.049872 0.000000
vt 0.000000 0.000000 0.000000
vt 0.151207 -0.035379 0.000000
vt 0.006530 0.025318 0.000000
vt 0.000000 0.000000 0.000000
vt 0.004780 0.018534 0.000000
vt -0.144678 0.060697 0.000000
vt 0.000000 0.000000 0.000000
vt 0.146895 -0.050372 0.000000
vt 0.009037 0.024536 0.000000
vt 0.000000 0.000000 0.000000
vt 0.006616 0.017961 0.000000
vt -0.137858 0.074907 0.000000
vt 0.000000 0.000000 0.000000
vt 0.122976 0.094829 0.000000
vt -0.015495 0.021061 0.000000
vt 0.000000 0.000000 0.000000
vt -0.011344 0.015417 0.000000
vt -0.138471 -0.073768 0.000000
vt 0.000000 0.000000 0.000000
vt 0.128470 0.087240 0.000000
vt -0.014197 0.021957 0.000000
vt 0.000000 0.000000 0.000000
vt -0.010393 0.016073 0.000000
vt -0.142667 -0.065284 0.000000
vt 0.000000 0.000000 0.000000
vt 0.132388 0.081171 0.000000
vt -0.013161 0.022593 0.000000
vt 0.000000 -0.000000 0.000000
vt -0.009635 0.016539 0.000000
vt -0.145549 -0.058579 0.000000
vt 0.000000 -0.000000 0.000000
vt 0.135098 0.076577 0.000000
vt -0.012377 0.023032 0.000000
vt 0.000000 -0.000000 0.000000
vt -0.009060 0.016860 0.000000
vt -0.147475 -0.053545 0.000000
vt 0.000000 -0.000000 0.000000
vt 0.136807 0.073481 0.000000
vt -0.011849 0.023307 0.000000
vt 0.000000 -0.000000 0.000000
vt -0.008675 0.017063 0.000000
vt -0.148656 -0.050173 0.000000
vt 0.000000 -0.000000 0.000000
vt 0.137571 0.072039 0.000000
vt -0.011603 0.023431 0.000000
vt 0.000000 -0.000000 0.000000
vt -0.008494 0.017153 0.000000
vt -0.149175 -0.048607 0.000000
vt 0.000000 -0.000000 0.000000
vt -0.144474 -0.056945 0.000000
vt 0.009037 -0.024535 0.000000
vt 0.000000 0.000000 0.000000
vt 0.006615 -0.017961 0.000000
vt 0.153511 0.032410 0.000000
vt 0.000000 0.000000 0.000000
vt -0.149458 -0.042163 0.000000
vt 0.006529 -0.025318 0.000000
vt 0.000000 0.000000 0.000000
vt 0.004780 -0.018534 0.000000
vt 0.155988 0.016845 0.000000
vt 0.000000 0.000000 0.000000
vt -0.152158 -0.031037 0.000000
vt 0.004647 -0.025730 0.000000
vt 0.000000 0.000000 0.000000
vt 0.003402 -0.018836 0.000000
vt 0.156805 0.005307 0.000000
vt 0.000000 0.000000 0.000000
vt -0.153723 -0.022015 0.000000
vt 0.003121 -0.025960 0.000000
vt 0.000000 0.000000 0.000000
vt 0.002286 -0.019003 0.000000
vt 0.156845 -0.003945 0.000000
vt 0.000000 0.000000 0.000000
vt -0.154641 -0.014197 0.000000
vt 0.001803 -0.026084 0.000000
vt 0.000000 0.000000 0.000000
vt 0.001319 -0.019095 0.000000
vt 0.156444 -0.011887 0.000000
vt 0.000000 0.000000 0.000000
vt -0.155134 -0.007003 0.000000
vt 0.000590 -0.026140 0.000000
vt 0.000000 0.000000 0.000000
vt 0.000432 -0.019136 0.000000
vt 0.155723 -0.019136 0.000000
vt 0.000000 0.000000 0.000000
vt -0.155291 -0.000000 0.000000
vt -0.000590 -0.026140 0.000000
vt 0.000000 0.000000 0.000000
vt -0.000432 -0.019136 0.000000
vt 0.154702 -0.026140 0.000000
vt 0.000000 0.000000 0.000000
vt -0.155124 0.007208 0.000000
vt -0.001803 -0.026084 0.000000
vt 0.000000 0.000000 0.000000
vt -0.001319 -0.019095 0.000000
vt 0.153321 -0.033293 0.000000
vt 0.000000 0.000000 0.000000
vt -0.154559 0.015059 0.000000
vt -0.003121 -0.025960 0.000000
vt 0.000000 0.000000 0.000000
vt -0.002286 -0.019004 0.000000
vt 0.151438 -0.041019 0.000000
vt 0.000000 0.000000 0.000000
vt -0.153404 0.024142 0.000000
vt -0.004647 -0.025730 0.000000
vt 0.000000 0.000000 0.000000
vt -0.003401 -0.018836 0.000000
vt 0.148757 -0.049872 0.000000
vt 0.000000 0.000000 0.000000
vt -0.151208 0.035378 0.000000
vt -0.006529 -0.025319 0.000000
vt 0.000000 0.000000 0.000000
vt -0.004780 -0.018534 0.000000
vt 0.144678 -0.060698 0.000000
vt 0.000000 0.000000 0.000000
vt -0.146895 0.050371 0.000000
vt -0.009037 -0.024535 0.000000
vt 0.000000 0.000000 0.000000
vt -0.006615 -0.017961 0.000000
vt 0.137858 -0.074906 0.000000
vt 0.000000 0.000000 0.000000
vt -0.140681 0.065760 0.000000
vt -0.011603 -0.023431 0.000000
vt 0.000000 0.000000 0.000000
vt -0.008494 -0.017153 0.000000
vt 0.129078 -0.089190 0.000000
vt 0.000000 0.000000 0.000000
vt -0.139981 0.067236 0.000000
vt -0.011849 -0.023307 0.000000
vt 0.000000 0.000000 0.000000
vt -0.008675 -0.017063 0.000000
vt 0.128132 -0.090543 0.000000
vt 0.000000 0.000000 0.000000
vt -0.138415 0.070405 0.000000
vt -0.012377 -0.023032 0.000000
vt 0.000000 0.000000 0.000000
vt -0.009060 -0.016860 0.000000
vt 0.126038 -0.093437 0.000000
vt 0.000000 0.000000 0.000000
vt -0.135914 0.075118 0.000000
vt -0.013161 -0.022593 0.000000
vt 0.000000 0.000000 0.000000
vt -0.009635 -0.016539 0.000000
vt 0.122754 -0.097711 0.000000
vt 0.000000 0.000000 0.000000
vt -0.132275 0.081357 0.000000
vt -0.014197 -0.021957 0.000000
vt 0.000000 -0.000000 0.000000
vt -0.010393 -0.016073 0.000000
vt 0.118077 -0.103314 0.000000
vt 0.000000 -0.000000 0.000000
vt -0.127128 0.089185 0.000000
vt -0.015495 -0.021061 0.000000
vt 0.000000 -0.000000 0.000000
vt -0.011343 -0.015417 0.000000
vt 0.111633 -0.110245 0.000000
vt 0.000000 -0.000000 0.000000
vt 0.144474 0.056946 0.000000
vt -0.009037 0.024536 0.000000
vt 0.000000 0.000000 0.000000
vt -0.006616 0.017961 0.000000
vt -0.153511 -0.032410 0.000000
vt 0.000000 0.000000 0.000000
vt 0.149458 0.042162 0.000000
vt -0.006529 0.025319 0.000000
vt 0.000000 0.000000 0.000000
vt -0.004780 0.018534 0.000000
vt -0.155988 -0.016844 0.000000
vt 0.000000 0.000000 0.000000
vt 0.152158 0.031036 0.000000
vt -0.004646 0.025730 0.000000
vt 0.000000 0.000000 0.000000
vt -0.003401 0.018836 0.000000
vt -0.156805 -0.005306 0.000000
vt 0.000000 0.000000 0.000000
vt 0.153723 0.022015 0.000000
vt -0.003122 0.025960 0.000000
vt 0.000000 0.000000 0.000000
vt -0.002285 0.019004 0.000000
vt -0.156845 0.003945 0.000000
vt 0.000000 0.000000 0.000000
vt 0.154641 0.014198 0.000000
vt -0.001803 0.026084 0.000000
vt 0.000000 0.000000 0.000000
vt -0.001320 0.019095 0.000000
vt -0.156444 0.011887 0.000000
vt 0.000000 0.000000 0.000000
vt -0.084118 -0.070583 0.000000
vt 0.010979 -0.015679 0.000000
vt 0.000000 0.000000 0.000000
vt -0.095096 -0.054904 0.000000
vt 0.008089 -0.017347 0.000000
vt 0.000000 0.000000 0.000000
vt 0.108139 0.019068 0.000000
vt 0.103186 0.037556 0.000000
vt 0.000000 0.000000 0.000000
vt -0.037556 -0.103185 0.000000
vt 0.017348 -0.008089 0.000000
vt 0.000000 0.000000 0.000000
vt -0.054904 -0.095096 0.000000
vt 0.015680 -0.010979 0.000000
vt 0.000000 0.000000 0.000000
vt 0.084118 0.070583 0.000000
vt 0.070584 0.084117 0.000000
vt 0.000000 0.000000 0.000000
vt 0.019068 -0.108139 0.000000
vt 0.019068 0.001668 0.000000
vt 0.000000 0.000000 0.000000
vt 0.000000 -0.109807 0.000000
vt 0.019068 -0.001668 0.000000
vt 0.000000 0.000000 0.000000
vt 0.037556 0.103185 0.000000
vt 0.019068 0.108139 0.000000
vt 0.000000 0.000000 0.000000
vt 0.070583 -0.084117 0.000000
vt 0.015680 0.010979 0.000000
vt 0.000000 0.000000 0.000000
vt 0.054903 -0.095096 0.000000
vt 0.017347 0.008089 0.000000
vt 0.000000 0.000000 0.000000
vt -0.019068 0.108139 0.000000
vt -0.037556 0.103185 0.000000
vt 0.000000 0.000000 0.000000
vt 0.103185 -0.037556 0.000000
vt 0.008089 0.017347 0.000000
vt 0.000000 0.000000 0.000000
vt 0.095096 -0.054904 0.000000
vt 0.010979 0.015679 0.000000
vt 0.000000 0.000000 0.000000
vt -0.070583 0.084117 0.000000
vt -0.084117 0.070583 0.000000
vt 0.000000 0.000000 0.000000
vt 0.108139 0.019068 0.000000
vt -0.001668 0.019068 0.000000
vt 0.000000 0.000000 0.000000
vt 0.109808 -0.000000 0.000000
vt 0.001668 0.019068 0.000000
vt 0.000000 0.000000 0.000000
vt -0.103185 0.037556 0.000000
vt -0.108139 0.019068 0.000000
vt 0.000000 0.000000 0.000000
vt 0.084117 0.070583 0.000000
vt -0.010979 0.015679 0.000000
vt 0.000000 0.000000 0.000000
vt 0.095096 0.054904 0.000000
vt -0.008089 0.017348 0.000000
vt 0.000000 0.000000 0.000000
vt -0.108139 -0.019068 0.000000
vt -0.103185 -0.037557 0.000000
vt 0.000000 0.000000 0.000000
vt 0.037556 0.103185 0.000000
vt -0.017347 0.008089 0.000000
vt 0.000000 0.000000 0.000000
vt 0.054903 0.095096 0.000000
vt -0.015680 0.010979 0.000000
vt 0.000000 0.000000 0.000000
vt -0.084117 -0.070583 0.000000
vt -0.070583 -0.084118 0.000000
vt 0.000000 0.000000 0.000000
vt -0.019068 0.108140 0.000000
vt -0.019068 -0.001668 0.000000
vt 0.000000 0.000000 0.000000
vt 0.000000 0.109808 0.000000
vt -0.019068 0.001668 0.000000
vt 0.000000 0.000000 0.000000
vt -0.037556 -0.103185 0.000000
vt -0.019068 -0.108140 0.000000
vt 0.000000 0.000000 0.000000
vt -0.070584 0.084118 0.000000
vt -0.015680 -0.010979 0.000000
vt 0.000000 0.000000 0.000000
vt -0.054904 0.095096 0.000000
vt -0.017348 -0.008089 0.000000
vt 0.000000 0.000000 0.000000
vt 0.019068 -0.108140 0.000000
vt 0.037556 -0.103185 0.000000
vt 0.000000 0.000000 0.000000
vt -0.103186 0.037557 0.000000
vt -0.008089 -0.017348 0.000000
vt 0.000000 0.000000 0.000000
vt -0.095096 0.054904 0.000000
vt -0.010979 -0.015679 0.000000
vt 0.000000 0.000000 0.000000
vt 0.070584 -0.084118 0.000000
vt 0.084118 -0.070583 0.000000
vt 0.000000 0.000000 0.000000
vt -0.108139 -0.019068 0.000000
vt 0.001668 -0.019068 0.000000
vt 0.000000 0.000000 0.000000
vt -0.109808 0.000000 0.000000
vt -0.001668 -0.019068 0.000000
vt 0.000000 0.000000 0.000000
vt 0.103186 -0.037557 0.000000
vt 0.108139 -0.019068 0.000000
vt 0.000000 0.000000 0.000000
vt -0.155134 -0.007004 0.000000
vt 0.000590 -0.026140 0.000000
vt 0.000000 0.000000 0.000000
vt 0.000432 -0.019136 0.000000
vt 0.155723 -0.019136 0.000000
vt 0.000000 0.000000 0.000000
vt -0.155291 -0.000000 0.000000
vt -0.000590 -0.026140 0.000000
vt 0.000000 0.000000 0.000000
vt -0.000432 -0.019136 0.000000
vt 0.154701 -0.026140 0.000000
vt 0.000000 0.000000 0.000000
vt -0.155124 0.007208 0.000000
vt -0.001802 -0.026085 0.000000
vt 0.000000 0.000000 0.000000
vt -0.001319 -0.019095 0.000000
vt 0.153322 -0.033293 0.000000
vt 0.000000 0.000000 0.000000
vt -0.154560 0.015059 0.000000
vt -0.003122 -0.025960 0.000000
vt 0.000000 0.000000 0.000000
vt -0.002286 -0.019004 0.000000
vt 0.151438 -0.041019 0.000000
vt 0.000000 0.000000 0.000000
vt -0.153404 0.024142 0.000000
vt -0.004647 -0.025731 0.000000
vt 0.000000 0.000000 0.000000
vt -0.003402 -0.018836 0.000000
vt 0.148757 -0.049873 0.000000
vt 0.000000 0.000000 0.000000
vt -0.151208 0.035379 0.000000
vt -0.006530 -0.025318 0.000000
vt 0.000000 0.000000 0.000000
vt -0.004779 -0.018534 0.000000
vt 0.144678 -0.060697 0.000000
vt 0.000000 0.000000 0.000000
vt -0.146894 0.050371 0.000000
vt -0.009036 -0.024536 0.000000
vt 0.000000 0.000000 0.000000
vt -0.006616 -0.017961 0.000000
vt 0.137858 -0.074908 0.000000
vt 0.000000 0.000000 0.000000
vt -0.140681 0.065760 0.000000
vt -0.011604 -0.023431 0.000000
vt 0.000000 0.000000 0.000000
vt -0.008495 -0.017153 0.000000
vt 0.129078 -0.089190 0.000000
vt 0.000000 0.000000 0.000000
vt -0.139982 0.067236 0.000000
vt -0.011850 -0.023308 0.000000
vt 0.000000 0.000000 0.000000
vt -0.008675 -0.017062 0.000000
vt 0.128132 -0.090544 0.000000
vt 0.000000 0.000000 0.000000
vt -0.138415 0.070405 0.000000
vt -0.012377 -0.023032 0.000000
vt 0.000000 0.000000 0.000000
vt -0.009060 -0.016861 0.000000
vt 0.126038 -0.093437 0.000000
vt 0.000000 0.000000 0.000000
vt -0.135915 0.075118 0.000000
vt -0.013161 -0.022593 0.000000
vt 0.000000 0.000000 0.000000
vt -0.009634 -0.016539 0.000000
vt 0.122753 -0.097711 0.000000
vt 0.000000 0.000000 0.000000
vt -0.132274 0.081357 0.000000
vt -0.014197 -0.021957 0.000000
vt 0.000000 -0.000000 0.000000
vt -0.010393 -0.016073 0.000000
vt 0.118077 -0.103314 0.000000
vt 0.000000 -0.000000 0.000000
vt -0.127128 0.089185 0.000000
vt -0.015496 -0.021060 0.000000
vt 0.000000 -0.000000 0.000000
vt -0.011343 -0.015418 0.000000
vt 0.111632 -0.110246 0.000000
vt 0.000000 -0.000000 0.000000
vt 0.144473 0.056945 0.000000
vt -0.009037 0.024535 0.000000
vt 0.000000 0.000000 0.000000
vt -0.006616 0.017961 0.000000
vt -0.153510 -0.032411 0.000000
vt 0.000000 0.000000 0.000000
vt 0.149458 0.042162 0.000000
vt -0.006529 0.025318 0.000000
vt 0.000000 0.000000 0.000000
vt -0.004780 0.018534 0.000000
vt -0.155988 -0.016845 0.000000
vt 0.000000 0.000000 0.000000
vt 0.152158 0.031037 0.000000
vt -0.004646 0.025731 0.000000
vt 0.000000 0.000000 0.000000
vt -0.003401 0.018836 0.000000
vt -0.156805 -0.005306 0.000000
vt 0.000000 0.000000 0.000000
vt 0.153723 0.022015 0.000000
vt -0.003123 0.025960 0.000000
vt 0.000000 0.000000 0.000000
vt -0.002285 0.019004 0.000000
vt -0.156845 0.003945 0.000000
vt 0.000000 0.000000 0.000000
vt 0.154641 0.014198 0.000000
vt -0.001802 0.026085 0.000000
vt 0.000000 0.000000 0.000000
vt -0.001320 0.019095 0.000000
vt -0.156443 0.011887 0.000000
vt 0.000000 0.000000 0.000000
vt 0.155133 0.007004 0.000000
vt -0.000590 0.026140 0.000000
vt 0.000000 0.000000 0.000000
vt -0.000431 0.019136 0.000000
vt -0.155723 0.019136 0.000000
vt 0.000000 0.000000 0.000000
vt 0.155292 0.000000 0.000000
vt 0.000590 0.026140 0.000000
vt 0.000000 0.000000 0.000000
vt 0.000431 0.019136 0.000000
vt -0.154702 0.026140 0.000000
vt 0.000000 0.000000 0.000000
vt 0.155124 -0.007208 0.000000
vt 0.001802 0.026084 0.000000
vt 0.000000 0.000000 0.000000
vt 0.001320 0.019095 0.000000
vt -0.153322 0.033293 0.000000
vt 0.000000 0.000000 0.000000
vt 0.154560 -0.015059 0.000000
vt 0.003123 0.025960 0.000000
vt 0.000000 0.000000 0.000000
vt 0.002285 0.019003 0.000000
vt -0.151437 0.041018 0.000000
vt 0.000000 0.000000 0.000000
vt 0.153403 -0.024143 0.000000
vt 0.004646 0.025731 0.000000
vt 0.000000 0.000000 0.000000
vt 0.003401 0.018836 0.000000
vt -0.148757 0.049873 0.000000
vt 0.000000 0.000000 0.000000
vt 0.151208 -0.035379 0.000000
vt 0.006529 0.025318 0.000000
vt 0.000000 0.000000 0.000000
vt 0.004780 0.018534 0.000000
vt -0.144678 0.060697 0.000000
vt 0.000000 0.000000 0.000000
vt 0.146895 -0.050371 0.000000
vt 0.009037 0.024535 0.000000
vt 0.000000 0.000000 0.000000
vt 0.006616 0.017962 0.000000
vt -0.137857 0.074907 0.000000
vt 0.000000 0.000000 0.000000
vt 0.122975 0.094828 0.000000
vt -0.015496 0.021060 0.000000
vt 0.000000 0.000000 0.000000
vt -0.011343 0.015418 0.000000
vt -0.138471 -0.073768 0.000000
vt 0.000000 0.000000 0.000000
vt 0.128470 0.087241 0.000000
vt -0.014197 0.021957 0.000000
vt 0.000000 0.000000 0.000000
vt -0.010393 0.016073 0.000000
vt -0.142667 -0.065284 0.000000
vt 0.000000 0.000000 0.000000
vt 0.132388 0.081172 0.000000
vt -0.013161 0.022593 0.000000
vt 0.000000 -0.000000 0.000000
vt -0.009634 0.016539 0.000000
vt -0.145549 -0.058579 0.000000
vt 0.000000 -0.000000 0.000000
vt 0.135098 0.076577 0.000000
vt -0.012377 0.023032 0.000000
vt 0.000000 -0.000000 0.000000
vt -0.009060 0.016861 0.000000
vt -0.147475 -0.053545 0.000000
vt 0.000000 -0.000000 0.000000
vt 0.136807 0.073481 0.000000
vt -0.011850 0.023308 0.000000
vt 0.000000 -0.000000 0.000000
vt -0.008675 0.017062 0.000000
vt -0.148656 -0.050173 0.000000
vt 0.000000 -0.000000 0.000000
vt 0.137572 0.072038 0.000000
vt -0.011604 0.023431 0.000000
vt 0.000000 -0.000000 0.000000
vt -0.008495 0.017153 0.000000
vt -0.149176 -0.048607 0.000000
vt 0.000000 -0.000000 0.000000
vt -0.144474 -0.056946 0.000000
vt 0.009036 -0.024536 0.000000
vt 0.000000 0.000000 0.000000
vt 0.006616 -0.017962 0.000000
vt 0.153510 0.032410 0.000000
vt 0.000000 0.000000 0.000000
vt -0.149458 -0.042162 0.000000
vt 0.006530 -0.025318 0.000000
vt 0.000000 0.000000 0.000000
vt 0.004779 -0.018534 0.000000
vt 0.155987 0.016844 0.000000
vt 0.000000 0.000000 0.000000
vt -0.152159 -0.031037 0.000000
vt 0.004647 -0.025731 0.000000
vt 0.000000 0.000000 0.000000
vt 0.003402 -0.018836 0.000000
vt 0.156806 0.005307 0.000000
vt 0.000000 0.000000 0.000000
vt -0.153724 -0.022015 0.000000
vt 0.003122 -0.025960 0.000000
vt 0.000000 0.000000 0.000000
vt 0.002286 -0.019004 0.000000
vt 0.156846 -0.003945 0.000000
vt 0.000000 0.000000 0.000000
vt -0.154641 -0.014197 0.000000
vt 0.001802 -0.026084 0.000000
vt 0.000000 0.000000 0.000000
vt 0.001319 -0.019095 0.000000
vt 0.156443 -0.011887 0.000000
vt 0.000000 0.000000 0.000000
vt -0.111629 0.317170 0.000000
vt -1.578733 -2.029699 0.000000
vt 0.000000 0.000000 0.000000
vt -1.825436 -2.346867 0.000000
vt -1.467106 -2.346867 0.000000
vt 0.000000 0.000000 0.000000
vt 0.358330 0.000000 0.000000
vt -1.578734 2.029698 0.000000
vt 0.000000 0.000000 0.000000
vt -1.825434 2.346868 0.000000
vt -1.937063 2.029698 0.000000
vt 0.000000 0.000000 0.000000
vt 0.111629 0.317170 0.000000
vt -1.825433 2.346869 0.000000
vt 0.000000 0.000000 0.000000
vt -1.578734 2.029697 0.000000
vt -1.937064 2.029697 0.000000
vt 0.000000 0.000000 0.000000
vt -0.358330 -0.000000 0.000000
vt -1.825435 -2.346868 0.000000
vt 0.000000 0.000000 0.000000
vt -1.578733 -2.029699 0.000000
vt -1.467104 -2.346868 0.000000
vt 0.000000 0.000000 0.000000
vt 0.400001 0.000000 0.000000
vt 0.000000 0.250000 0.000000
vt 0.000000 0.000000 0.000000
vt -0.000000 0.250000 0.000000
vt -0.400001 0.250000 0.000000
vt 0.000000 0.000000 0.000000
vt -0.000000 0.250000 0.000000
vt -0.100000 0.000000 0.000000
vt 0.000000 0.000000 0.000000
vt -0.100000 0.000000 0.000000
vt -0.100000 -0.250000 0.000000
vt 0.000000 0.000000 0.000000
vt 0.200000 -0.346410 0.000000
vt 0.086602 0.050000 0.000000
vt 0.000000 0.000000 0.000000
vt 0.086603 0.050000 0.000000
vt -0.113398 0.396410 0.000000
vt 0.000000 0.000000 0.000000
vt -0.000000 -0.250000 0.000000
vt 0.100000 -0.000000 0.000000
vt 0.000000 0.000000 0.000000
vt 0.100000 -0.000000 0.000000
vt 0.100000 0.250000 0.000000
vt 0.000000 0.000000 0.000000
vt 0.400001 0.000000 0.000000
vt 0.000000 0.300000 0.000000
vt 0.000000 0.000000 0.000000
vt -0.000000 0.300000 0.000000
vt -0.400001 0.300000 0.000000
vt 0.000000 0.000000 0.000000
vt -0.000000 0.300000 0.000000
vt -0.100000 0.000000 0.000000
vt 0.000000 0.000000 0.000000
vt -0.100000 -0.000000 0.000000
vt -0.100000 -0.300000 0.000000
vt 0.000000 0.000000 0.000000
vt 0.000000 -0.300000 0.000000
vt 0.100000 0.000000 0.000000
vt 0.000000 0.000000 0.000000
vt 0.100000 -0.000000 0.000000
vt 0.100000 0.300000 0.000000
vt 0.000000 0.000000 0.000000
vt 0.400001 -0.000000 0.000000
vt -0.000000 3.400000 0.000000
vt 0.000000 0.000000 0.000000
vt 0.000000 3.400000 0.000000
vt -0.400001 3.400000 0.000000
vt 0.000000 0.000000 0.000000
vt 0.000000 3.400000 0.000000
vt -0.100000 0.000000 0.000000
vt 0.000000 0.000000 0.000000
vt -0.100000 0.000000 0.000000
vt -0.100000 -3.400000 0.000000
vt 0.000000 0.000000 0.000000
vt -0.000000 -3.400000 0.000000
vt 0.100000 -0.000000 0.000000
vt 0.000000 0.000000 0.000000
vt 0.100000 0.000000 0.000000
vt 0.100000 3.400000 0.000000
vt 0.000000 0.000000 0.000000
vt 0.400001 0.000000 0.000000
vt 0.000000 1.300000 0.000000
vt 0.000000 0.000000 0.000000
vt 0.000000 1.300000 0.000000
vt -0.400001 1.300000 0.000000
vt 0.000000 0.000000 0.000000
vt 0.000000 1.300000 0.000000
vt -0.100000 0.000000 0.000000
vt 0.000000 0.000000 0.000000
vt -0.100000 0.000000 0.000000
vt -0.100000 -1.300000 0.000000
vt 0.000000 0.000000 0.000000
vt 0.000000 -1.300000 0.000000
vt 0.100000 0.000000 0.000000
vt 0.000000 0.000000 0.000000
vt 0.100000 0.000000 0.000000
vt 0.100000 1.300000 0.000000
vt 0.000000 0.000000 0.000000
vt 0.400001 0.000000 0.000000
vt -0.000000 3.400000 0.000000
vt 0.000000 0.000000 0.000000
vt 0.000000 3.400000 0.000000
vt -0.400001 3.400000 0.000000
vt 0.000000 0.000000 0.000000
vt 0.000000 3.400000 0.000000
vt -0.100000 0.000000 0.000000
vt 0.000000 0.000000 0.000000
vt -0.100000 0.000000 0.000000
vt -0.100000 -3.400000 0.000000
vt 0.000000 0.000000 0.000000
vt -0.000000 -3.400000 0.000000
vt 0.100000 -0.000000 0.000000
vt 0.000000 0.000000 0.000000
vt 0.100000 -0.000000 0.000000
vt 0.100000 3.400000 0.000000
vt 0.000000 0.000000 0.000000
vt 0.400001 -0.000000 0.000000
vt -0.000000 0.300000 0.000000
vt 0.000000 0.000000 0.000000
vt -0.000000 0.300000 0.000000
vt -0.400001 0.300000 0.000000
vt 0.000000 0.000000 0.000000
vt -0.000000 0.300000 0.000000
vt -0.100000 0.000000 0.000000
vt 0.000000 0.000000 0.000000
vt -0.100000 -0.000000 0.000000
vt -0.100000 -0.300000 0.000000
vt 0.000000 0.000000 0.000000
vt 0.000000 -0.300000 0.000000
vt 0.100000 0.000000 0.000000
vt 0.000000 0.000000 0.000000
vt 0.100000 0.000000 0.000000
vt 0.100000 0.300000 0.000000
vt 0.000000 0.000000 0.000000
vt 0.400001 0.000000 0.000000
vt -0.000000 0.250000 0.000000
vt 0.000000 0.000000 0.000000
vt 0.000000 0.250000 0.000000
vt -0.400001 0.250000 0.000000
vt 0.000000 0.000000 0.000000
vt 0.000000 0.250000 0.000000
vt -0.100000 0.000000 0.000000
vt 0.000000 0.000000 0.000000
vt -0.100000 0.000000 0.000000
vt -0.100000 -0.250000 0.000000
vt 0.000000 0.000000 0.000000
vt -0.000000 -0.250000 0.000000
vt 0.100000 0.000000 0.000000
vt 0.000000 0.000000 0.000000
vt 0.100000 0.000000 0.000000
vt 0.100000 0.250000 0.000000
vt 0.000000 0.000000 0.000000
vt 0.200000 0.346410 0.000000
vt -0.086603 0.050000 0.000000
vt 0.000000 0.000000 0.000000
vt -0.086602 0.050000 0.000000
vt -0.286603 -0.296410 0.000000
vt 0.000000 0.000000 0.000000
vt 3.182242 5.329783 0.000000
vt -0.055965 0.109915 0.000000
vt 0.000000 0.000000 0.000000
vt 3.238206 5.219868 0.000000
vt -0.073222 0.099256 0.000000
vt 0.000000 0.000000 0.000000
vt -3.399929 -5.034699 0.000000
vt -3.311429 -5.120612 0.000000
vt 0.000000 0.000000 0.000000
vt 3.399929 5.034699 0.000000
vt -0.101385 0.070246 0.000000
vt 0.000000 0.000000 0.000000
vt 3.501315 4.964453 0.000000
vt -0.111527 0.052679 0.000000
vt 0.000000 0.000000 0.000000
vt -0.952628 0.550000 0.000000
vt -3.612841 -4.911775 0.000000
vt 0.000000 0.000000 0.000000
vt 2.660213 5.461775 0.000000
vt -0.118653 0.033687 0.000000
vt 0.000000 0.000000 0.000000
vt -2.901436 -5.414303 0.000000
vt -2.778866 -5.428087 0.000000
vt 0.000000 0.000000 0.000000
vt 0.120442 0.026591 0.000000
vt 3.145049 5.447384 0.000000
vt 0.000000 0.000000 0.000000
vt 0.123171 0.006491 0.000000
vt 3.024607 5.420794 0.000000
vt 0.000000 0.000000 0.000000
vt -3.182242 -5.329783 0.000000
vt -3.145049 -5.447384 0.000000
vt 0.000000 0.000000 0.000000
vt -1.100000 -0.000000 0.000000
vt -0.000000 -0.100000 0.000000
vt 0.000000 0.000000 0.000000
vt -0.000000 -0.100000 0.000000
vt 1.100000 -0.100000 0.000000
vt 0.000000 0.000000 0.000000
vt -6.290098 0.000000 0.000000
vt 0.000000 -0.100000 0.000000
vt 0.000000 0.000000 0.000000
vt 0.000000 -0.100000 0.000000
vt 6.290098 -0.100000 0.000000
vt 0.000000 0.000000 0.000000
vt 0.123342 -0.000000 0.000000
vt 0.000000 0.100000 0.000000
vt 0.000000 0.000000 0.000000
vt 0.123342 -0.100000 0.000000
vt 0.123342 -0.000000 0.000000
vt 0.000000 0.000000 0.000000
vt 0.123343 0.000000 0.000000
vt 0.000000 0.100000 0.000000
vt 0.000000 0.000000 0.000000
vt 0.123343 -0.100000 0.000000
vt 0.123343 0.000000 0.000000
vt 0.000000 0.000000 0.000000
vt 0.123342 -0.000000 0.000000
vt -0.000000 0.100000 0.000000
vt 0.000000 0.000000 0.000000
vt 0.123342 -0.100000 0.000000
vt 0.123342 -0.000000 0.000000
vt 0.000000 0.000000 0.000000
vt 0.123342 0.000000 0.000000
vt -0.000000 0.100000 0.000000
vt 0.000000 0.000000 0.000000
vt 0.123342 -0.100000 0.000000
vt 0.123342 -0.000000 0.000000
vt 0.000000 0.000000 0.000000
vt 0.123343 0.000000 0.000000
vt 0.000000 0.100000 0.000000
vt 0.000000 0.000000 0.000000
vt 0.123343 -0.100000 0.000000
vt 0.123343 -0.000000 0.000000
vt 0.000000 0.000000 0.000000
vt 0.123342 -0.000000 0.000000
vt 0.000000 0.100000 0.000000
vt 0.000000 0.000000 0.000000
vt 0.123342 -0.100000 0.000000
vt 0.123342 -0.000000 0.000000
vt 0.000000 0.000000 0.000000
vt 0.123342 0.000000 0.000000
vt 0.000000 0.100000 0.000000
vt 0.000000 0.000000 0.000000
vt 0.123342 -0.100000 0.000000
vt 0.123342 -0.000000 0.000000
vt 0.000000 0.000000 0.000000
vt 0.123343 -0.000000 0.000000
vt 0.000000 0.100000 0.000000
vt 0.000000 0.000000 0.000000
vt 0.123343 -0.100000 0.000000
vt 0.123343 -0.000000 0.000000
vt 0.000000 0.000000 0.000000
vt 0.123342 0.000000 0.000000
vt -0.000000 0.100000 0.000000
vt 0.000000 0.000000 0.000000
vt 0.123342 -0.100000 0.000000
vt 0.123342 -0.000000 0.000000
vt 0.000000 0.000000 0.000000
vt 0.123342 0.000000 0.000000
vt 0.000000 0.100000 0.000000
vt 0.000000 0.000000 0.000000
vt 0.123342 -0.100000 0.000000
vt 0.123342 0.000000 0.000000
vt 0.000000 0.000000 0.000000
vt -6.290098 0.000000 0.000000
vt -0.000000 -0.100000 0.000000
vt 0.000000 0.000000 0.000000
vt -0.000000 -0.100000 0.000000
vt 6.290098 -0.100000 0.000000
vt 0.000000 0.000000 0.000000
vt -3.145049 5.447384 0.000000
vt -0.120442 0.026591 0.000000
vt 0.000000 0.000000 0.000000
vt -3.024607 5.420794 0.000000
vt -0.123171 0.006491 0.000000
vt 0.000000 0.000000 0.000000
vt 2.778866 -5.428087 0.000000
vt 2.901436 -5.414303 0.000000
vt 0.000000 0.000000 0.000000
vt -2.778866 5.428087 0.000000
vt -0.118653 -0.033687 0.000000
vt 0.000000 0.000000 0.000000
vt -2.660213 5.461775 0.000000
vt -0.111527 -0.052679 0.000000
vt 0.000000 0.000000 0.000000
vt -0.952628 -0.550000 0.000000
vt 2.548686 -5.514453 0.000000
vt 0.000000 0.000000 0.000000
vt -3.501315 4.964453 0.000000
vt -0.101385 -0.070246 0.000000
vt 0.000000 0.000000 0.000000
vt 3.311429 -5.120612 0.000000
vt 3.399929 -5.034699 0.000000
vt 0.000000 0.000000 0.000000
vt -3.311429 5.120612 0.000000
vt -0.073222 -0.099256 0.000000
vt 0.000000 0.000000 0.000000
vt -3.238206 5.219868 0.000000
vt -0.055965 -0.109915 0.000000
vt 0.000000 0.000000 0.000000
vt 3.145049 -5.447384 0.000000
vt 3.182242 -5.329783 0.000000
vt 0.000000 0.000000 0.000000
vt -0.123342 -0.000000 0.000000
vt -0.000000 -0.100000 0.000000
vt 0.000000 0.000000 0.000000
vt -0.123342 0.100000 0.000000
vt -0.123342 0.000000 0.000000
vt 0.000000 0.000000 0.000000
vt -0.123342 0.000000 0.000000
vt -0.000000 -0.100000 0.000000
vt 0.000000 0.000000 0.000000
vt -0.123342 0.100000 0.000000
vt -0.123342 0.000000 0.000000
vt 0.000000 0.000000 0.000000
vt -0.123343 -0.000000 0.000000
vt 0.000000 -0.100000 0.000000
vt 0.000000 0.000000 0.000000
vt -0.123343 0.100000 0.000000
vt -0.123343 -0.000000 0.000000
vt 0.000000 0.000000 0.000000
vt -0.123342 -0.000000 0.000000
vt -0.000000 -0.100000 0.000000
vt 0.000000 0.000000 0.000000
vt -0.123342 0.100000 0.000000
vt -0.123342 0.000000 0.000000
vt 0.000000 0.000000 0.000000
vt -0.123342 0.000000 0.000000
vt -0.000000 -0.100000 0.000000
vt 0.000000 0.000000 0.000000
vt -0.123342 0.100000 0.000000
vt -0.123342 0.000000 0.000000
vt 0.000000 0.000000 0.000000
vt -0.123343 -0.000000 0.000000
vt -0.000000 -0.100000 0.000000
vt 0.000000 0.000000 0.000000
vt -0.123343 0.100000 0.000000
vt -0.123343 -0.000000 0.000000
vt 0.000000 0.000000 0.000000
vt -0.123342 -0.000000 0.000000
vt 0.000000 -0.100000 0.000000
vt 0.000000 0.000000 0.000000
vt -0.123342 0.100000 0.000000
vt -0.123342 0.000000 0.000000
vt 0.000000 0.000000 0.000000
vt -0.123342 0.000000 0.000000
vt 0.000000 -0.100000 0.000000
vt 0.000000 0.000000 0.000000
vt -0.123342 0.100000 0.000000
vt -0.123342 -0.000000 0.000000
vt 0.000000 0.000000 0.000000
vt -0.123343 -0.000000 0.000000
vt -0.000000 -0.100000 0.000000
vt 0.000000 0.000000 0.000000
vt -0.123343 0.100000 0.000000
vt -0.123343 0.000000 0.000000
vt 0.000000 0.000000 0.000000
vt -0.123342 -0.000000 0.000000
vt -0.000000 -0.100000 0.000000
vt 0.000000 0.000000 0.000000
vt -0.123342 0.100000 0.000000
vt -0.123342 -0.000000 0.000000
vt 0.000000 0.000000 0.000000
vt 6.290098 0.000000 0.000000
vt -0.000000 0.100000 0.000000
vt 0.000000 0.000000 0.000000
vt 0.000000 0.100000 0.000000
vt -6.290098 0.100000 0.000000
vt 0.000000 0.000000 0.000000
vt 1.100000 -0.000000 0.000000
vt 0.000000 0.100000 0.000000
vt 0.000000 0.000000 0.000000
vt 0.000000 0.100000 0.000000
vt -1.100000 0.100000 0.000000
vt 0.000000 0.000000 0.000000
vt 6.290098 -0.000000 0.000000
vt -0.000000 0.100000 0.000000
vt 0.000000 0.000000 0.000000
vt 0.000000 0.100000 0.000000
vt -6.290098 0.100000 0.000000
vt 0.000000 0.000000 0.000000
vt -0.424265 -0.000000 0.000000
vt -0.000000 -0.250000 0.000000
vt 0.000000 0.000000 0.000000
vt 0.000000 -0.250000 0.000000
vt 0.424265 -0.250000 0.000000
vt 0.000000 0.000000 0.000000
vt 0.424265 -0.000000 0.000000
vt -0.000000 0.250000 0.000000
vt 0.000000 0.000000 0.000000
vt 0.000000 0.250000 0.000000
vt -0.424265 0.250000 0.000000
vt 0.000000 0.000000 0.000000
vt 0.424263 -0.000000 0.000000
vt -0.000000 0.250000 0.000000
vt 0.000000 0.000000 0.000000
vt 0.000000 0.250000 0.000000
vt -0.424263 0.250000 0.000000
vt 0.000000 0.000000 0.000000
vt -0.424263 -0.000000 0.000000
vt 0.000000 -0.250000 0.000000
vt 0.000000 0.000000 0.000000
vt -0.000000 -0.250000 0.000000
vt 0.424263 -0.250000 0.000000
vt 0.000000 0.000000 0.000000
vt 0.816333 -0.000000 0.000000
vt 0.000000 0.250000 0.000000
vt 0.000000 0.000000 0.000000
vt -0.000000 0.250000 0.000000
vt -0.816333 0.250000 0.000000
vt 0.000000 0.000000 0.000000
vt 0.000000 0.250000 0.000000
vt -0.816333 0.000000 0.000000
vt 0.000000 0.000000 0.000000
vt -0.816333 0.000000 0.000000
vt -0.816333 -0.250000 0.000000
vt 0.000000 0.000000 0.000000
vt -0.816333 -0.000000 0.000000
vt 0.000000 -0.250000 0.000000
vt 0.000000 0.000000 0.000000
vt -0.000000 -0.250000 0.000000
vt 0.816333 -0.250000 0.000000
vt 0.000000 0.000000 0.000000
vt -0.000000 0.250000 0.000000
vt -0.816333 -0.000000 0.000000
vt 0.000000 0.000000 0.000000
vt -0.816333 0.000000 0.000000
vt -0.816333 -0.250000 0.000000
vt 0.000000 0.000000 0.000000
vt 0.816333 -0.000000 0.000000
vt 0.000000 0.250000 0.000000
vt 0.000000 0.000000 0.000000
vt 0.000000 0.250000 0.000000
vt -0.816333 0.250000 0.000000
vt 0.000000 0.000000 0.000000
vt 0.000000 -0.250000 0.000000
vt 0.816333 0.000000 0.000000
vt 0.000000 0.000000 0.000000
vt 0.816333 0.000000 0.000000
vt 0.816333 0.250000 0.000000
vt 0.000000 0.000000 0.000000
vt -0.000000 -0.250000 0.000000
vt 0.816333 0.000000 0.000000
vt 0.000000 0.000000 0.000000
vt 0.816333 0.000000 0.000000
vt 0.816333 0.250000 0.000000
vt 0.000000 0.000000 0.000000
vt 0.000000 -0.250000 0.000000
vt 0.816333 0.000000 0.000000
vt 0.000000 0.000000 0.000000
vt 0.816333 0.000000 0.000000
vt 0.816333 0.250000 0.000000
vt 0.000000 0.000000 0.000000
vt -1.100000 0.000000 0.000000
vt -0.000000 -0.249019 0.000000
vt 0.000000 0.000000 0.000000
vt -1.100000 0.249019 0.000000
vt -0.000000 -0.000980 0.000000
vt 0.000000 0.000000 0.000000
vt -0.000000 -0.250000 0.000000
vt 1.100000 -0.250000 0.000000
vt 0.000000 0.000000 0.000000
vt -0.433012 -0.250000 0.000000
vt 0.100000 -0.173205 0.000000
vt 0.000000 0.000000 0.000000
vt -0.533012 -0.076795 0.000000
vt 0.200000 -0.346410 0.000000
vt 0.000000 0.000000 0.000000
vt 0.549999 -0.952628 0.000000
vt 0.733012 -0.269615 0.000000
vt 0.000000 0.000000 0.000000
vt -0.183013 -0.683013 0.000000
vt 0.600000 -1.039230 0.000000
vt 0.000000 0.000000 0.000000
vt 0.713731 -0.396218 0.000000
vt 0.783013 -0.356218 0.000000
vt 0.000000 0.000000 0.000000
vt 0.200000 -0.346410 0.000000
vt 0.086602 0.050000 0.000000
vt 0.000000 0.000000 0.000000
vt 0.086603 0.050000 0.000000
vt -0.113398 0.396410 0.000000
vt 0.000000 0.000000 0.000000
vt -0.000000 0.250000 0.000000
vt -0.080001 -0.000000 0.000000
vt 0.000000 0.000000 0.000000
vt -0.080001 0.000000 0.000000
vt -0.080001 -0.250000 0.000000
vt 0.000000 0.000000 0.000000
vt -0.100000 -0.173205 0.000000
vt -0.116987 -1.202628 0.000000
vt 0.000000 0.000000 0.000000
vt -0.200000 -0.346410 0.000000
vt -0.016987 -1.029423 0.000000
vt 0.000000 0.000000 0.000000
vt -0.183013 0.683013 0.000000
vt -0.713731 -0.396218 0.000000
vt 0.000000 0.000000 0.000000
vt -0.600000 -1.039230 0.000000
vt -0.530717 -1.079230 0.000000
vt 0.000000 0.000000 0.000000
vt 0.200000 0.346410 0.000000
vt -0.086603 0.050000 0.000000
vt 0.000000 0.000000 0.000000
vt -0.086602 0.050000 0.000000
vt -0.286603 -0.296410 0.000000
vt 0.000000 0.000000 0.000000
vt -0.116987 -1.202628 0.000000
vt 0.433012 -0.250000 0.000000
vt 0.000000 0.000000 0.000000
vt -1.100000 -0.000000 0.000000
vt -0.000000 -0.250000 0.000000
vt 0.000000 0.000000 0.000000
vt 0.000000 -0.250000 0.000000
vt 1.100000 -0.250000 0.000000
vt 0.000000 0.000000 0.000000
vt -0.086602 -0.050000 0.000000
vt 0.113398 -0.396410 0.000000
vt 0.000000 0.000000 0.000000
vt 0.016987 -1.029423 0.000000
vt 0.200000 -0.346410 0.000000
vt 0.000000 0.000000 0.000000
vt -0.183013 -0.683013 0.000000
vt 0.600000 -1.039230 0.000000
vt 0.000000 0.000000 0.000000
vt 0.713731 -0.396218 0.000000
vt 0.783013 -0.356218 0.000000
vt 0.000000 0.000000 0.000000
vt -0.016987 1.029423 0.000000
vt -0.549999 0.952628 0.000000
vt 0.000000 0.000000 0.000000
vt -0.100000 0.173205 0.000000
vt -0.533012 -0.076795 0.000000
vt 0.000000 0.000000 0.000000
vt 0.113398 -0.396410 0.000000
vt 0.200001 -0.346410 0.000000
vt 0.000000 0.000000 0.000000
vt -0.000000 0.250000 0.000000
vt -0.080001 0.000000 0.000000
vt 0.000000 0.000000 0.000000
vt -0.080001 -0.000000 0.000000
vt -0.080001 -0.250000 0.000000
vt 0.000000 0.000000 0.000000
vt -0.100000 -0.173205 0.000000
vt -0.116987 -1.202628 0.000000
vt 0.000000 0.000000 0.000000
vt -0.200000 -0.346410 0.000000
vt -0.016987 -1.029423 0.000000
vt 0.000000 0.000000 0.000000
vt -0.183013 0.683013 0.000000
vt -0.713731 -0.396218 0.000000
vt 0.000000 0.000000 0.000000
vt -0.600000 -1.039230 0.000000
vt -0.530717 -1.079230 0.000000
vt 0.000000 0.000000 0.000000
vt 0.200000 0.346410 0.000000
vt -0.086603 0.050000 0.000000
vt 0.000000 0.000000 0.000000
vt -0.086602 0.050000 0.000000
vt -0.286603 -0.296410 0.000000
vt 0.000000 0.000000 0.000000
vt -0.116987 -1.202628 0.000000
vt 0.433012 -0.250000 0.000000
vt 0.000000 0.000000 0.000000
vt -0.300000 0.000000 0.000000
vt 0.000000 -0.250000 0.000000
vt 0.000000 0.000000 0.000000
vt -0.000000 -0.250000 0.000000
vt 0.300000 -0.250000 0.000000
vt 0.000000 0.000000 0.000000
vt 0.409808 -0.109808 0.000000
vt -0.149999 0.259808 0.000000
vt 0.000000 0.000000 0.000000
vt 0.559808 -0.369615 0.000000
vt 0.533012 0.076795 0.000000
vt 0.000000 0.000000 0.000000
vt 0.173205 0.100000 0.000000
vt -0.026795 0.446410 0.000000
vt 0.000000 0.000000 0.000000
vt 0.200000 -0.346410 0.000000
vt 0.086602 0.050000 0.000000
vt 0.000000 0.000000 0.000000
vt 0.086603 0.050000 0.000000
vt -0.113398 0.396410 0.000000
vt 0.000000 0.000000 0.000000
vt 0.533012 0.076795 0.000000
vt 0.433012 0.250000 0.000000
vt 0.000000 0.000000 0.000000
vt 0.200000 -0.000000 0.000000
vt 0.000000 0.250000 0.000000
vt 0.000000 0.000000 0.000000
vt -0.000000 0.250000 0.000000
vt -0.200000 0.250000 0.000000
vt 0.000000 0.000000 0.000000
vt -0.100000 -0.173205 0.000000
vt 0.433012 -0.250000 0.000000
vt 0.000000 0.000000 0.000000
vt -0.533012 0.076795 0.000000
vt -0.149999 -0.259808 0.000000
vt 0.000000 0.000000 0.000000
vt -0.026795 -0.446410 0.000000
vt 0.383013 -0.336603 0.000000
vt 0.000000 0.000000 0.000000
vt 0.086603 -0.050000 0.000000
vt 0.200001 0.346410 0.000000
vt 0.000000 0.000000 0.000000
vt -0.113398 -0.396410 0.000000
vt 0.086602 -0.050000 0.000000
vt 0.000000 0.000000 0.000000
vt 0.173205 -0.100000 0.000000
vt 0.200000 0.346410 0.000000
vt 0.000000 0.000000 0.000000
vt 0.300000 -0.000000 0.000000
vt 0.000000 0.250000 0.000000
vt 0.000000 0.000000 0.000000
vt 0.000000 0.250000 0.000000
vt -0.300000 0.250000 0.000000
vt 0.000000 0.000000 0.000000
vt 0.109808 -0.409807 0.000000
vt 0.150000 0.259808 0.000000
vt 0.000000 0.000000 0.000000
vt -0.040192 -0.669615 0.000000
vt 0.333013 -0.423206 0.000000
vt 0.000000 0.000000 0.000000
vt 0.173205 -0.100000 0.000000
vt 0.373205 0.246410 0.000000
vt 0.000000 0.000000 0.000000
vt -0.200000 -0.346410 0.000000
vt 0.086602 -0.050000 0.000000
vt 0.000000 0.000000 0.000000
vt 0.086602 -0.050001 0.000000
vt 0.286602 0.296410 0.000000
vt 0.000000 0.000000 0.000000
vt 0.333013 -0.423206 0.000000
vt 0.433013 -0.250000 0.000000
vt 0.000000 0.000000 0.000000
vt -0.200000 0.000000 0.000000
vt 0.000000 -0.250000 0.000000
vt 0.000000 0.000000 0.000000
vt -0.000000 -0.250000 0.000000
vt 0.200000 -0.250000 0.000000
vt 0.000000 0.000000 0.000000
vt 0.100000 -0.173206 0.000000
vt 0.433013 0.250000 0.000000
vt 0.000000 0.000000 0.000000
vt -0.333013 -0.423206 0.000000
vt 0.150000 -0.259808 0.000000
vt 0.000000 0.000000 0.000000
vt 0.373205 -0.246410 0.000000
vt 0.483012 0.163397 0.000000
vt 0.000000 0.000000 0.000000
vt 0.086602 0.050001 0.000000
vt -0.200000 0.346410 0.000000
vt 0.000000 0.000000 0.000000
vt 0.286602 -0.296410 0.000000
vt 0.086602 0.050000 0.000000
vt 0.000000 0.000000 0.000000
vt 0.173205 0.100000 0.000000
vt -0.200000 0.346410 0.000000
vt 0.000000 0.000000 0.000000
vt -0.300000 -0.000000 0.000000
vt 0.000000 -0.250000 0.000000
vt 0.000000 0.000000 0.000000
vt -0.000000 -0.250000 0.000000
vt 0.300000 -0.250000 0.000000
vt 0.000000 0.000000 0.000000
vt -0.100000 -0.173205 0.000000
vt 0.433012 -0.250000 0.000000
vt 0.000000 0.000000 0.000000
vt -0.533012 0.076795 0.000000
vt -0.149999 -0.259808 0.000000
vt 0.000000 0.000000 0.000000
vt -0.026795 -0.446410 0.000000
vt 0.383013 -0.336603 0.000000
vt 0.000000 0.000000 0.000000
vt 0.086603 -0.050000 0.000000
vt 0.200001 0.346410 0.000000
vt 0.000000 0.000000 0.000000
vt -0.113398 -0.396410 0.000000
vt 0.086602 -0.050000 0.000000
vt 0.000000 0.000000 0.000000
vt 0.173205 -0.100000 0.000000
vt 0.200000 0.346410 0.000000
vt 0.000000 0.000000 0.000000
vt 0.409808 -0.109808 0.000000
vt -0.149999 0.259808 0.000000
vt 0.000000 0.000000 0.000000
vt 0.559808 -0.369615 0.000000
vt 0.533012 0.076795 0.000000
vt 0.000000 0.000000 0.000000
vt 0.173205 0.100000 0.000000
vt -0.026795 0.446410 0.000000
vt 0.000000 0.000000 0.000000
vt 0.200000 -0.346410 0.000000
vt 0.086602 0.050000 0.000000
vt 0.000000 0.000000 0.000000
vt 0.086603 0.050000 0.000000
vt -0.113398 0.396410 0.000000
vt 0.000000 0.000000 0.000000
vt 0.533012 0.076795 0.000000
vt 0.433012 0.250000 0.000000
vt 0.000000 0.000000 0.000000
vt 0.200000 0.000000 0.000000
vt 0.000000 0.250000 0.000000
vt 0.000000 0.000000 0.000000
vt -0.000000 0.250000 0.000000
vt -0.200000 0.250000 0.000000
vt 0.000000 0.000000 0.000000
vt -0.200000 -0.000000 0.000000
vt -0.000000 -0.250000 0.000000
vt 0.000000 0.000000 0.000000
vt -0.000000 -0.250000 0.000000
vt 0.200000 -0.250000 0.000000
vt 0.000000 0.000000 0.000000
vt 0.100000 -0.173206 0.000000
vt 0.433013 0.250000 0.000000
vt 0.000000 0.000000 0.000000
vt -0.333013 -0.423206 0.000000
vt 0.150000 -0.259808 0.000000
vt 0.000000 0.000000 0.000000
vt 0.373205 -0.246410 0.000000
vt 0.483012 0.163397 0.000000
vt 0.000000 0.000000 0.000000
vt 0.086602 0.050001 0.000000
vt -0.200000 0.346410 0.000000
vt 0.000000 0.000000 0.000000
vt 0.286602 -0.296410 0.000000
vt 0.086602 0.050000 0.000000
vt 0.000000 0.000000 0.000000
vt 0.173205 0.100000 0.000000
vt -0.200000 0.346410 0.000000
vt 0.000000 0.000000 0.000000
vt 0.109808 -0.409807 0.000000
vt 0.150000 0.259808 0.000000
vt 0.000000 0.000000 0.000000
vt -0.040192 -0.669615 0.000000
vt 0.333013 -0.423206 0.000000
vt 0.000000 0.000000 0.000000
vt 0.173205 -0.100000 0.000000
vt 0.373205 0.246410 0.000000
vt 0.000000 0.000000 0.000000
vt -0.200000 -0.346410 0.000000
vt 0.086602 -0.050000 0.000000
vt 0.000000 0.000000 0.000000
vt 0.086602 -0.050001 0.000000
vt 0.286602 0.296410 0.000000
vt 0.000000 0.000000 0.000000
vt 0.333013 -0.423206 0.000000
vt 0.433013 -0.250000 0.000000
vt 0.000000 0.000000 0.000000
vt 0.300000 -0.000000 0.000000
vt 0.000000 0.250000 0.000000
vt 0.000000 0.000000 0.000000
vt 0.000000 0.250000 0.000000
vt -0.300000 0.250000 0.000000
vt 0.000000 0.000000 0.000000
vt 0.000000 0.250000 0.000000
vt -1.100000 0.000000 0.000000
vt 0.000000 0.000000 0.000000
vt -1.100000 -0.000000 0.000000
vt -1.100000 -0.250000 0.000000
vt 0.000000 0.000000 0.000000
vt 0.013731 0.816218 0.000000
vt -0.669282 0.999231 0.000000
vt 0.000000 0.000000 0.000000
vt -0.550000 0.952628 0.000000
vt -0.683013 0.183013 0.000000
vt 0.000000 0.000000 0.000000
vt 0.133013 0.769615 0.000000
vt -0.200000 0.346410 0.000000
vt 0.000000 0.000000 0.000000
vt -0.433013 -0.250000 0.000000
vt -0.333013 -0.423206 0.000000
vt 0.000000 0.000000 0.000000
vt -0.200000 0.346410 0.000000
vt -0.086602 -0.050001 0.000000
vt 0.000000 0.000000 0.000000
vt -0.086602 -0.050000 0.000000
vt 0.113398 -0.396410 0.000000
vt 0.000000 0.000000 0.000000
vt -0.669282 0.999231 0.000000
vt -0.069283 -0.040000 0.000000
vt 0.000000 0.000000 0.000000
vt -0.433013 0.250000 0.000000
vt -0.100000 -0.173206 0.000000
vt 0.000000 0.000000 0.000000
vt -0.333013 0.423206 0.000000
vt -0.200000 -0.346410 0.000000
vt 0.000000 0.000000 0.000000
vt -0.550000 -0.952628 0.000000
vt 0.133013 -0.769615 0.000000
vt 0.000000 0.000000 0.000000
vt -0.683013 -0.183013 0.000000
vt -0.600000 -1.039231 0.000000
vt 0.000000 0.000000 0.000000
vt 0.013731 -0.816218 0.000000
vt 0.083013 -0.856218 0.000000
vt 0.000000 0.000000 0.000000
vt -0.200000 -0.346410 0.000000
vt 0.086602 -0.050000 0.000000
vt 0.000000 0.000000 0.000000
vt 0.086602 -0.050001 0.000000
vt 0.286602 0.296410 0.000000
vt 0.000000 0.000000 0.000000
vt 0.000000 -0.250000 0.000000
vt 0.080000 0.000000 0.000000
vt 0.000000 0.000000 0.000000
vt 0.080000 0.000000 0.000000
vt 0.080000 0.250000 0.000000
vt 0.000000 0.000000 0.000000
vt -0.080000 -0.000000 0.000000
vt 0.000000 -0.250000 0.000000
vt 0.000000 0.000000 0.000000
vt 0.000000 -0.250000 0.000000
vt 0.080000 -0.250000 0.000000
vt 0.000000 0.000000 0.000000
vt 0.100000 -0.173206 0.000000
vt 0.983013 -0.702628 0.000000
vt 0.000000 0.000000 0.000000
vt 0.200000 -0.346410 0.000000
vt 0.883013 -0.529423 0.000000
vt 0.000000 0.000000 0.000000
vt -0.683013 0.183013 0.000000
vt -0.013731 -0.816218 0.000000
vt 0.000000 0.000000 0.000000
vt 0.600000 -1.039231 0.000000
vt 0.669282 -0.999231 0.000000
vt 0.000000 0.000000 0.000000
vt -0.200000 0.346410 0.000000
vt -0.086602 -0.050001 0.000000
vt 0.000000 0.000000 0.000000
vt -0.086602 -0.050000 0.000000
vt 0.113398 -0.396410 0.000000
vt 0.000000 0.000000 0.000000
vt 0.983013 -0.702628 0.000000
vt 0.433013 0.250000 0.000000
vt 0.000000 0.000000 0.000000
vt -0.086602 0.050000 0.000000
vt -0.286602 -0.296410 0.000000
vt 0.000000 0.000000 0.000000
vt -0.883013 -0.529423 0.000000
vt -0.200000 -0.346410 0.000000
vt 0.000000 0.000000 0.000000
vt -0.683013 -0.183013 0.000000
vt -0.600000 -1.039231 0.000000
vt 0.000000 0.000000 0.000000
vt 0.013731 -0.816218 0.000000
vt 0.083013 -0.856218 0.000000
vt 0.000000 0.000000 0.000000
vt 0.883013 0.529423 0.000000
vt 0.550000 0.952628 0.000000
vt 0.000000 0.000000 0.000000
vt 0.100000 0.173206 0.000000
vt -0.333013 0.423206 0.000000
vt 0.000000 0.000000 0.000000
vt -0.286602 -0.296410 0.000000
vt -0.200000 -0.346410 0.000000
vt 0.000000 0.000000 0.000000
vt 1.100000 0.000000 0.000000
vt 0.000000 0.249020 0.000000
vt 0.000000 0.000000 0.000000
vt 1.100000 -0.249020 0.000000
vt 0.000000 0.000980 0.000000
vt 0.000000 0.000000 0.000000
vt 0.000000 0.250000 0.000000
vt -1.100000 0.250000 0.000000
vt 0.000000 0.000000 0.000000
vt -0.349999 -1.337946 0.000000
vt 0.000001 -2.973214 0.000000
vt 0.000000 0.000000 0.000000
vt -0.350000 1.635268 0.000000
vt -1.100000 -0.000000 0.000000
vt 0.000000 0.000000 0.000000
vt -0.400000 -0.000000 0.000000
vt -0.750000 -1.635268 0.000000
vt 0.000000 0.000000 0.000000
vt 0.350000 1.635268 0.000000
vt -0.000001 2.973214 0.000000
vt 0.000000 0.000000 0.000000
vt -0.000001 1.337946 0.000000
vt -0.350001 1.337946 0.000000
vt 0.000000 0.000000 0.000000
vt 0.349998 1.337946 0.000000
vt -0.000001 1.337946 0.000000
vt 0.000000 0.000000 0.000000
vt -0.200000 5.970292 0.000000
vt -0.200000 0.270292 0.000000
vt 0.000000 0.000000 0.000000
vt 0.000000 5.700000 0.000000
vt -0.349999 -0.000000 0.000000
vt 0.000000 0.000000 0.000000
vt -0.349999 -0.000000 0.000000
vt -0.349999 -5.700000 0.000000
vt 0.000000 0.000000 0.000000
vt 0.200000 -5.970292 0.000000
vt 0.200000 0.270292 0.000000
vt 0.000000 0.000000 0.000000
vt 0.350000 1.337946 0.000000
vt 0.000001 2.973214 0.000000
vt 0.000000 0.000000 0.000000
vt 0.350000 -1.635268 0.000000
vt 1.100000 -0.000000 0.000000
vt 0.000000 0.000000 0.000000
vt 0.400000 -0.000000 0.000000
vt 0.750000 1.635268 0.000000
vt 0.000000 0.000000 0.000000
vt -0.350000 -1.635268 0.000000
vt -0.000001 -2.973214 0.000000
vt 0.000000 0.000000 0.000000
vt -0.000001 -1.337946 0.000000
vt 0.349998 -1.337946 0.000000
vt 0.000000 0.000000 0.000000
vt -0.350001 -1.337946 0.000000
vt -0.000001 -1.337946 0.000000
vt 0.000000 0.000000 0.000000
vt -0.297134 -0.246742 0.000000
vt 0.027625 -0.059242 0.000000
vt 0.000000 0.000000 0.000000
vt -0.324760 -0.187500 0.000000
vt 0.037493 -0.053545 0.000000
vt 0.000000 0.000000 0.000000
vt 0.074986 -0.107091 0.000000
vt 0.362252 0.133955 0.000000
vt 0.000000 0.000000 0.000000
vt -0.287267 -0.241045 0.000000
vt 0.046222 -0.046221 0.000000
vt 0.000000 0.000000 0.000000
vt 0.092442 -0.092443 0.000000
vt 0.333488 0.194824 0.000000
vt 0.000000 0.000000 0.000000
vt -0.241046 -0.287267 0.000000
vt 0.053545 -0.037493 0.000000
vt 0.000000 0.000000 0.000000
vt 0.107091 -0.074986 0.000000
vt 0.294591 0.249774 0.000000
vt 0.000000 0.000000 0.000000
vt -0.187500 -0.324760 0.000000
vt 0.059243 -0.027625 0.000000
vt 0.000000 0.000000 0.000000
vt 0.118484 -0.055250 0.000000
vt 0.246742 0.297134 0.000000
vt 0.000000 0.000000 0.000000
vt -0.128258 -0.352385 0.000000
vt 0.063140 -0.016918 0.000000
vt 0.000000 0.000000 0.000000
vt 0.126279 -0.033836 0.000000
vt 0.191397 0.335467 0.000000
vt 0.000000 0.000000 0.000000
vt -0.065118 -0.369303 0.000000
vt 0.065118 -0.005697 0.000000
vt 0.000000 0.000000 0.000000
vt 0.130236 -0.011394 0.000000
vt 0.130236 0.363606 0.000000
vt 0.000000 0.000000 0.000000
vt -0.000000 -0.375000 0.000000
vt 0.065118 0.005697 0.000000
vt 0.000000 0.000000 0.000000
vt 0.130236 0.011394 0.000000
vt 0.065118 0.380697 0.000000
vt 0.000000 0.000000 0.000000
vt 0.065118 -0.369303 0.000000
vt 0.063139 0.016918 0.000000
vt 0.000000 0.000000 0.000000
vt 0.126279 0.033836 0.000000
vt -0.001979 0.386221 0.000000
vt 0.000000 0.000000 0.000000
vt 0.128258 -0.352385 0.000000
vt 0.059242 0.027625 0.000000
vt 0.000000 0.000000 0.000000
vt 0.118485 0.055250 0.000000
vt -0.069015 0.380010 0.000000
vt 0.000000 0.000000 0.000000
vt 0.187500 -0.324760 0.000000
vt 0.053545 0.037493 0.000000
vt 0.000000 0.000000 0.000000
vt 0.107091 0.074986 0.000000
vt -0.133955 0.362252 0.000000
vt 0.000000 0.000000 0.000000
vt 0.241045 -0.287267 0.000000
vt 0.046221 0.046221 0.000000
vt 0.000000 0.000000 0.000000
vt 0.092443 0.092443 0.000000
vt -0.194824 0.333488 0.000000
vt 0.000000 0.000000 0.000000
vt 0.287267 -0.241045 0.000000
vt 0.037493 0.053545 0.000000
vt 0.000000 0.000000 0.000000
vt 0.074986 0.107091 0.000000
vt -0.249774 0.294591 0.000000
vt 0.000000 0.000000 0.000000
vt 0.324759 -0.187500 0.000000
vt 0.027625 0.059242 0.000000
vt 0.000000 0.000000 0.000000
vt 0.055251 0.118485 0.000000
vt -0.297134 0.246742 0.000000
vt 0.000000 0.000000 0.000000
vt 0.352385 -0.128258 0.000000
vt 0.016918 0.063139 0.000000
vt 0.000000 0.000000 0.000000
vt 0.033836 0.126279 0.000000
vt -0.335467 0.191397 0.000000
vt 0.000000 0.000000 0.000000
vt 0.369303 -0.065118 0.000000
vt 0.005697 0.065118 0.000000
vt 0.000000 0.000000 0.000000
vt 0.011394 0.130236 0.000000
vt -0.363606 0.130236 0.000000
vt 0.000000 0.000000 0.000000
vt 0.375000 0.000000 0.000000
vt -0.005697 0.065118 0.000000
vt 0.000000 0.000000 0.000000
vt -0.011394 0.130236 0.000000
vt -0.380697 0.065118 0.000000
vt 0.000000 0.000000 0.000000
vt 0.369303 0.065118 0.000000
vt -0.016918 0.063140 0.000000
vt 0.000000 0.000000 0.000000
vt -0.033836 0.126279 0.000000
vt -0.386221 -0.001979 0.000000
vt 0.000000 0.000000 0.000000
vt 0.352385 0.128258 0.000000
vt -0.027625 0.059242 0.000000
vt 0.000000 0.000000 0.000000
vt -0.055251 0.118485 0.000000
vt -0.380010 -0.069015 0.000000
vt 0.000000 0.000000 0.000000
vt 0.324759 0.187500 0.000000
vt -0.037493 0.053545 0.000000
vt 0.000000 0.000000 0.000000
vt -0.408474 -0.087733 0.000000
vt -0.362252 -0.133955 0.000000
vt 0.000000 0.000000 0.000000
vt 0.033863 0.391829 0.000000
vt -0.059242 0.027625 0.000000
vt 0.000000 0.000000 0.000000
vt 0.093106 0.364203 0.000000
vt -0.063139 0.016918 0.000000
vt 0.000000 0.000000 0.000000
vt -0.120442 0.026591 0.000000
vt -0.156245 -0.347285 0.000000
vt 0.000000 0.000000 0.000000
vt 0.035803 0.373876 0.000000
vt -0.065118 0.005697 0.000000
vt 0.000000 0.000000 0.000000
vt -0.123171 0.006491 0.000000
vt -0.100921 -0.368179 0.000000
vt 0.000000 0.000000 0.000000
vt -0.022250 0.374670 0.000000
vt -0.065118 -0.005697 0.000000
vt 0.000000 0.000000 0.000000
vt -0.122570 -0.013785 0.000000
vt -0.042868 -0.380367 0.000000
vt 0.000000 0.000000 0.000000
vt -0.079702 0.366582 0.000000
vt -0.063140 -0.016918 0.000000
vt 0.000000 0.000000 0.000000
vt -0.118653 -0.033687 0.000000
vt 0.016563 -0.383500 0.000000
vt 0.000000 0.000000 0.000000
vt -0.135215 0.349813 0.000000
vt -0.059243 -0.027625 0.000000
vt 0.000000 0.000000 0.000000
vt -0.111527 -0.052679 0.000000
vt 0.075973 -0.377438 0.000000
vt 0.000000 0.000000 0.000000
vt -0.187500 0.324760 0.000000
vt -0.053545 -0.037493 0.000000
vt 0.000000 0.000000 0.000000
vt -0.101385 -0.070246 0.000000
vt 0.133955 -0.362252 0.000000
vt 0.000000 0.000000 0.000000
vt -0.235340 0.292007 0.000000
vt -0.046222 -0.046221 0.000000
vt 0.000000 0.000000 0.000000
vt -0.088501 -0.085913 0.000000
vt 0.189118 -0.338228 0.000000
vt 0.000000 0.000000 0.000000
vt -0.277619 0.252315 0.000000
vt -0.037493 -0.053545 0.000000
vt 0.000000 0.000000 0.000000
vt -0.073222 -0.099256 0.000000
vt 0.240126 -0.305861 0.000000
vt 0.000000 0.000000 0.000000
vt -0.313348 0.206604 0.000000
vt -0.027625 -0.059242 0.000000
vt 0.000000 0.000000 0.000000
vt -0.055965 -0.109915 0.000000
vt 0.285723 -0.265847 0.000000
vt 0.000000 0.000000 0.000000
vt -0.341688 0.155932 0.000000
vt -0.016918 -0.063140 0.000000
vt 0.000000 0.000000 0.000000
vt -0.037193 -0.117601 0.000000
vt 0.324770 -0.219071 0.000000
vt 0.000000 0.000000 0.000000
vt -0.361962 0.101470 0.000000
vt -0.005697 -0.065118 0.000000
vt 0.000000 0.000000 0.000000
vt 0.361962 -0.231706 0.000000
vt 0.356265 -0.166588 0.000000
vt 0.000000 0.000000 0.000000
vt 0.408474 0.087733 0.000000
vt -0.053545 0.037493 0.000000
vt 0.000000 0.000000 0.000000
vt 0.462019 0.050241 0.000000
vt 0.033863 0.391829 0.000000
vt 0.000000 0.000000 0.000000
vt -3.573205 5.788972 0.000000
vt -0.428156 0.341588 0.000000
vt 0.000000 0.000000 0.000000
vt -3.500000 6.062178 0.000000
vt -3.573205 5.788972 0.000000
vt 0.000000 0.000000 0.000000
vt 0.073205 0.273206 0.000000
vt -0.952628 -0.550000 0.000000
vt 0.000000 0.000000 0.000000
vt -1.299038 -0.750000 0.000000
vt -1.025833 -0.823206 0.000000
vt 0.000000 0.000000 0.000000
vt -0.273205 0.073206 0.000000
vt 3.145049 -5.447384 0.000000
vt 0.000000 0.000000 0.000000
vt 3.500000 -6.062178 0.000000
vt 3.418254 -5.520590 0.000000
vt 0.000000 0.000000 0.000000
vt 0.081746 -0.541588 0.000000
vt 0.361962 -0.231706 0.000000
vt 0.000000 0.000000 0.000000
vt 0.297134 0.246742 0.000000
vt 0.280216 0.309882 0.000000
vt 0.000000 0.000000 0.000000
vt 0.130734 -0.000000 0.000000
vt 0.000000 0.680000 0.000000
vt 0.000000 0.000000 0.000000
vt 0.130734 -0.680000 0.000000
vt 0.130734 0.020000 0.000000
vt 0.000000 0.000000 0.000000
vt 0.130734 -0.000000 0.000000
vt -0.000000 0.700000 0.000000
vt 0.000000 0.000000 0.000000
vt 0.130734 -0.700000 0.000000
vt 0.130734 0.000000 0.000000
vt 0.000000 0.000000 0.000000
vt 0.130734 0.000000 0.000000
vt -0.000000 0.700000 0.000000
vt 0.000000 0.000000 0.000000
vt 0.130734 -0.700000 0.000000
vt 0.130734 -0.000000 0.000000
vt 0.000000 0.000000 0.000000
vt 0.130734 0.000000 0.000000
vt 0.000000 0.700000 0.000000
vt 0.000000 0.000000 0.000000
vt 0.130734 -0.700000 0.000000
vt 0.130734 0.000000 0.000000
vt 0.000000 0.000000 0.000000
vt 0.130734 0.000000 0.000000
vt 0.000000 0.700000 0.000000
vt 0.000000 0.000000 0.000000
vt 0.130734 -0.700000 0.000000
vt 0.130734 -0.000000 0.000000
vt 0.000000 0.000000 0.000000
vt 0.130734 -0.000000 0.000000
vt -0.000000 0.700000 0.000000
vt 0.000000 0.000000 0.000000
vt 0.130734 -0.700000 0.000000
vt 0.130734 -0.000000 0.000000
vt 0.000000 0.000000 0.000000
vt 0.130734 0.000000 0.000000
vt -0.000000 0.700000 0.000000
vt 0.000000 0.000000 0.000000
vt 0.130734 -0.700000 0.000000
vt 0.130734 0.000000 0.000000
vt 0.000000 0.000000 0.000000
vt 0.130734 -0.000000 0.000000
vt 0.000000 0.700000 0.000000
vt 0.000000 0.000000 0.000000
vt 0.130734 -0.700000 0.000000
vt 0.130734 -0.000000 0.000000
vt 0.000000 0.000000 0.000000
vt 0.130733 -0.000000 0.000000
vt -0.000000 0.700000 0.000000
vt 0.000000 0.000000 0.000000
vt 0.130733 -0.700000 0.000000
vt 0.130733 -0.000000 0.000000
vt 0.000000 0.000000 0.000000
vt 0.130734 0.000000 0.000000
vt 0.000000 0.700000 0.000000
vt 0.000000 0.000000 0.000000
vt 0.130734 -0.700000 0.000000
vt 0.130734 -0.000000 0.000000
vt 0.000000 0.000000 0.000000
vt 0.130734 0.000000 0.000000
vt 0.000000 0.700000 0.000000
vt 0.000000 0.000000 0.000000
vt 0.130734 -0.700000 0.000000
vt 0.130734 0.000000 0.000000
vt 0.000000 0.000000 0.000000
vt 0.130734 0.000000 0.000000
vt 0.000000 0.700000 0.000000
vt 0.000000 0.000000 0.000000
vt 0.130734 -0.700000 0.000000
vt 0.130734 -0.000000 0.000000
vt 0.000000 0.000000 0.000000
vt 0.130734 -0.000000 0.000000
vt 0.000000 0.700000 0.000000
vt 0.000000 0.000000 0.000000
vt 0.130734 -0.700000 0.000000
vt 0.130734 0.000000 0.000000
vt 0.000000 0.000000 0.000000
vt 0.130734 -0.000000 0.000000
vt -0.000000 0.700000 0.000000
vt 0.000000 0.000000 0.000000
vt 0.130734 -0.700000 0.000000
vt 0.130734 -0.000000 0.000000
vt 0.000000 0.000000 0.000000
vt 0.130733 -0.000000 0.000000
vt 0.000000 0.700000 0.000000
vt 0.000000 0.000000 0.000000
vt 0.130733 -0.700000 0.000000
vt 0.130733 0.000000 0.000000
vt 0.000000 0.000000 0.000000
vt 0.130734 0.000000 0.000000
vt 0.000000 0.700000 0.000000
vt 0.000000 0.000000 0.000000
vt 0.130734 -0.700000 0.000000
vt 0.130734 -0.000000 0.000000
vt 0.000000 0.000000 0.000000
vt 0.130733 -0.000000 0.000000
vt 0.000000 0.700000 0.000000
vt 0.000000 0.000000 0.000000
vt 0.130733 -0.700000 0.000000
vt 0.130733 0.000000 0.000000
vt 0.000000 0.000000 0.000000
vt 0.130734 0.680000 0.000000
vt 0.000000 0.700000 0.000000
vt 0.000000 0.000000 0.000000
vt 0.130734 -0.020000 0.000000
vt 0.130734 0.000000 0.000000
vt 0.000000 0.000000 0.000000
vt 0.130733 0.000000 0.000000
vt 0.000000 0.020000 0.000000
vt 0.000000 0.000000 0.000000
vt 0.130733 -0.020000 0.000000
vt 0.130733 -0.000000 0.000000
vt 0.000000 0.000000 0.000000
vt 0.130734 0.000000 0.000000
vt 0.000000 0.020000 0.000000
vt 0.000000 0.000000 0.000000
vt 0.130734 -0.020000 0.000000
vt 0.130734 -0.000000 0.000000
vt 0.000000 0.000000 0.000000
vt 0.130734 -0.000000 0.000000
vt 0.000000 0.020000 0.000000
vt 0.000000 0.000000 0.000000
vt 0.130734 -0.020000 0.000000
vt 0.130734 -0.000000 0.000000
vt 0.000000 0.000000 0.000000
vt 0.130734 0.000000 0.000000
vt 0.000000 0.020000 0.000000
vt 0.000000 0.000000 0.000000
vt 0.130734 -0.020000 0.000000
vt 0.130734 0.000000 0.000000
vt 0.000000 0.000000 0.000000
vt 0.130734 0.000000 0.000000
vt 0.000000 0.020000 0.000000
vt 0.000000 0.000000 0.000000
vt 0.130734 -0.020000 0.000000
vt 0.130734 0.000000 0.000000
vt 0.000000 0.000000 0.000000
vt 0.130733 -0.000000 0.000000
vt -0.000000 0.020000 0.000000
vt 0.000000 0.000000 0.000000
vt 0.130733 -0.020000 0.000000
vt 0.130733 -0.000000 0.000000
vt 0.000000 0.000000 0.000000
vt 0.130734 0.000000 0.000000
vt 0.000000 0.020000 0.000000
vt 0.000000 0.000000 0.000000
vt 0.130734 -0.020000 0.000000
vt 0.130734 -0.000000 0.000000
vt 0.000000 0.000000 0.000000
vt 0.130733 -0.000000 0.000000
vt 0.000000 0.020000 0.000000
vt 0.000000 0.000000 0.000000
vt 0.130733 -0.020000 0.000000
vt 0.130733 -0.000000 0.000000
vt 0.000000 0.000000 0.000000
vt 0.130734 -0.000000 0.000000
vt 0.000000 0.020000 0.000000
vt 0.000000 0.000000 0.000000
vt 0.130734 -0.020000 0.000000
vt 0.130734 -0.000000 0.000000
vt 0.000000 0.000000 0.000000
vt 0.130733 0.000000 0.000000
vt -0.000000 0.020000 0.000000
vt 0.000000 0.000000 0.000000
vt 0.130733 -0.020000 0.000000
vt 0.130733 0.000000 0.000000
vt 0.000000 0.000000 0.000000
vt 0.130734 -0.000000 0.000000
vt -0.000000 0.020000 0.000000
vt 0.000000 0.000000 0.000000
vt 0.130734 -0.020000 0.000000
vt 0.130734 -0.000000 0.000000
vt 0.000000 0.000000 0.000000
vt 0.130734 -0.000000 0.000000
vt 0.000000 0.020000 0.000000
vt 0.000000 0.000000 0.000000
vt 0.130734 -0.020000 0.000000
vt 0.130734 0.000000 0.000000
vt 0.000000 0.000000 0.000000
vt 0.130734 -0.000000 0.000000
vt -0.000000 0.020000 0.000000
vt 0.000000 0.000000 0.000000
vt 0.130734 -0.020000 0.000000
vt 0.130734 -0.000000 0.000000
vt 0.000000 0.000000 0.000000
vt 0.130734 -0.000000 0.000000
vt -0.000000 0.020000 0.000000
vt 0.000000 0.000000 0.000000
vt 0.130734 -0.020000 0.000000
vt 0.130734 -0.000000 0.000000
vt 0.000000 0.000000 0.000000
vt 0.130734 0.000000 0.000000
vt -0.000000 0.020000 0.000000
vt 0.000000 0.000000 0.000000
vt 0.130734 -0.020000 0.000000
vt 0.130734 0.000000 0.000000
vt 0.000000 0.000000 0.000000
vt 0.130734 -0.000000 0.000000
vt -0.000000 0.020000 0.000000
vt 0.000000 0.000000 0.000000
vt 0.130734 -0.020000 0.000000
vt 0.130734 -0.000000 0.000000
vt 0.000000 0.000000 0.000000
vt 0.130734 -0.000000 0.000000
vt -0.000000 0.020000 0.000000
vt 0.000000 0.000000 0.000000
vt 0.130734 -0.020000 0.000000
vt 0.130734 -0.000000 0.000000
vt 0.000000 0.000000 0.000000
vt 0.130734 0.000000 0.000000
vt -0.000000 0.020000 0.000000
vt 0.000000 0.000000 0.000000
vt 0.130734 -0.020000 0.000000
vt 0.130734 0.000000 0.000000
vt 0.000000 0.000000 0.000000
vt 0.130734 0.020000 0.000000
vt -0.000000 0.020000 0.000000
vt 0.000000 0.000000 0.000000
vt -0.130734 -0.680000 0.000000
vt -0.000000 -0.680000 0.000000
vt 0.000000 0.000000 0.000000
vt -0.000059 -0.649666 0.000000
vt -0.000059 -0.000190 0.000000
vt -0.200000 -0.649666 0.000000
vt -0.199940 0.000000 0.000000
vt 0.000000 0.000000 0.000000
vt -0.199940 0.000194 0.000000
vt 0.000000 0.649666 0.000000
vt 0.000059 0.649666 0.000000
vt 0.000060 0.000194 0.000000
vt 0.200000 0.649666 0.000000
vt -0.199941 0.000000 0.000000
vt 0.000000 0.000000 0.000000
vt -0.199941 0.000192 0.000000
vt 0.000000 0.649667 0.000000
vt 0.000058 0.649667 0.000000
vt 0.000059 0.000192 0.000000
vt 0.200000 0.649667 0.000000
vt -0.199942 -0.000000 0.000000
vt 0.000000 0.000000 0.000000
vt -0.199942 0.000190 0.000000
vt 0.000000 0.649667 0.000000
vt 0.000058 0.649667 0.000000
vt 0.000059 0.000190 0.000000
vt 0.200000 0.649667 0.000000
vt -0.199943 -0.000000 0.000000
vt 0.000000 0.000000 0.000000
vt -0.199943 0.000186 0.000000
vt -0.000000 0.649667 0.000000
vt 0.000057 0.649667 0.000000
vt 0.000057 0.000186 0.000000
vt 0.200000 0.649667 0.000000
vt -0.199943 -0.000000 0.000000
vt 0.000000 0.000000 0.000000
vt -0.199943 0.000186 0.000000
vt 0.000000 0.649667 0.000000
vt 0.000056 0.649667 0.000000
vt 0.000057 0.000186 0.000000
vt 0.200000 0.649667 0.000000
vt -0.199944 0.000000 0.000000
vt 0.000000 0.000000 0.000000
vt -0.199944 0.000181 0.000000
vt 0.000000 0.649668 0.000000
vt 0.000055 0.649668 0.000000
vt 0.000056 0.000181 0.000000
vt 0.200000 0.649668 0.000000
vt -0.199945 -0.000000 0.000000
vt 0.000000 0.000000 0.000000
vt -0.199945 0.000177 0.000000
vt -0.000000 0.649666 0.000000
vt 0.000054 0.649666 0.000000
vt 0.000055 0.000177 0.000000
vt 0.200000 0.649666 0.000000
vt -0.199946 -0.000000 0.000000
vt 0.000000 0.000000 0.000000
vt -0.199946 0.000177 0.000000
vt 0.000000 0.649667 0.000000
vt 0.000053 0.649667 0.000000
vt 0.000054 0.000177 0.000000
vt 0.199999 0.649667 0.000000
vt -0.199946 0.000000 0.000000
vt 0.000000 0.000000 0.000000
vt -0.199946 0.000175 0.000000
vt -0.000001 0.649667 0.000000
vt 0.000053 0.649667 0.000000
vt 0.000054 0.000175 0.000000
vt 0.199999 0.649667 0.000000
vt -0.199946 -0.000000 0.000000
vt 0.000000 0.000000 0.000000
vt -0.199946 0.000173 0.000000
vt -0.000000 0.649667 0.000000
vt 0.000054 0.649667 0.000000
vt 0.000053 0.000173 0.000000
vt 0.200001 0.649667 0.000000
vt 0.092802 0.177107 0.000000
vt 0.000000 -0.000000 0.000000
vt 0.092955 0.177027 0.000000
vt 0.575453 -0.301531 0.000000
vt 0.575428 -0.301578 0.000000
vt 0.000128 -0.000127 0.000000
vt 0.482626 -0.478685 0.000000
vt 0.095971 0.175410 0.000000
vt 0.000000 -0.000000 0.000000
vt 0.096121 0.175328 0.000000
vt 0.569938 -0.311828 0.000000
vt 0.569913 -0.311875 0.000000
vt 0.000124 -0.000128 0.000000
vt 0.473942 -0.487284 0.000000
vt 0.098205 0.174169 0.000000
vt 0.000000 -0.000000 0.000000
vt 0.098353 0.174086 0.000000
vt 0.565907 -0.319088 0.000000
vt 0.565881 -0.319133 0.000000
vt 0.000122 -0.000128 0.000000
vt 0.467676 -0.493302 0.000000
vt 0.099533 0.173414 0.000000
vt 0.000000 -0.000000 0.000000
vt 0.099681 0.173329 0.000000
vt 0.563452 -0.323402 0.000000
vt 0.563427 -0.323448 0.000000
vt 0.000121 -0.000130 0.000000
vt 0.463892 -0.496861 0.000000
vt 0.099975 0.173160 0.000000
vt 0.000000 0.000000 0.000000
vt 0.100120 0.173076 0.000000
vt 0.562629 -0.324834 0.000000
vt 0.562602 -0.324878 0.000000
vt 0.000119 -0.000129 0.000000
vt 0.462628 -0.498038 0.000000
vt 0.099533 0.173414 0.000000
vt 0.000000 0.000000 0.000000
vt 0.099677 0.173332 0.000000
vt 0.563451 -0.323402 0.000000
vt 0.563426 -0.323446 0.000000
vt 0.000119 -0.000127 0.000000
vt 0.463893 -0.496861 0.000000
vt 0.098206 0.174170 0.000000
vt 0.000000 0.000000 0.000000
vt 0.098352 0.174087 0.000000
vt 0.565907 -0.319087 0.000000
vt 0.565881 -0.319133 0.000000
vt 0.000121 -0.000128 0.000000
vt 0.467676 -0.493302 0.000000
vt 0.095972 0.175410 0.000000
vt 0.000000 0.000000 0.000000
vt 0.096120 0.175329 0.000000
vt 0.569938 -0.311829 0.000000
vt 0.569913 -0.311875 0.000000
vt 0.000123 -0.000127 0.000000
vt 0.473941 -0.487285 0.000000
vt 0.092803 0.177107 0.000000
vt 0.000000 0.000000 0.000000
vt 0.092953 0.177029 0.000000
vt 0.575453 -0.301531 0.000000
vt 0.575428 -0.301577 0.000000
vt 0.000126 -0.000125 0.000000
vt 0.482626 -0.478684 0.000000
vt 0.199947 0.000000 0.000000
vt 0.000000 0.000000 0.000000
vt 0.199947 -0.000170 0.000000
vt -0.000000 -0.649667 0.000000
vt -0.000053 -0.649667 0.000000
vt -0.000052 -0.000170 0.000000
vt -0.200000 -0.649667 0.000000
vt 0.199948 0.000000 0.000000
vt 0.000000 0.000000 0.000000
vt 0.199948 -0.000170 0.000000
vt 0.000000 -0.649667 0.000000
vt -0.000051 -0.649667 0.000000
vt -0.000052 -0.000170 0.000000
vt -0.199998 -0.649667 0.000000
vt 0.199947 0.000000 0.000000
vt 0.000000 0.000000 0.000000
vt 0.199947 -0.000173 0.000000
vt 0.000002 -0.649667 0.000000
vt -0.000054 -0.649667 0.000000
vt -0.000053 -0.000173 0.000000
vt -0.200000 -0.649667 0.000000
vt 0.199946 0.000000 0.000000
vt 0.000000 0.000000 0.000000
vt 0.199946 -0.000174 0.000000
vt 0.000000 -0.649667 0.000000
vt -0.000054 -0.649667 0.000000
vt -0.000054 -0.000174 0.000000
vt -0.200000 -0.649667 0.000000
vt 0.199946 0.000000 0.000000
vt 0.000000 0.000000 0.000000
vt 0.199946 -0.000176 0.000000
vt -0.000000 -0.649667 0.000000
vt -0.000055 -0.649667 0.000000
vt -0.000054 -0.000176 0.000000
vt -0.200000 -0.649667 0.000000
vt 0.199945 0.000000 0.000000
vt 0.000000 0.000000 0.000000
vt 0.199945 -0.000179 0.000000
vt 0.000000 -0.649667 0.000000
vt -0.000056 -0.649667 0.000000
vt -0.000055 -0.000179 0.000000
vt -0.200000 -0.649667 0.000000
vt 0.199944 -0.000000 0.000000
vt 0.000000 0.000000 0.000000
vt 0.199944 -0.000182 0.000000
vt -0.000000 -0.649667 0.000000
vt -0.000057 -0.649667 0.000000
vt -0.000056 -0.000182 0.000000
vt -0.200000 -0.649667 0.000000
vt 0.199943 0.000000 0.000000
vt 0.000000 0.000000 0.000000
vt 0.199943 -0.000185 0.000000
vt 0.000000 -0.649667 0.000000
vt -0.000058 -0.649667 0.000000
vt -0.000057 -0.000185 0.000000
vt -0.200000 -0.649667 0.000000
vt 0.199942 -0.000000 0.000000
vt 0.000000 0.000000 0.000000
vt 0.199942 -0.000187 0.000000
vt -0.000000 -0.649667 0.000000
vt -0.000058 -0.649667 0.000000
vt -0.000057 -0.000187 0.000000
vt -0.200000 -0.649667 0.000000
vt 0.199942 -0.000000 0.000000
vt 0.000000 0.000000 0.000000
vt 0.199942 -0.000190 0.000000
vt 0.000000 -0.649666 0.000000
vt -0.130734 0.000000 0.000000
vt 0.000000 -0.680000 0.000000
vt 0.000000 0.000000 0.000000
vt -0.130734 0.680000 0.000000
vt -0.130734 -0.020000 0.000000
vt 0.000000 0.000000 0.000000
vt -0.130733 -0.000000 0.000000
vt -0.000000 -0.700000 0.000000
vt 0.000000 0.000000 0.000000
vt -0.130733 0.700000 0.000000
vt -0.130733 -0.000000 0.000000
vt 0.000000 0.000000 0.000000
vt -0.130734 0.000000 0.000000
vt 0.000000 -0.700000 0.000000
vt 0.000000 0.000000 0.000000
vt -0.130734 0.700000 0.000000
vt -0.130734 0.000000 0.000000
vt 0.000000 0.000000 0.000000
vt -0.130733 -0.000000 0.000000
vt -0.000000 -0.700000 0.000000
vt 0.000000 0.000000 0.000000
vt -0.130733 0.700000 0.000000
vt -0.130733 0.000000 0.000000
vt 0.000000 0.000000 0.000000
vt -0.130734 -0.000000 0.000000
vt 0.000000 -0.700000 0.000000
vt 0.000000 0.000000 0.000000
vt -0.130734 0.700000 0.000000
vt -0.130734 -0.000000 0.000000
vt 0.000000 0.000000 0.000000
vt -0.130734 -0.000000 0.000000
vt 0.000000 -0.700000 0.000000
vt 0.000000 0.000000 0.000000
vt -0.130734 0.700000 0.000000
vt -0.130734 0.000000 0.000000
vt 0.000000 0.000000 0.000000
vt -0.130734 0.000000 0.000000
vt -0.000000 -0.700000 0.000000
vt 0.000000 0.000000 0.000000
vt -0.130734 0.700000 0.000000
vt -0.130734 0.000000 0.000000
vt 0.000000 0.000000 0.000000
vt -0.130734 0.000000 0.000000
vt 0.000000 -0.700000 0.000000
vt 0.000000 0.000000 0.000000
vt -0.130734 0.700000 0.000000
vt -0.130734 0.000000 0.000000
vt 0.000000 0.000000 0.000000
vt -0.130734 -0.000000 0.000000
vt -0.000000 -0.700000 0.000000
vt 0.000000 0.000000 0.000000
vt -0.130734 0.700000 0.000000
vt -0.130734 -0.000000 0.000000
vt 0.000000 0.000000 0.000000
vt -0.130733 0.000000 0.000000
vt -0.000000 -0.700000 0.000000
vt 0.000000 0.000000 0.000000
vt -0.130733 0.700000 0.000000
vt -0.130733 -0.000000 0.000000
vt 0.000000 0.000000 0.000000
vt -0.130734 0.000000 0.000000
vt 0.000000 -0.700000 0.000000
vt 0.000000 0.000000 0.000000
vt -0.130734 0.700000 0.000000
vt -0.130734 0.000000 0.000000
vt 0.000000 0.000000 0.000000
vt -0.130734 -0.000000 0.000000
vt -0.000000 -0.700000 0.000000
vt 0.000000 0.000000 0.000000
vt -0.130734 0.700000 0.000000
vt -0.130734 -0.000000 0.000000
vt 0.000000 0.000000 0.000000
vt -0.130734 -0.000000 0.000000
vt -0.000000 -0.700000 0.000000
vt 0.000000 0.000000 0.000000
vt -0.130734 0.700000 0.000000
vt -0.130734 0.000000 0.000000
vt 0.000000 0.000000 0.000000
vt -0.130734 0.000000 0.000000
vt 0.000000 -0.700000 0.000000
vt 0.000000 0.000000 0.000000
vt -0.130734 0.700000 0.000000
vt -0.130734 0.000000 0.000000
vt 0.000000 0.000000 0.000000
vt -0.130734 -0.000000 0.000000
vt 0.000000 -0.700000 0.000000
vt 0.000000 0.000000 0.000000
vt -0.130734 0.700000 0.000000
vt -0.130734 -0.000000 0.000000
vt 0.000000 0.000000 0.000000
vt -0.130734 0.000000 0.000000
vt 0.000000 -0.700000 0.000000
vt 0.000000 0.000000 0.000000
vt -0.130734 0.700000 0.000000
vt -0.130734 0.000000 0.000000
vt 0.000000 0.000000 0.000000
vt -0.130734 -0.000000 0.000000
vt -0.000000 -0.700000 0.000000
vt 0.000000 0.000000 0.000000
vt -0.130734 0.700000 0.000000
vt -0.130734 0.000000 0.000000
vt 0.000000 0.000000 0.000000
vt -0.130734 -0.680000 0.000000
vt 0.000000 -0.700000 0.000000
vt 0.000000 0.000000 0.000000
vt -0.130734 0.020000 0.000000
vt -0.130734 -0.000000 0.000000
vt 0.000000 0.000000 0.000000
vt -0.130734 0.000000 0.000000
vt 0.000000 -0.020000 0.000000
vt 0.000000 0.000000 0.000000
vt -0.130734 0.020000 0.000000
vt -0.130734 -0.000000 0.000000
vt 0.000000 0.000000 0.000000
vt -0.130734 0.000000 0.000000
vt -0.000000 -0.020000 0.000000
vt 0.000000 0.000000 0.000000
vt -0.130734 0.020000 0.000000
vt -0.130734 -0.000000 0.000000
vt 0.000000 0.000000 0.000000
vt -0.130734 -0.000000 0.000000
vt -0.000000 -0.020000 0.000000
vt 0.000000 0.000000 0.000000
vt -0.130734 0.020000 0.000000
vt -0.130734 0.000000 0.000000
vt 0.000000 0.000000 0.000000
vt -0.130734 0.000000 0.000000
vt -0.000000 -0.020000 0.000000
vt 0.000000 0.000000 0.000000
vt -0.130734 0.020000 0.000000
vt -0.130734 0.000000 0.000000
vt 0.000000 0.000000 0.000000
vt -0.130734 -0.000000 0.000000
vt -0.000000 -0.020000 0.000000
vt 0.000000 0.000000 0.000000
vt -0.130734 0.020000 0.000000
vt -0.130734 -0.000000 0.000000
vt 0.000000 0.000000 0.000000
vt -0.130734 -0.000000 0.000000
vt -0.000000 -0.020000 0.000000
vt 0.000000 0.000000 0.000000
vt -0.130734 0.020000 0.000000
vt -0.130734 0.000000 0.000000
vt 0.000000 0.000000 0.000000
vt -0.130734 -0.000000 0.000000
vt 0.000000 -0.020000 0.000000
vt 0.000000 0.000000 0.000000
vt -0.130734 0.020000 0.000000
vt -0.130734 -0.000000 0.000000
vt 0.000000 0.000000 0.000000
vt -0.130734 0.000000 0.000000
vt -0.000000 -0.020000 0.000000
vt 0.000000 0.000000 0.000000
vt -0.130734 0.020000 0.000000
vt -0.130734 0.000000 0.000000
vt 0.000000 0.000000 0.000000
vt -0.130733 0.000000 0.000000
vt 0.000000 -0.020000 0.000000
vt 0.000000 0.000000 0.000000
vt -0.130733 0.020000 0.000000
vt -0.130733 -0.000000 0.000000
vt 0.000000 0.000000 0.000000
vt -0.130734 -0.000000 0.000000
vt -0.000000 -0.020000 0.000000
vt 0.000000 0.000000 0.000000
vt -0.130734 0.020000 0.000000
vt -0.130734 -0.000000 0.000000
vt 0.000000 0.000000 0.000000
vt -0.130733 0.000000 0.000000
vt -0.000000 -0.020000 0.000000
vt 0.000000 0.000000 0.000000
vt -0.130733 0.020000 0.000000
vt -0.130733 0.000000 0.000000
vt 0.000000 0.000000 0.000000
vt -0.130734 -0.000000 0.000000
vt -0.000000 -0.020000 0.000000
vt 0.000000 0.000000 0.000000
vt -0.130734 0.020000 0.000000
vt -0.130734 -0.000000 0.000000
vt 0.000000 0.000000 0.000000
vt -0.130733 0.000000 0.000000
vt -0.000000 -0.020000 0.000000
vt 0.000000 0.000000 0.000000
vt -0.130733 0.020000 0.000000
vt -0.130733 -0.000000 0.000000
vt 0.000000 0.000000 0.000000
vt -0.130734 -0.000000 0.000000
vt 0.000000 -0.020000 0.000000
vt 0.000000 0.000000 0.000000
vt -0.130734 0.020000 0.000000
vt -0.130734 -0.000000 0.000000
vt 0.000000 0.000000 0.000000
vt -0.130734 0.000000 0.000000
vt -0.000000 -0.020000 0.000000
vt 0.000000 0.000000 0.000000
vt -0.130734 0.020000 0.000000
vt -0.130734 0.000000 0.000000
vt 0.000000 0.000000 0.000000
vt -0.130734 -0.000000 0.000000
vt -0.000000 -0.020000 0.000000
vt 0.000000 0.000000 0.000000
vt -0.130734 0.020000 0.000000
vt -0.130734 -0.000000 0.000000
vt 0.000000 0.000000 0.000000
vt -0.130734 0.000000 0.000000
vt -0.000000 -0.020000 0.000000
vt 0.000000 0.000000 0.000000
vt -0.130734 0.020000 0.000000
vt -0.130734 0.000000 0.000000
vt 0.000000 0.000000 0.000000
vt -0.130733 -0.000000 0.000000
vt 0.000000 -0.020000 0.000000
vt 0.000000 0.000000 0.000000
vt -0.130733 0.020000 0.000000
vt -0.130733 -0.000000 0.000000
vt 0.000000 0.000000 0.000000
vt -0.130734 -0.020000 0.000000
vt 0.000000 -0.020000 0.000000
vt 0.000000 0.000000 0.000000
vt 0.130734 0.680000 0.000000
vt -0.000000 0.680000 0.000000
vt 0.000000 0.000000 0.000000
vt -0.000000 -0.520000 0.000000
vt 0.130236 -0.011394 0.000000
vt 0.000000 0.000000 0.000000
vt 0.039939 -0.003494 0.000000
vt 0.130236 0.508606 0.000000
vt 0.000000 0.000000 0.000000
vt -0.090297 -0.512100 0.000000
vt 0.126279 -0.033836 0.000000
vt 0.000000 0.000000 0.000000
vt 0.038726 -0.010376 0.000000
vt 0.216576 0.478264 0.000000
vt 0.000000 0.000000 0.000000
vt -0.177850 -0.488640 0.000000
vt 0.118485 -0.055250 0.000000
vt 0.000000 0.000000 0.000000
vt 0.036335 -0.016943 0.000000
vt 0.296335 0.433390 0.000000
vt 0.000000 0.000000 0.000000
vt -0.260000 -0.450333 0.000000
vt 0.107091 -0.074986 0.000000
vt 0.000000 0.000000 0.000000
vt 0.032841 -0.022996 0.000000
vt 0.367091 0.375347 0.000000
vt 0.000000 0.000000 0.000000
vt -0.334249 -0.398343 0.000000
vt 0.092443 -0.092443 0.000000
vt 0.000000 0.000000 0.000000
vt 0.028349 -0.028349 0.000000
vt 0.426692 0.305900 0.000000
vt 0.000000 0.000000 0.000000
vt -0.398343 -0.334249 0.000000
vt 0.074986 -0.107091 0.000000
vt 0.000000 0.000000 0.000000
vt 0.022995 -0.032841 0.000000
vt 0.473329 0.227159 0.000000
vt 0.000000 0.000000 0.000000
vt -0.450333 -0.260000 0.000000
vt 0.055251 -0.118485 0.000000
vt 0.000000 0.000000 0.000000
vt 0.016944 -0.036335 0.000000
vt 0.505584 0.141515 0.000000
vt 0.000000 0.000000 0.000000
vt -0.488640 -0.177851 0.000000
vt 0.033836 -0.126279 0.000000
vt 0.000000 0.000000 0.000000
vt 0.010376 -0.038726 0.000000
vt 0.522476 0.051572 0.000000
vt 0.000000 0.000000 0.000000
vt -0.512100 -0.090297 0.000000
vt 0.011394 -0.130236 0.000000
vt 0.000000 0.000000 0.000000
vt 0.003494 -0.039939 0.000000
vt 0.523494 -0.039939 0.000000
vt 0.000000 0.000000 0.000000
vt -0.520000 -0.000000 0.000000
vt -0.011394 -0.130236 0.000000
vt 0.000000 0.000000 0.000000
vt -0.003494 -0.039939 0.000000
vt 0.508606 -0.130236 0.000000
vt 0.000000 0.000000 0.000000
vt -0.512100 0.090297 0.000000
vt -0.033836 -0.126279 0.000000
vt 0.000000 0.000000 0.000000
vt -0.010376 -0.038726 0.000000
vt 0.478264 -0.216576 0.000000
vt 0.000000 0.000000 0.000000
vt -0.488640 0.177850 0.000000
vt -0.055251 -0.118485 0.000000
vt 0.000000 0.000000 0.000000
vt -0.016944 -0.036335 0.000000
vt 0.433390 -0.296335 0.000000
vt 0.000000 0.000000 0.000000
vt -0.450333 0.260000 0.000000
vt -0.074986 -0.107091 0.000000
vt 0.000000 0.000000 0.000000
vt -0.022995 -0.032841 0.000000
vt 0.375348 -0.367091 0.000000
vt 0.000000 0.000000 0.000000
vt -0.398343 0.334250 0.000000
vt -0.092443 -0.092443 0.000000
vt 0.000000 0.000000 0.000000
vt -0.028349 -0.028349 0.000000
vt 0.305900 -0.426692 0.000000
vt 0.000000 0.000000 0.000000
vt -0.334249 0.398343 0.000000
vt -0.107091 -0.074986 0.000000
vt 0.000000 0.000000 0.000000
vt -0.032841 -0.022996 0.000000
vt 0.227159 -0.473329 0.000000
vt 0.000000 0.000000 0.000000
vt -0.260000 0.450333 0.000000
vt -0.118485 -0.055250 0.000000
vt 0.000000 0.000000 0.000000
vt -0.036335 -0.016943 0.000000
vt 0.141515 -0.505584 0.000000
vt 0.000000 0.000000 0.000000
vt -0.177850 0.488640 0.000000
vt -0.126279 -0.033836 0.000000
vt 0.000000 0.000000 0.000000
vt -0.038726 -0.010377 0.000000
vt 0.051571 -0.522477 0.000000
vt 0.000000 0.000000 0.000000
vt -0.090297 0.512100 0.000000
vt -0.130236 -0.011394 0.000000
vt 0.000000 0.000000 0.000000
vt -0.039939 -0.003494 0.000000
vt -0.039939 -0.523494 0.000000
vt 0.000000 0.000000 0.000000
vt -0.000000 0.520000 0.000000
vt -0.130236 0.011394 0.000000
vt 0.000000 0.000000 0.000000
vt -0.039939 0.003494 0.000000
vt -0.130236 -0.508606 0.000000
vt 0.000000 0.000000 0.000000
vt 0.090297 0.512100 0.000000
vt -0.126279 0.033836 0.000000
vt 0.000000 0.000000 0.000000
vt -0.038725 0.010377 0.000000
vt -0.216576 -0.478264 0.000000
vt 0.000000 0.000000 0.000000
vt 0.177851 0.488640 0.000000
vt -0.118484 0.055250 0.000000
vt 0.000000 0.000000 0.000000
vt -0.036335 0.016943 0.000000
vt -0.296335 -0.433390 0.000000
vt 0.000000 0.000000 0.000000
vt 0.260000 0.450333 0.000000
vt -0.107091 0.074986 0.000000
vt 0.000000 0.000000 0.000000
vt -0.032841 0.022996 0.000000
vt -0.367091 -0.375347 0.000000
vt 0.000000 0.000000 0.000000
vt 0.334250 0.398343 0.000000
vt -0.092442 0.092443 0.000000
vt 0.000000 0.000000 0.000000
vt -0.028349 0.028349 0.000000
vt -0.426692 -0.305900 0.000000
vt 0.000000 0.000000 0.000000
vt 0.398343 0.334250 0.000000
vt -0.074986 0.107091 0.000000
vt 0.000000 0.000000 0.000000
vt -0.022996 0.032841 0.000000
vt -0.473329 -0.227159 0.000000
vt 0.000000 0.000000 0.000000
vt 0.450333 0.260000 0.000000
vt -0.055250 0.118485 0.000000
vt 0.000000 0.000000 0.000000
vt -0.016943 0.036335 0.000000
vt -0.505583 -0.141515 0.000000
vt 0.000000 0.000000 0.000000
vt 0.488640 0.177850 0.000000
vt -0.033836 0.126279 0.000000
vt 0.000000 0.000000 0.000000
vt -0.010376 0.038726 0.000000
vt -0.522476 -0.051572 0.000000
vt 0.000000 0.000000 0.000000
vt 0.512100 0.090297 0.000000
vt -0.011394 0.130236 0.000000
vt 0.000000 0.000000 0.000000
vt -0.003494 0.039939 0.000000
vt -0.523494 0.039939 0.000000
vt 0.000000 0.000000 0.000000
vt 0.520000 -0.000000 0.000000
vt 0.011394 0.130236 0.000000
vt 0.000000 0.000000 0.000000
vt 0.003494 0.039939 0.000000
vt -0.508606 0.130236 0.000000
vt 0.000000 0.000000 0.000000
vt 0.512100 -0.090297 0.000000
vt 0.033836 0.126279 0.000000
vt 0.000000 0.000000 0.000000
vt 0.010376 0.038726 0.000000
vt -0.478263 0.216576 0.000000
vt 0.000000 0.000000 0.000000
vt 0.488640 -0.177851 0.000000
vt 0.055250 0.118485 0.000000
vt 0.000000 0.000000 0.000000
vt 0.016943 0.036335 0.000000
vt -0.433390 0.296335 0.000000
vt 0.000000 0.000000 0.000000
vt 0.450333 -0.260000 0.000000
vt 0.074986 0.107091 0.000000
vt 0.000000 0.000000 0.000000
vt 0.022996 0.032841 0.000000
vt -0.375347 0.367091 0.000000
vt 0.000000 0.000000 0.000000
vt 0.398343 -0.334249 0.000000
vt 0.092442 0.092443 0.000000
vt 0.000000 0.000000 0.000000
vt 0.028349 0.028349 0.000000
vt -0.305901 0.426692 0.000000
vt 0.000000 0.000000 0.000000
vt 0.334250 -0.398343 0.000000
vt 0.107091 0.074986 0.000000
vt 0.000000 0.000000 0.000000
vt 0.032841 0.022996 0.000000
vt -0.227159 0.473329 0.000000
vt 0.000000 0.000000 0.000000
vt 0.260000 -0.450333 0.000000
vt 0.118484 0.055250 0.000000
vt 0.000000 0.000000 0.000000
vt 0.036335 0.016943 0.000000
vt -0.141515 0.505584 0.000000
vt 0.000000 0.000000 0.000000
vt 0.177851 -0.488640 0.000000
vt 0.126279 0.033836 0.000000
vt 0.000000 0.000000 0.000000
vt 0.038725 0.010376 0.000000
vt -0.051572 0.522476 0.000000
vt 0.000000 0.000000 0.000000
vt 0.090297 -0.512100 0.000000
vt 0.130236 0.011394 0.000000
vt 0.000000 0.000000 0.000000
vt 0.039939 0.003494 0.000000
vt 0.039939 0.523494 0.000000
vt 0.000000 0.000000 0.000000
vt -0.200000 0.000000 0.000000
vt 0.000000 -0.300000 0.000000
vt 0.000000 0.000000 0.000000
vt 0.000000 -0.300000 0.000000
vt 0.200000 -0.300000 0.000000
vt 0.000000 0.000000 0.000000
vt 0.000000 -0.249019 0.000000
vt 1.100000 0.000000 0.000000
vt 0.000000 0.000000 0.000000
vt -1.100000 -0.249019 0.000000
vt -0.000000 -0.250000 0.000000
vt 0.000000 0.000000 0.000000
vt 0.000000 -0.000980 0.000000
vt 1.100000 -0.000980 0.000000
vt 0.000000 0.000000 0.000000
vt -0.433013 0.250000 0.000000
vt -0.100000 -0.173206 0.000000
vt 0.000000 0.000000 0.000000
vt -0.333013 0.423206 0.000000
vt -0.200000 -0.346410 0.000000
vt 0.000000 0.000000 0.000000
vt -0.550000 -0.952628 0.000000
vt 0.133013 -0.769615 0.000000
vt 0.000000 0.000000 0.000000
vt -0.683013 -0.183013 0.000000
vt -0.600000 -1.039231 0.000000
vt 0.000000 0.000000 0.000000
vt 0.013731 -0.816218 0.000000
vt 0.083013 -0.856218 0.000000
vt 0.000000 0.000000 0.000000
vt -0.200000 -0.346410 0.000000
vt 0.086602 -0.050000 0.000000
vt 0.000000 0.000000 0.000000
vt 0.086602 -0.050001 0.000000
vt 0.286602 0.296410 0.000000
vt 0.000000 0.000000 0.000000
vt -0.000000 -0.250000 0.000000
vt 0.080000 0.000000 0.000000
vt 0.000000 0.000000 0.000000
vt 0.080000 0.000000 0.000000
vt 0.080000 0.250000 0.000000
vt 0.000000 0.000000 0.000000
vt 0.013731 0.816218 0.000000
vt -0.669282 0.999231 0.000000
vt 0.000000 0.000000 0.000000
vt -0.550000 0.952628 0.000000
vt -0.683013 0.183013 0.000000
vt 0.000000 0.000000 0.000000
vt 0.133013 0.769615 0.000000
vt -0.200000 0.346410 0.000000
vt 0.000000 0.000000 0.000000
vt -0.433013 -0.250000 0.000000
vt -0.333013 -0.423206 0.000000
vt 0.000000 0.000000 0.000000
vt -0.200000 0.346410 0.000000
vt -0.086602 -0.050001 0.000000
vt 0.000000 0.000000 0.000000
vt -0.086602 -0.050000 0.000000
vt 0.113398 -0.396410 0.000000
vt 0.000000 0.000000 0.000000
vt -0.669282 0.999231 0.000000
vt -0.069283 -0.040000 0.000000
vt 0.000000 0.000000 0.000000
vt 1.100000 0.000000 0.000000
vt -0.000000 0.250000 0.000000
vt 0.000000 0.000000 0.000000
vt -0.000000 0.250000 0.000000
vt -1.100000 0.250000 0.000000
vt 0.000000 0.000000 0.000000
vt -0.433013 0.250000 0.000000
vt -0.100000 -0.173206 0.000000
vt 0.000000 0.000000 0.000000
vt -0.333013 0.423206 0.000000
vt -0.200000 -0.346410 0.000000
vt 0.000000 0.000000 0.000000
vt -0.550000 -0.952628 0.000000
vt 0.133013 -0.769615 0.000000
vt 0.000000 0.000000 0.000000
vt -0.683013 -0.183013 0.000000
vt -0.600000 -1.039231 0.000000
vt 0.000000 0.000000 0.000000
vt 0.013731 -0.816218 0.000000
vt 0.083013 -0.856218 0.000000
vt 0.000000 0.000000 0.000000
vt -0.200000 -0.346410 0.000000
vt 0.086602 -0.050000 0.000000
vt 0.000000 0.000000 0.000000
vt 0.086602 -0.050001 0.000000
vt 0.286602 0.296410 0.000000
vt 0.000000 0.000000 0.000000
vt -0.000000 -0.250000 0.000000
vt 0.080000 0.000000 0.000000
vt 0.000000 0.000000 0.000000
vt 0.080000 0.000000 0.000000
vt 0.080000 0.250000 0.000000
vt 0.000000 0.000000 0.000000
vt 0.013731 0.816218 0.000000
vt -0.669282 0.999231 0.000000
vt 0.000000 0.000000 0.000000
vt -0.550000 0.952628 0.000000
vt -0.683013 0.183013 0.000000
vt 0.000000 0.000000 0.000000
vt 0.133013 0.769615 0.000000
vt -0.200000 0.346410 0.000000
vt 0.000000 0.000000 0.000000
vt -0.433013 -0.250000 0.000000
vt -0.333013 -0.423206 0.000000
vt 0.000000 0.000000 0.000000
vt -0.200000 0.346410 0.000000
vt -0.086602 -0.050001 0.000000
vt 0.000000 0.000000 0.000000
vt -0.086602 -0.050000 0.000000
vt 0.113398 -0.396410 0.000000
vt 0.000000 0.000000 0.000000
vt -0.669282 0.999231 0.000000
vt -0.069283 -0.040000 0.000000
vt 0.000000 0.000000 0.000000
vt 0.000000 -0.250000 0.000000
vt 1.100000 0.000000 0.000000
vt 0.000000 0.000000 0.000000
vt 1.100000 0.000000 0.000000
vt 1.100000 0.250000 0.000000
vt 0.000000 0.000000 0.000000
vt -0.100000 -0.173205 0.000000
vt -0.116987 -1.202628 0.000000
vt 0.000000 0.000000 0.000000
vt -0.200000 -0.346410 0.000000
vt -0.016987 -1.029423 0.000000
vt 0.000000 0.000000 0.000000
vt -0.183013 0.683013 0.000000
vt -0.713731 -0.396218 0.000000
vt 0.000000 0.000000 0.000000
vt -0.600000 -1.039230 0.000000
vt -0.530717 -1.079230 0.000000
vt 0.000000 0.000000 0.000000
vt 0.200000 0.346410 0.000000
vt -0.086603 0.050000 0.000000
vt 0.000000 0.000000 0.000000
vt -0.086602 0.050000 0.000000
vt -0.286603 -0.296410 0.000000
vt 0.000000 0.000000 0.000000
vt -0.116987 -1.202628 0.000000
vt 0.433012 -0.250000 0.000000
vt 0.000000 0.000000 0.000000
vt -0.086602 -0.050000 0.000000
vt 0.113398 -0.396410 0.000000
vt 0.000000 0.000000 0.000000
vt 0.016987 -1.029423 0.000000
vt 0.200000 -0.346410 0.000000
vt 0.000000 0.000000 0.000000
vt -0.183013 -0.683013 0.000000
vt 0.600000 -1.039230 0.000000
vt 0.000000 0.000000 0.000000
vt 0.713731 -0.396218 0.000000
vt 0.783013 -0.356218 0.000000
vt 0.000000 0.000000 0.000000
vt -0.016987 1.029423 0.000000
vt -0.549999 0.952628 0.000000
vt 0.000000 0.000000 0.000000
vt -0.100000 0.173205 0.000000
vt -0.533012 -0.076795 0.000000
vt 0.000000 0.000000 0.000000
vt 0.113398 -0.396410 0.000000
vt 0.200001 -0.346410 0.000000
vt 0.000000 0.000000 0.000000
vt -0.000000 0.250000 0.000000
vt -0.080001 -0.000000 0.000000
vt 0.000000 0.000000 0.000000
vt -0.080001 0.000000 0.000000
vt -0.080001 -0.250000 0.000000
vt 0.000000 0.000000 0.000000
vt -0.000000 0.249020 0.000000
vt -1.100000 -0.000000 0.000000
vt 0.000000 0.000000 0.000000
vt 1.100000 0.249020 0.000000
vt 0.000000 0.250000 0.000000
vt 0.000000 0.000000 0.000000
vt 0.000000 0.000980 0.000000
vt -1.100000 0.000980 0.000000
vt 0.000000 0.000000 0.000000
vt -0.100000 -0.173205 0.000000
vt -0.116987 -1.202628 0.000000
vt 0.000000 0.000000 0.000000
vt -0.200000 -0.346410 0.000000
vt -0.016987 -1.029423 0.000000
vt 0.000000 0.000000 0.000000
vt -0.183013 0.683013 0.000000
vt -0.713731 -0.396218 0.000000
vt 0.000000 0.000000 0.000000
vt -0.600000 -1.039230 0.000000
vt -0.530717 -1.079230 0.000000
vt 0.000000 0.000000 0.000000
vt 0.200000 0.346410 0.000000
vt -0.086603 0.050000 0.000000
vt 0.000000 0.000000 0.000000
vt -0.086602 0.050000 0.000000
vt -0.286603 -0.296410 0.000000
vt 0.000000 0.000000 0.000000
vt -0.116987 -1.202628 0.000000
vt 0.433012 -0.250000 0.000000
vt 0.000000 0.000000 0.000000
vt -0.086602 -0.050000 0.000000
vt 0.113398 -0.396410 0.000000
vt 0.000000 0.000000 0.000000
vt 0.016987 -1.029423 0.000000
vt 0.200000 -0.346410 0.000000
vt 0.000000 0.000000 0.000000
vt -0.183013 -0.683013 0.000000
vt 0.600000 -1.039230 0.000000
vt 0.000000 0.000000 0.000000
vt 0.713731 -0.396218 0.000000
vt 0.783013 -0.356218 0.000000
vt 0.000000 0.000000 0.000000
vt -0.016987 1.029423 0.000000
vt -0.549999 0.952628 0.000000
vt 0.000000 0.000000 0.000000
vt -0.100000 0.173205 0.000000
vt -0.533012 -0.076795 0.000000
vt 0.000000 0.000000 0.000000
vt 0.113398 -0.396410 0.000000
vt 0.200001 -0.346410 0.000000
vt 0.000000 0.000000 0.000000
vt -0.000000 0.250000 0.000000
vt -0.080001 -0.000000 0.000000
vt 0.000000 0.000000 0.000000
vt -0.080001 0.000000 0.000000
vt -0.080001 -0.250000 0.000000
vt 0.000000 0.000000 0.000000
vt -0.362252 0.133955 0.000000
vt -0.037493 -0.053545 0.000000
vt 0.000000 0.000000 0.000000
vt -0.324759 0.187500 0.000000
vt -0.027625 -0.059242 0.000000
vt 0.000000 0.000000 0.000000
vt -0.055251 -0.118485 0.000000
vt 0.297134 -0.246742 0.000000
vt 0.000000 0.000000 0.000000
vt -0.352385 0.128258 0.000000
vt -0.016918 -0.063140 0.000000
vt 0.000000 0.000000 0.000000
vt -0.033836 -0.126279 0.000000
vt 0.335467 -0.191397 0.000000
vt 0.000000 0.000000 0.000000
vt -0.369303 0.065118 0.000000
vt -0.005697 -0.065118 0.000000
vt 0.000000 0.000000 0.000000
vt -0.011394 -0.130236 0.000000
vt 0.363606 -0.130236 0.000000
vt 0.000000 0.000000 0.000000
vt -0.375000 0.000000 0.000000
vt 0.005697 -0.065118 0.000000
vt 0.000000 0.000000 0.000000
vt 0.011394 -0.130236 0.000000
vt 0.380697 -0.065118 0.000000
vt 0.000000 0.000000 0.000000
vt -0.369303 -0.065118 0.000000
vt 0.016918 -0.063139 0.000000
vt 0.000000 0.000000 0.000000
vt 0.033836 -0.126279 0.000000
vt 0.386221 0.001979 0.000000
vt 0.000000 0.000000 0.000000
vt -0.352385 -0.128258 0.000000
vt 0.027625 -0.059242 0.000000
vt 0.000000 0.000000 0.000000
vt 0.055251 -0.118485 0.000000
vt 0.380010 0.069015 0.000000
vt 0.000000 0.000000 0.000000
vt -0.324759 -0.187500 0.000000
vt 0.037493 -0.053545 0.000000
vt 0.000000 0.000000 0.000000
vt 0.074986 -0.107091 0.000000
vt 0.362252 0.133955 0.000000
vt 0.000000 0.000000 0.000000
vt -0.287267 -0.241045 0.000000
vt 0.046221 -0.046221 0.000000
vt 0.000000 0.000000 0.000000
vt 0.092443 -0.092443 0.000000
vt 0.333488 0.194824 0.000000
vt 0.000000 0.000000 0.000000
vt -0.241045 -0.287267 0.000000
vt 0.053545 -0.037493 0.000000
vt 0.000000 0.000000 0.000000
vt 0.107091 -0.074986 0.000000
vt 0.294591 0.249774 0.000000
vt 0.000000 0.000000 0.000000
vt -0.187500 -0.324760 0.000000
vt 0.059242 -0.027625 0.000000
vt 0.000000 0.000000 0.000000
vt 0.118485 -0.055250 0.000000
vt 0.246742 0.297134 0.000000
vt 0.000000 0.000000 0.000000
vt -0.128258 -0.352385 0.000000
vt 0.063139 -0.016918 0.000000
vt 0.000000 0.000000 0.000000
vt 0.126279 -0.033836 0.000000
vt 0.191397 0.335467 0.000000
vt 0.000000 0.000000 0.000000
vt -0.065118 -0.369303 0.000000
vt 0.065118 -0.005697 0.000000
vt 0.000000 0.000000 0.000000
vt 0.130236 -0.011394 0.000000
vt 0.130236 0.363606 0.000000
vt 0.000000 0.000000 0.000000
vt 0.000000 -0.375000 0.000000
vt 0.065118 0.005697 0.000000
vt 0.000000 0.000000 0.000000
vt 0.130236 0.011394 0.000000
vt 0.065118 0.380697 0.000000
vt 0.000000 0.000000 0.000000
vt 0.065118 -0.369303 0.000000
vt 0.063140 0.016918 0.000000
vt 0.000000 0.000000 0.000000
vt 0.126279 0.033836 0.000000
vt -0.001979 0.386221 0.000000
vt 0.000000 0.000000 0.000000
vt 0.128258 -0.352385 0.000000
vt 0.059243 0.027625 0.000000
vt 0.000000 0.000000 0.000000
vt 0.118484 0.055250 0.000000
vt -0.069015 0.380010 0.000000
vt 0.000000 0.000000 0.000000
vt 0.187500 -0.324760 0.000000
vt 0.053545 0.037493 0.000000
vt 0.000000 0.000000 0.000000
vt 0.107091 0.074986 0.000000
vt -0.133955 0.362252 0.000000
vt 0.000000 0.000000 0.000000
vt 0.241046 -0.287267 0.000000
vt 0.046222 0.046221 0.000000
vt 0.000000 0.000000 0.000000
vt 0.092442 0.092443 0.000000
vt -0.194824 0.333488 0.000000
vt 0.000000 0.000000 0.000000
vt 0.287267 -0.241045 0.000000
vt 0.037493 0.053545 0.000000
vt 0.000000 0.000000 0.000000
vt 0.074986 0.107091 0.000000
vt -0.249774 0.294591 0.000000
vt 0.000000 0.000000 0.000000
vt 0.324760 -0.187500 0.000000
vt 0.027625 0.059242 0.000000
vt 0.000000 0.000000 0.000000
vt -0.280216 0.309882 0.000000
vt -0.297134 0.246742 0.000000
vt 0.000000 0.000000 0.000000
vt 0.356265 0.166588 0.000000
vt -0.005697 0.065118 0.000000
vt 0.000000 0.000000 0.000000
vt 0.361962 0.101470 0.000000
vt -0.016918 0.063140 0.000000
vt 0.000000 0.000000 0.000000
vt -0.037193 0.117601 0.000000
vt -0.378880 -0.038330 0.000000
vt 0.000000 0.000000 0.000000
vt 0.341688 0.155932 0.000000
vt -0.027625 0.059242 0.000000
vt 0.000000 0.000000 0.000000
vt -0.055965 0.109915 0.000000
vt -0.369313 -0.096689 0.000000
vt 0.000000 0.000000 0.000000
vt 0.313348 0.206604 0.000000
vt -0.037493 0.053545 0.000000
vt 0.000000 0.000000 0.000000
vt -0.073222 0.099256 0.000000
vt -0.350841 -0.153059 0.000000
vt 0.000000 0.000000 0.000000
vt 0.277619 0.252315 0.000000
vt -0.046222 0.046221 0.000000
vt 0.000000 0.000000 0.000000
vt -0.088501 0.085913 0.000000
vt -0.323840 -0.206094 0.000000
vt 0.000000 0.000000 0.000000
vt 0.235340 0.292007 0.000000
vt -0.053545 0.037493 0.000000
vt 0.000000 0.000000 0.000000
vt -0.101385 0.070246 0.000000
vt -0.288885 -0.254514 0.000000
vt 0.000000 0.000000 0.000000
vt 0.187500 0.324760 0.000000
vt -0.059243 0.027625 0.000000
vt 0.000000 0.000000 0.000000
vt -0.111527 0.052679 0.000000
vt -0.246742 -0.297134 0.000000
vt 0.000000 0.000000 0.000000
vt 0.135215 0.349813 0.000000
vt -0.063140 0.016918 0.000000
vt 0.000000 0.000000 0.000000
vt -0.118653 0.033687 0.000000
vt -0.198355 -0.332895 0.000000
vt 0.000000 0.000000 0.000000
vt 0.079702 0.366582 0.000000
vt -0.065118 0.005697 0.000000
vt 0.000000 0.000000 0.000000
vt -0.122570 0.013785 0.000000
vt -0.144820 -0.360885 0.000000
vt 0.000000 0.000000 0.000000
vt 0.022250 0.374670 0.000000
vt -0.065118 -0.005697 0.000000
vt 0.000000 0.000000 0.000000
vt -0.123171 -0.006491 0.000000
vt -0.087368 -0.380367 0.000000
vt 0.000000 0.000000 0.000000
vt -0.035803 0.373876 0.000000
vt -0.063139 -0.016918 0.000000
vt 0.000000 0.000000 0.000000
vt -0.120442 -0.026591 0.000000
vt -0.027337 -0.390794 0.000000
vt 0.000000 0.000000 0.000000
vt -0.093106 0.364203 0.000000
vt -0.059242 -0.027625 0.000000
vt 0.000000 0.000000 0.000000
vt -0.019682 -0.429321 0.000000
vt 0.033863 -0.391829 0.000000
vt 0.000000 0.000000 0.000000
vt 0.274519 -0.375000 0.000000
vt 0.356265 0.166588 0.000000
vt 0.000000 0.000000 0.000000
vt -0.081746 -0.541588 0.000000
vt 3.145049 5.447384 0.000000
vt 0.000000 0.000000 0.000000
vt 3.500000 6.062178 0.000000
vt 3.226795 5.988972 0.000000
vt 0.000000 0.000000 0.000000
vt 0.273205 0.073206 0.000000
vt -0.952628 0.550000 0.000000
vt 0.000000 0.000000 0.000000
vt -1.299038 0.750000 0.000000
vt -1.225833 0.476794 0.000000
vt 0.000000 0.000000 0.000000
vt -0.073205 0.273206 0.000000
vt -3.145049 -5.447384 0.000000
vt 0.000000 0.000000 0.000000
vt -3.500000 -6.062178 0.000000
vt -3.071844 -5.720590 0.000000
vt 0.000000 0.000000 0.000000
vt -0.428156 -0.341588 0.000000
vt -0.019682 -0.429321 0.000000
vt 0.000000 0.000000 0.000000
vt 0.362252 -0.133955 0.000000
vt 0.408474 -0.087733 0.000000
vt 0.000000 0.000000 0.000000
vt -0.274519 0.375000 0.000000
vt -0.280216 0.309882 0.000000
vt 0.000000 0.000000 0.000000
vt -0.200000 -0.000000 0.000000
vt -0.000000 -3.400000 0.000000
vt 0.000000 0.000000 0.000000
vt 0.000000 -3.400000 0.000000
vt 0.200000 -3.400000 0.000000
vt 0.000000 0.000000 0.000000
vt -0.200000 -0.000000 0.000000
vt -0.000000 -1.300000 0.000000
vt 0.000000 0.000000 0.000000
vt -0.000000 -1.300000 0.000000
vt 0.200000 -1.300000 0.000000
vt 0.000000 0.000000 0.000000
vt -0.200000 0.000000 0.000000
vt -0.000000 -3.400000 0.000000
vt 0.000000 0.000000 0.000000
vt -0.000000 -3.400000 0.000000
vt 0.200000 -3.400000 0.000000
vt 0.000000 0.000000 0.000000
vt -0.200000 -0.000000 0.000000
vt -0.000000 -0.300000 0.000000
vt 0.000000 0.000000 0.000000
vt -0.000000 -0.300000 0.000000
vt 0.200000 -0.300000 0.000000
vt 0.000000 0.000000 0.000000
vt 0.200001 0.000000 0.000000
vt 0.000000 0.300000 0.000000
vt 0.000000 0.000000 0.000000
vt 0.000000 0.300000 0.000000
vt -0.200001 0.300000 0.000000
vt 0.000000 0.000000 0.000000
vt 0.200001 -0.000000 0.000000
vt -0.000000 3.400000 0.000000
vt 0.000000 0.000000 0.000000
vt 0.000000 3.400000 0.000000
vt -0.200001 3.400000 0.000000
vt 0.000000 0.000000 0.000000
vt 0.200001 -0.000000 0.000000
vt -0.000000 1.300000 0.000000
vt 0.000000 0.000000 0.000000
vt -0.000000 1.300000 0.000000
vt -0.200001 1.300000 0.000000
vt 0.000000 0.000000 0.000000
vt 0.200001 -0.000000 0.000000
vt 0.000000 3.400000 0.000000
vt 0.000000 0.000000 0.000000
vt -0.000000 3.400000 0.000000
vt -0.200001 3.400000 0.000000
vt 0.000000 0.000000 0.000000
vt 0.200001 -0.000000 0.000000
vt 0.000000 0.300000 0.000000
vt 0.000000 0.000000 0.000000
vt -0.000000 0.300000 0.000000
vt -0.200001 0.300000 0.000000
vt 0.000000 0.000000 0.000000
vt -0.624330 -0.067900 0.000000
vt -0.435994 -0.241494 0.000000
vt 0.000000 0.000000 0.000000
vt -0.613329 -0.135004 0.000000
vt 0.188336 -0.173594 0.000000
vt 0.000000 0.000000 0.000000
vt -0.801665 0.038589 0.000000
vt -0.500000 -0.450000 0.000000
vt 0.000000 0.000000 0.000000
vt -0.595137 -0.200525 0.000000
vt 0.301664 -0.488589 0.000000
vt 0.000000 0.000000 0.000000
vt -0.896801 0.288065 0.000000
vt -0.437622 -0.128639 0.000000
vt 0.000000 0.000000 0.000000
vt 0.026724 -0.585172 0.000000
vt 0.459179 -0.416704 0.000000
vt 0.000000 0.000000 0.000000
vt -0.437622 -0.128639 0.000000
vt 0.000000 -0.000980 0.000000
vt 0.000000 0.000000 0.000000
vt -0.569968 -0.263695 0.000000
vt -0.381929 -0.787193 0.000000
vt 0.000000 0.000000 0.000000
vt -0.311961 -0.836096 0.000000
vt 0.188039 -0.523498 0.000000
vt 0.000000 0.000000 0.000000
vt -0.500000 -0.312598 0.000000
vt -0.000000 -9.201744 0.000000
vt 0.000000 0.000000 0.000000
vt -0.000000 -8.576548 0.000000
vt 0.500000 -8.889146 0.000000
vt 0.000000 0.000000 0.000000
vt -0.500000 0.312598 0.000000
vt -0.188039 -0.523498 0.000000
vt 0.000000 0.000000 0.000000
vt -0.226155 -0.512322 0.000000
vt 0.311961 -0.836096 0.000000
vt 0.000000 0.000000 0.000000
vt -0.000000 8.576548 0.000000
vt -0.500001 8.889146 0.000000
vt 0.000000 0.000000 0.000000
vt -0.311962 0.836096 0.000000
vt -0.500001 0.312598 0.000000
vt 0.000000 0.000000 0.000000
vt 0.188039 0.523498 0.000000
vt -0.408653 0.202020 0.000000
vt 0.000000 0.000000 0.000000
vt -0.569967 0.263695 0.000000
vt -0.596692 -0.321478 0.000000
vt 0.000000 0.000000 0.000000
vt 0.026725 0.585172 0.000000
vt -0.432455 0.168468 0.000000
vt 0.000000 0.000000 0.000000
vt -0.595137 0.200525 0.000000
vt -0.459180 -0.416704 0.000000
vt 0.000000 0.000000 0.000000
vt -0.135957 0.617229 0.000000
vt -0.437622 0.128639 0.000000
vt 0.000000 0.000000 0.000000
vt -0.613329 0.135004 0.000000
vt -0.301665 -0.488589 0.000000
vt 0.000000 0.000000 0.000000
vt -0.311664 0.623594 0.000000
vt -0.500000 0.450000 0.000000
vt 0.000000 0.000000 0.000000
vt -0.624330 0.067900 0.000000
vt -0.188336 -0.173594 0.000000
vt 0.000000 0.000000 0.000000
vt -0.435995 0.241494 0.000000
vt -1.500000 0.000000 0.000000
vt 0.000000 0.000000 0.000000
vt -0.628011 0.000000 0.000000
vt -1.064005 -0.241494 0.000000
vt 0.000000 0.000000 0.000000
vt -0.381929 -0.787193 0.000000
vt 0.026724 -0.585172 0.000000
vt 0.000000 0.000000 0.000000
vt -0.188336 0.173594 0.000000
vt -0.624330 -0.067900 0.000000
vt 0.000000 0.000000 0.000000
vt 0.435995 0.241494 0.000000
vt -0.628011 -0.000000 0.000000
vt 0.000000 0.000000 0.000000
vt -1.500000 0.000000 0.000000
vt -1.064006 -0.241494 0.000000
vt 0.000000 0.000000 0.000000
vt -0.435994 0.241494 0.000000
vt -0.624330 0.067900 0.000000
vt 0.000000 0.000000 0.000000
vt -0.500000 0.450000 0.000000
vt -0.188336 -0.173594 0.000000
vt 0.000000 0.000000 0.000000
vt -0.311664 0.623594 0.000000
vt -0.613329 0.135004 0.000000
vt 0.000000 0.000000 0.000000
vt -0.437622 0.128639 0.000000
vt -0.301664 -0.488590 0.000000
vt 0.000000 0.000000 0.000000
vt -0.135957 0.617229 0.000000
vt -0.595137 0.200525 0.000000
vt 0.000000 0.000000 0.000000
vt -0.432455 0.168469 0.000000
vt -0.459179 -0.416704 0.000000
vt 0.000000 0.000000 0.000000
vt 0.026724 0.585173 0.000000
vt -0.569968 0.263695 0.000000
vt 0.000000 0.000000 0.000000
vt -0.408653 0.202020 0.000000
vt -0.596692 -0.321478 0.000000
vt 0.000000 0.000000 0.000000
vt -0.437622 0.128639 0.000000
vt -0.437622 0.127659 0.000000
vt 0.000000 0.000000 0.000000
vt 0.437622 -0.128639 0.000000
vt 0.437622 -0.127658 0.000000
vt 0.000000 0.000000 0.000000
vt -0.500000 -0.450000 0.000000
vt -0.000000 -0.450000 0.000000
vt 0.000000 0.000000 0.000000
vt -0.422225 -0.331835 0.000000
vt -0.196071 -0.844157 0.000000
vt 0.000000 0.000000 0.000000
vt -0.500001 -0.312598 0.000000
vt 0.226154 -0.512322 0.000000
vt 0.000000 0.000000 0.000000
vt -0.726155 0.199724 0.000000
vt -0.538116 -0.323774 0.000000
vt 0.000000 0.000000 0.000000
vt -0.408653 -0.202020 0.000000
vt 0.188039 -0.523498 0.000000
vt 0.000000 0.000000 0.000000
vt -0.596692 0.321478 0.000000
vt -0.569967 -0.263695 0.000000
vt 0.000000 0.000000 0.000000
vt -0.432455 -0.168469 0.000000
vt 0.026725 -0.585173 0.000000
vt 0.000000 0.000000 0.000000
vt -0.459180 0.416704 0.000000
vt -0.896802 0.288065 0.000000
vt 0.000000 0.000000 0.000000
vt -0.437622 -0.127658 0.000000
vt -0.437622 -0.128639 0.000000
vt 0.000000 0.000000 0.000000
vt 0.196071 -0.844157 0.000000
vt 0.499956 -0.380056 0.000000
vt 0.000000 0.000000 0.000000
vt -0.303885 -0.464101 0.000000
vt 0.455933 -0.431883 0.000000
vt 0.000000 0.000000 0.000000
vt 0.426965 -0.417480 0.000000
vt 0.759818 0.032218 0.000000
vt 0.000000 0.000000 0.000000
vt -0.332853 -0.449698 0.000000
vt 0.406566 -0.478646 0.000000
vt 0.000000 0.000000 0.000000
vt 0.376795 -0.463265 0.000000
vt 0.739419 -0.028948 0.000000
vt 0.000000 0.000000 0.000000
vt -0.362624 -0.434317 0.000000
vt 0.352432 -0.519798 0.000000
vt 0.000000 0.000000 0.000000
vt 0.321749 -0.503056 0.000000
vt 0.715055 -0.085481 0.000000
vt 0.000000 0.000000 0.000000
vt -0.393306 -0.417575 0.000000
vt 0.294166 -0.554855 0.000000
vt 0.000000 0.000000 0.000000
vt 0.262543 -0.536340 0.000000
vt 0.687472 -0.137280 0.000000
vt 0.000000 0.000000 0.000000
vt -0.424929 -0.399060 0.000000
vt 0.232452 -0.583408 0.000000
vt 0.000000 0.000000 0.000000
vt 0.199937 -0.562685 0.000000
vt 0.657381 -0.184348 0.000000
vt 0.000000 0.000000 0.000000
vt -0.457444 -0.378336 0.000000
vt 0.168011 -0.605120 0.000000
vt 0.000000 0.000000 0.000000
vt 0.134746 -0.581749 0.000000
vt 0.625454 -0.226784 0.000000
vt 0.000000 0.000000 0.000000
vt -0.490709 -0.354965 0.000000
vt 0.101600 -0.619738 0.000000
vt 0.000000 0.000000 0.000000
vt 0.067812 -0.593288 0.000000
vt 0.592309 -0.264773 0.000000
vt 0.000000 0.000000 0.000000
vt -0.524498 -0.328515 0.000000
vt 0.033999 -0.627090 0.000000
vt 0.000000 0.000000 0.000000
vt 0.000000 -0.597151 0.000000
vt 0.558497 -0.298575 0.000000
vt 0.000000 0.000000 0.000000
vt -0.558497 -0.298576 0.000000
vt -0.033999 -0.627090 0.000000
vt 0.000000 0.000000 0.000000
vt 0.422897 -0.948253 0.000000
vt 0.524498 -0.328515 0.000000
vt 0.000000 0.000000 0.000000
vt -0.067812 -0.593288 0.000000
vt 0.422897 -0.948253 0.000000
vt 0.000000 0.000000 0.000000
vt -0.490709 0.354966 0.000000
vt -0.168011 -0.605120 0.000000
vt 0.000000 0.000000 0.000000
vt -0.134746 -0.581749 0.000000
vt 0.322698 -0.960086 0.000000
vt 0.000000 0.000000 0.000000
vt -0.457444 0.378336 0.000000
vt -0.232452 -0.583408 0.000000
vt 0.000000 0.000000 0.000000
vt -0.199937 -0.562685 0.000000
vt 0.224992 -0.961744 0.000000
vt 0.000000 0.000000 0.000000
vt -0.424929 0.399060 0.000000
vt -0.294166 -0.554856 0.000000
vt 0.000000 0.000000 0.000000
vt -0.262543 -0.536340 0.000000
vt 0.130763 -0.953915 0.000000
vt 0.000000 0.000000 0.000000
vt -0.393306 0.417575 0.000000
vt -0.352432 -0.519798 0.000000
vt 0.000000 0.000000 0.000000
vt -0.321749 -0.503056 0.000000
vt 0.040874 -0.937373 0.000000
vt 0.000000 0.000000 0.000000
vt -0.362624 0.434317 0.000000
vt -0.406566 -0.478646 0.000000
vt 0.000000 0.000000 0.000000
vt -0.376795 -0.463265 0.000000
vt -0.043943 -0.912963 0.000000
vt 0.000000 0.000000 0.000000
vt -0.332853 0.449698 0.000000
vt -0.455933 -0.431883 0.000000
vt 0.000000 0.000000 0.000000
vt -0.426965 -0.417480 0.000000
vt -0.123080 -0.881581 0.000000
vt 0.000000 0.000000 0.000000
vt -0.538116 -0.323774 0.000000
vt -0.311961 -0.836096 0.000000
vt 0.000000 0.000000 0.000000
vt -0.226155 0.512322 0.000000
vt -0.422225 -0.331835 0.000000
vt 0.000000 0.000000 0.000000
vt -0.499956 -0.380056 0.000000
vt -0.196070 -0.844157 0.000000
vt 0.000000 0.000000 0.000000
vt -0.303885 0.464101 0.000000
vt -0.426966 -0.417480 0.000000
vt 0.000000 0.000000 0.000000
vt -0.455933 -0.431883 0.000000
vt -0.123080 -0.881581 0.000000
vt 0.000000 0.000000 0.000000
vt -0.332853 0.449698 0.000000
vt -0.376795 -0.463265 0.000000
vt 0.000000 0.000000 0.000000
vt -0.406566 -0.478646 0.000000
vt -0.043942 -0.912963 0.000000
vt 0.000000 0.000000 0.000000
vt -0.362624 0.434317 0.000000
vt -0.321750 -0.503056 0.000000
vt 0.000000 0.000000 0.000000
vt -0.352432 -0.519798 0.000000
vt 0.040874 -0.937373 0.000000
vt 0.000000 0.000000 0.000000
vt -0.393306 0.417575 0.000000
vt -0.262542 -0.536340 0.000000
vt 0.000000 0.000000 0.000000
vt -0.294166 -0.554855 0.000000
vt 0.130764 -0.953915 0.000000
vt 0.000000 0.000000 0.000000
vt -0.424930 0.399060 0.000000
vt -0.199938 -0.562685 0.000000
vt 0.000000 0.000000 0.000000
vt -0.232451 -0.583408 0.000000
vt 0.224993 -0.961745 0.000000
vt 0.000000 0.000000 0.000000
vt -0.457443 0.378336 0.000000
vt -0.134746 -0.581749 0.000000
vt 0.000000 0.000000 0.000000
vt -0.168011 -0.605120 0.000000
vt 0.322697 -0.960085 0.000000
vt 0.000000 0.000000 0.000000
vt -0.490708 0.354965 0.000000
vt -0.067812 -0.593288 0.000000
vt 0.000000 0.000000 0.000000
vt -0.101601 -0.619738 0.000000
vt 0.422896 -0.948253 0.000000
vt 0.000000 0.000000 0.000000
vt -0.524498 0.328515 0.000000
vt 0.000000 -0.597151 0.000000
vt 0.000000 0.000000 0.000000
vt -0.033999 -0.627090 0.000000
vt 0.524498 -0.925666 0.000000
vt 0.000000 0.000000 0.000000
vt -0.196071 0.844157 0.000000
vt -0.422225 0.331835 0.000000
vt 0.000000 0.000000 0.000000
vt -0.538116 0.323774 0.000000
vt -0.226154 -0.512322 0.000000
vt 0.000000 0.000000 0.000000
vt -0.500000 0.450000 0.000000
vt -0.500000 -0.000000 0.000000
vt 0.000000 0.000000 0.000000
vt 0.500000 -0.450000 0.000000
vt 0.500000 -0.000000 0.000000
vt 0.000000 0.000000 0.000000
vt 0.000000 -0.450000 0.000000
vt 0.500000 0.000000 0.000000
vt 0.000000 0.000000 0.000000
vt -0.500000 -0.450000 0.000000
vt 0.301665 -0.488590 0.000000
vt 0.000000 0.000000 0.000000
vt 0.188336 -0.173594 0.000000
vt 0.801665 -0.038590 0.000000
vt 0.000000 0.000000 0.000000
vt 0.033999 -0.627090 0.000000
vt 0.558497 -0.298576 0.000000
vt 0.000000 0.000000 0.000000
vt -0.524498 -0.328515 0.000000
vt 0.067812 -0.593288 0.000000
vt 0.000000 0.000000 0.000000
vt 0.101601 -0.619738 0.000000
vt 0.592309 -0.264773 0.000000
vt 0.000000 0.000000 0.000000
vt -0.490708 -0.354966 0.000000
vt 0.134746 -0.581749 0.000000
vt 0.000000 0.000000 0.000000
vt 0.168011 -0.605120 0.000000
vt 0.625454 -0.226784 0.000000
vt 0.000000 0.000000 0.000000
vt -0.457443 -0.378336 0.000000
vt 0.199938 -0.562685 0.000000
vt 0.000000 0.000000 0.000000
vt 0.232451 -0.583408 0.000000
vt 0.657381 -0.184348 0.000000
vt 0.000000 0.000000 0.000000
vt -0.424930 -0.399060 0.000000
vt 0.262542 -0.536340 0.000000
vt 0.000000 0.000000 0.000000
vt 0.294166 -0.554856 0.000000
vt 0.687472 -0.137281 0.000000
vt 0.000000 0.000000 0.000000
vt -0.393306 -0.417575 0.000000
vt 0.321750 -0.503056 0.000000
vt 0.000000 0.000000 0.000000
vt 0.352432 -0.519798 0.000000
vt 0.715056 -0.085481 0.000000
vt 0.000000 0.000000 0.000000
vt -0.362624 -0.434317 0.000000
vt 0.376795 -0.463265 0.000000
vt 0.000000 0.000000 0.000000
vt 0.406566 -0.478646 0.000000
vt 0.739419 -0.028948 0.000000
vt 0.000000 0.000000 0.000000
vt -0.332853 -0.449698 0.000000
vt 0.426966 -0.417480 0.000000
vt 0.000000 0.000000 0.000000
vt 0.455933 -0.431883 0.000000
vt 0.759819 0.032218 0.000000
vt 0.000000 0.000000 0.000000
vt -0.196071 -0.844157 0.000000
vt 0.303885 -0.464101 0.000000
vt 0.000000 0.000000 0.000000
vt -0.896802 0.288065 0.000000
vt -0.595137 -0.200525 0.000000
vt 0.000000 0.000000 0.000000
vt -0.422225 0.331835 0.000000
vt -0.226155 -0.512322 0.000000
vt 0.000000 0.000000 0.000000
vt -0.303885 -0.464101 0.000000
vt 0.196070 -0.844157 0.000000
vt 0.000000 0.000000 0.000000
vt 0.500001 0.312598 0.000000
vt -0.000000 9.201744 0.000000
vt 0.000000 0.000000 0.000000
vt 0.000000 -6.240584 0.000000
vt 0.200000 -0.270292 0.000000
vt 0.000000 0.000000 0.000000
vt 0.200000 0.270292 0.000000
vt 0.200000 5.970292 0.000000
vt 0.000000 0.000000 0.000000
vt 0.000000 -5.700000 0.000000
vt 0.350000 -0.000000 0.000000
vt 0.000000 0.000000 0.000000
vt 0.350000 -0.000000 0.000000
vt 0.350000 5.700000 0.000000
vt 0.000000 0.000000 0.000000
vt 0.941338 -0.000000 0.000000
vt 0.000000 0.855763 0.000000
vt 0.000000 0.000000 0.000000
vt 0.000000 0.855763 0.000000
vt -0.941340 0.000000 0.000000
vt 0.000000 0.000000 0.000000
vt 0.000000 -0.300000 0.000000
vt 0.040092 0.000000 0.000000
vt 0.000000 0.000000 0.000000
vt 0.040092 -0.000000 0.000000
vt 0.040092 0.300000 0.000000
vt 0.000000 0.000000 0.000000
vt 0.000000 -0.300000 0.000000
vt 0.040092 0.000000 0.000000
vt 0.000000 0.000000 0.000000
vt 0.040092 0.000000 0.000000
vt 0.040092 0.300000 0.000000
vt 0.000000 0.000000 0.000000
vt -0.000000 -0.300000 0.000000
vt 0.040092 -0.000000 0.000000
vt 0.000000 0.000000 0.000000
vt 0.040092 -0.000000 0.000000
vt 0.040092 0.300000 0.000000
vt 0.000000 0.000000 0.000000
vt 0.000000 -0.300000 0.000000
vt 0.040092 -0.000000 0.000000
vt 0.000000 0.000000 0.000000
vt 0.040092 0.000000 0.000000
vt 0.040092 0.300000 0.000000
vt 0.000000 0.000000 0.000000
vt -0.000000 -0.300000 0.000000
vt 0.040092 0.000000 0.000000
vt 0.000000 0.000000 0.000000
vt 0.040092 0.000000 0.000000
vt 0.040092 0.300000 0.000000
vt 0.000000 0.000000 0.000000
vt -0.000000 -0.300000 0.000000
vt 0.040092 0.000000 0.000000
vt 0.000000 0.000000 0.000000
vt 0.040092 -0.000000 0.000000
vt 0.040092 0.300000 0.000000
vt 0.000000 0.000000 0.000000
vt 0.000000 -0.300000 0.000000
vt 0.040092 -0.000000 0.000000
vt 0.000000 0.000000 0.000000
vt 0.040092 -0.000000 0.000000
vt 0.040092 0.300000 0.000000
vt 0.000000 0.000000 0.000000
vt -0.000000 -0.300000 0.000000
vt 0.040091 0.000000 0.000000
vt 0.000000 0.000000 0.000000
vt 0.040091 -0.000000 0.000000
vt 0.040091 0.300000 0.000000
vt 0.000000 0.000000 0.000000
vt -0.000000 -0.300000 0.000000
vt 0.040092 0.000000 0.000000
vt 0.000000 0.000000 0.000000
vt 0.040092 0.000000 0.000000
vt 0.040092 0.300000 0.000000
vt 0.000000 0.000000 0.000000
vt -0.000000 -0.300000 0.000000
vt 0.040091 -0.000000 0.000000
vt 0.000000 0.000000 0.000000
vt 0.040091 -0.000000 0.000000
vt 0.040091 0.300000 0.000000
vt 0.000000 0.000000 0.000000
vt -0.000000 -0.300000 0.000000
vt 0.040092 -0.000000 0.000000
vt 0.000000 0.000000 0.000000
vt 0.040092 0.000000 0.000000
vt 0.040092 0.300000 0.000000
vt 0.000000 0.000000 0.000000
vt -0.000000 -0.300000 0.000000
vt 0.040091 -0.000000 0.000000
vt 0.000000 0.000000 0.000000
vt 0.040091 -0.000000 0.000000
vt 0.040091 0.300000 0.000000
vt 0.000000 0.000000 0.000000
vt 0.000000 -0.300000 0.000000
vt 0.040092 0.000000 0.000000
vt 0.000000 0.000000 0.000000
vt 0.040092 -0.000000 0.000000
vt 0.040092 0.300000 0.000000
vt 0.000000 0.000000 0.000000
vt -0.000000 -0.300000 0.000000
vt 0.040092 -0.000000 0.000000
vt 0.000000 0.000000 0.000000
vt 0.040092 0.000000 0.000000
vt 0.040092 0.300000 0.000000
vt 0.000000 0.000000 0.000000
vt 0.000000 -0.300000 0.000000
vt 0.040092 -0.000000 0.000000
vt 0.000000 0.000000 0.000000
vt 0.040092 -0.000000 0.000000
vt 0.040092 0.300000 0.000000
vt 0.000000 0.000000 0.000000
vt 0.000000 -0.300000 0.000000
vt 0.040092 0.000000 0.000000
vt 0.000000 0.000000 0.000000
vt 0.040092 0.000000 0.000000
vt 0.040092 0.300000 0.000000
vt 0.000000 0.000000 0.000000
vt 0.000000 -0.300000 0.000000
vt 0.040092 0.000000 0.000000
vt 0.000000 0.000000 0.000000
vt 0.040092 -0.000000 0.000000
vt 0.040092 0.300000 0.000000
vt 0.000000 0.000000 0.000000
vt 0.000000 -0.300000 0.000000
vt 0.040092 -0.000000 0.000000
vt 0.000000 0.000000 0.000000
vt 0.040092 0.000000 0.000000
vt 0.040092 0.300000 0.000000
vt 0.000000 0.000000 0.000000
vt -0.000000 -0.300000 0.000000
vt 0.040092 0.000000 0.000000
vt 0.000000 0.000000 0.000000
vt 0.040092 -0.000000 0.000000
vt 0.040092 0.300000 0.000000
vt 0.000000 0.000000 0.000000
vt -0.000000 -0.300000 0.000000
vt 0.040092 -0.000000 0.000000
vt 0.000000 0.000000 0.000000
vt 0.040092 0.000000 0.000000
vt 0.040092 0.300000 0.000000
vt 0.000000 0.000000 0.000000
vt -0.000000 -0.300000 0.000000
vt 0.040092 -0.000000 0.000000
vt 0.000000 0.000000 0.000000
vt 0.040092 -0.000000 0.000000
vt 0.040092 0.300000 0.000000
vt 0.000000 0.000000 0.000000
vt 0.000000 -0.300000 0.000000
vt 0.040092 0.000000 0.000000
vt 0.000000 0.000000 0.000000
vt 0.040092 0.000000 0.000000
vt 0.040092 0.300000 0.000000
vt 0.000000 0.000000 0.000000
vt 0.000000 -0.300000 0.000000
vt 0.040092 -0.000000 0.000000
vt 0.000000 0.000000 0.000000
vt 0.040092 0.000000 0.000000
vt 0.040092 0.300000 0.000000
vt 0.000000 0.000000 0.000000
vt -0.000000 -0.300000 0.000000
vt 0.040092 0.000000 0.000000
vt 0.000000 0.000000 0.000000
vt 0.040092 0.000000 0.000000
vt 0.040092 0.300000 0.000000
vt 0.000000 0.000000 0.000000
vt -0.000000 -0.300000 0.000000
vt 0.040091 0.000000 0.000000
vt 0.000000 0.000000 0.000000
vt 0.040091 -0.000000 0.000000
vt 0.040091 0.300000 0.000000
vt 0.000000 0.000000 0.000000
vt 0.000000 -0.300000 0.000000
vt 0.040092 -0.000000 0.000000
vt 0.000000 0.000000 0.000000
vt 0.040092 0.000000 0.000000
vt 0.040092 0.300000 0.000000
vt 0.000000 0.000000 0.000000
vt -0.000000 -0.300000 0.000000
vt 0.040091 -0.000000 0.000000
vt 0.000000 0.000000 0.000000
vt 0.040091 -0.000000 0.000000
vt 0.040091 0.300000 0.000000
vt 0.000000 0.000000 0.000000
vt 0.000000 -0.300000 0.000000
vt 0.040092 0.000000 0.000000
vt 0.000000 0.000000 0.000000
vt 0.040092 0.000000 0.000000
vt 0.040092 0.300000 0.000000
vt 0.000000 0.000000 0.000000
vt -0.000000 -0.300000 0.000000
vt 0.040091 0.000000 0.000000
vt 0.000000 0.000000 0.000000
vt 0.040091 -0.000000 0.000000
vt 0.040091 0.300000 0.000000
vt 0.000000 0.000000 0.000000
vt 0.000000 -0.300000 0.000000
vt 0.040092 -0.000000 0.000000
vt 0.000000 0.000000 0.000000
vt 0.040092 0.000000 0.000000
vt 0.040092 0.300000 0.000000
vt 0.000000 0.000000 0.000000
vt 0.000000 -0.300000 0.000000
vt 0.040092 0.000000 0.000000
vt 0.000000 0.000000 0.000000
vt 0.040092 0.000000 0.000000
vt 0.040092 0.300000 0.000000
vt 0.000000 0.000000 0.000000
vt -0.000000 -0.300000 0.000000
vt 0.040091 0.000000 0.000000
vt 0.000000 0.000000 0.000000
vt 0.040091 0.000000 0.000000
vt 0.040091 0.300000 0.000000
vt 0.000000 0.000000 0.000000
vt -0.000000 -0.300000 0.000000
vt 0.040092 -0.000000 0.000000
vt 0.000000 0.000000 0.000000
vt 0.040092 -0.000000 0.000000
vt 0.040092 0.300000 0.000000
vt 0.000000 0.000000 0.000000
vt -0.000000 -0.300000 0.000000
vt 0.040092 0.000000 0.000000
vt 0.000000 0.000000 0.000000
vt 0.040092 0.000000 0.000000
vt 0.040092 0.300000 0.000000
vt 0.000000 0.000000 0.000000
vt -0.000000 -0.300000 0.000000
vt 0.040092 0.000000 0.000000
vt 0.000000 0.000000 0.000000
vt 0.040092 0.000000 0.000000
vt 0.040092 0.300000 0.000000
vt 0.000000 0.000000 0.000000
vt 0.000000 -0.300000 0.000000
vt 0.040092 -0.000000 0.000000
vt 0.000000 0.000000 0.000000
vt 0.040092 0.000000 0.000000
vt 0.040092 0.300000 0.000000
vt 0.000000 0.000000 0.000000
vt -0.000000 -0.300000 0.000000
vt 0.040092 -0.000000 0.000000
vt 0.000000 0.000000 0.000000
vt 0.040092 -0.000000 0.000000
vt 0.040092 0.300000 0.000000
vt 0.000000 0.000000 0.000000
vt 0.000000 -0.300000 0.000000
vt 0.040092 0.000000 0.000000
vt 0.000000 0.000000 0.000000
vt 0.040092 0.000000 0.000000
vt 0.040092 0.300000 0.000000
vt 0.000000 0.000000 0.000000
vt 0.000000 -0.300000 0.000000
vt 0.040092 0.000000 0.000000
vt 0.000000 0.000000 0.000000
vt 0.040092 -0.000000 0.000000
vt 0.040092 0.300000 0.000000
vt 0.000000 0.000000 0.000000
vt 0.000000 -0.300000 0.000000
vt 0.040092 -0.000000 0.000000
vt 0.000000 0.000000 0.000000
vt 0.040092 0.000000 0.000000
vt 0.040092 0.300000 0.000000
vt 0.000000 0.000000 0.000000
vt 0.000000 -0.300000 0.000000
vt 0.040092 -0.000000 0.000000
vt 0.000000 0.000000 0.000000
vt 0.040092 -0.000000 0.000000
vt 0.040092 0.300000 0.000000
vt 0.000000 0.000000 0.000000
vt 0.000000 -0.300000 0.000000
vt 0.040092 0.000000 0.000000
vt 0.000000 0.000000 0.000000
vt 0.040092 0.000000 0.000000
vt 0.040092 0.300000 0.000000
vt 0.000000 0.000000 0.000000
vt -0.000000 -0.300000 0.000000
vt 0.040092 0.000000 0.000000
vt 0.000000 0.000000 0.000000
vt 0.040092 -0.000000 0.000000
vt 0.040092 0.300000 0.000000
vt 0.000000 0.000000 0.000000
vt -0.000000 -0.300000 0.000000
vt 0.040091 -0.000000 0.000000
vt 0.000000 0.000000 0.000000
vt 0.040091 0.000000 0.000000
vt 0.040091 0.300000 0.000000
vt 0.000000 0.000000 0.000000
vt -0.000000 -0.300000 0.000000
vt 0.040092 0.000000 0.000000
vt 0.000000 0.000000 0.000000
vt 0.040092 0.000000 0.000000
vt 0.040092 0.300000 0.000000
vt 0.000000 0.000000 0.000000
vt -0.000000 -0.300000 0.000000
vt 0.040091 -0.000000 0.000000
vt 0.000000 0.000000 0.000000
vt 0.040091 -0.000000 0.000000
vt 0.040091 0.300000 0.000000
vt 0.000000 0.000000 0.000000
vt -0.000000 -0.300000 0.000000
vt 0.040092 0.000000 0.000000
vt 0.000000 0.000000 0.000000
vt 0.040092 0.000000 0.000000
vt 0.040092 0.300000 0.000000
vt 0.000000 0.000000 0.000000
vt -0.000000 -0.300000 0.000000
vt 0.040091 -0.000000 0.000000
vt 0.000000 0.000000 0.000000
vt 0.040091 0.000000 0.000000
vt 0.040091 0.300000 0.000000
vt 0.000000 0.000000 0.000000
vt 0.000000 -0.300000 0.000000
vt 0.040092 0.000000 0.000000
vt 0.000000 0.000000 0.000000
vt 0.040092 -0.000000 0.000000
vt 0.040092 0.300000 0.000000
vt 0.000000 0.000000 0.000000
vt -0.000000 -0.300000 0.000000
vt 0.040092 0.000000 0.000000
vt 0.000000 0.000000 0.000000
vt 0.040092 0.000000 0.000000
vt 0.040092 0.300000 0.000000
vt 0.000000 0.000000 0.000000
vt -0.000000 -0.300000 0.000000
vt 0.040092 -0.000000 0.000000
vt 0.000000 0.000000 0.000000
vt 0.040092 -0.000000 0.000000
vt 0.040092 0.300000 0.000000
vt 0.000000 0.000000 0.000000
vt 0.000000 -0.300000 0.000000
vt 0.040092 0.000000 0.000000
vt 0.000000 0.000000 0.000000
vt 0.040092 -0.000000 0.000000
vt 0.040092 0.300000 0.000000
vt 0.000000 0.000000 0.000000
vt -0.000000 -0.300000 0.000000
vt 0.040092 -0.000000 0.000000
vt 0.000000 0.000000 0.000000
vt 0.040092 0.000000 0.000000
vt 0.040092 0.300000 0.000000
vt 0.000000 0.000000 0.000000
vt -0.000000 -0.300000 0.000000
vt 0.040092 -0.000000 0.000000
vt 0.000000 0.000000 0.000000
vt 0.040092 -0.000000 0.000000
vt 0.040092 0.300000 0.000000
vt 0.000000 0.000000 0.000000
vt 0.000000 -0.300000 0.000000
vt 0.040092 0.000000 0.000000
vt 0.000000 0.000000 0.000000
vt 0.040092 0.000000 0.000000
vt 0.040092 0.300000 0.000000
vt 0.000000 0.000000 0.000000
vt -0.000000 -0.300000 0.000000
vt 0.040092 0.000000 0.000000
vt 0.000000 0.000000 0.000000
vt 0.040092 -0.000000 0.000000
vt 0.040092 0.300000 0.000000
vt 0.000000 0.000000 0.000000
vt -0.000000 -0.300000 0.000000
vt 0.040092 -0.000000 0.000000
vt 0.000000 0.000000 0.000000
vt 0.040092 0.000000 0.000000
vt 0.040092 0.300000 0.000000
vt 0.000000 0.000000 0.000000
vt -0.000000 -0.300000 0.000000
vt 0.040092 -0.000000 0.000000
vt 0.000000 0.000000 0.000000
vt 0.040092 -0.000000 0.000000
vt 0.040092 0.300000 0.000000
vt 0.000000 0.000000 0.000000
vt -0.000000 -0.300000 0.000000
vt 0.040092 0.000000 0.000000
vt 0.000000 0.000000 0.000000
vt 0.040092 0.000000 0.000000
vt 0.040092 0.300000 0.000000
vt 0.000000 0.000000 0.000000
vt -0.000000 -0.300000 0.000000
vt 0.040092 -0.000000 0.000000
vt 0.000000 0.000000 0.000000
vt 0.040092 0.000000 0.000000
vt 0.040092 0.300000 0.000000
vt 0.000000 0.000000 0.000000
vt -0.000000 -0.300000 0.000000
vt 0.040091 0.000000 0.000000
vt 0.000000 0.000000 0.000000
vt 0.040091 -0.000000 0.000000
vt 0.040091 0.300000 0.000000
vt 0.000000 0.000000 0.000000
vt -0.000000 -0.300000 0.000000
vt 0.040092 -0.000000 0.000000
vt 0.000000 0.000000 0.000000
vt 0.040092 -0.000000 0.000000
vt 0.040092 0.300000 0.000000
vt 0.000000 0.000000 0.000000
vt -0.000000 -0.300000 0.000000
vt 0.040091 0.000000 0.000000
vt 0.000000 0.000000 0.000000
vt 0.040091 -0.000000 0.000000
vt 0.040091 0.300000 0.000000
vt 0.000000 0.000000 0.000000
vt 0.000000 -0.300000 0.000000
vt 0.040092 -0.000000 0.000000
vt 0.000000 0.000000 0.000000
vt 0.040092 0.000000 0.000000
vt 0.040092 0.300000 0.000000
vt 0.000000 0.000000 0.000000
vt -0.000000 -0.300000 0.000000
vt 0.040091 0.000000 0.000000
vt 0.000000 0.000000 0.000000
vt 0.040091 0.000000 0.000000
vt 0.040091 0.300000 0.000000
vt 0.000000 0.000000 0.000000
vt 0.000000 -0.300000 0.000000
vt 0.040092 0.000000 0.000000
vt 0.000000 0.000000 0.000000
vt 0.040092 0.000000 0.000000
vt 0.040092 0.300000 0.000000
vt 0.000000 0.000000 0.000000
vt 0.000000 -0.300000 0.000000
vt 0.040092 -0.000000 0.000000
vt 0.000000 0.000000 0.000000
vt 0.040092 -0.000000 0.000000
vt 0.040092 0.300000 0.000000
vt 0.000000 0.000000 0.000000
vt 0.000000 -0.300000 0.000000
vt 0.040091 0.000000 0.000000
vt 0.000000 0.000000 0.000000
vt 0.040091 0.000000 0.000000
vt 0.040091 0.300000 0.000000
vt 0.000000 0.000000 0.000000
vt -0.000000 -0.300000 0.000000
vt 0.040092 0.000000 0.000000
vt 0.000000 0.000000 0.000000
vt 0.040092 0.000000 0.000000
vt 0.040092 0.300000 0.000000
vt 0.000000 0.000000 0.000000
vt 0.000000 -0.300000 0.000000
vt 0.040092 -0.000000 0.000000
vt 0.000000 0.000000 0.000000
vt 0.040092 -0.000000 0.000000
vt 0.040092 0.300000 0.000000
vt 0.000000 0.000000 0.000000
vt 0.000000 -0.300000 0.000000
vt 0.040092 0.000000 0.000000
vt 0.000000 0.000000 0.000000
vt 0.040092 0.000000 0.000000
vt 0.040092 0.300000 0.000000
vt 0.000000 0.000000 0.000000
vt 0.000000 -0.300000 0.000000
vt 0.040092 -0.000000 0.000000
vt 0.000000 0.000000 0.000000
vt 0.040092 0.000000 0.000000
vt 0.040092 0.300000 0.000000
vt 0.000000 0.000000 0.000000
vt -0.260000 -0.450333 0.000000
vt 0.107091 -0.074986 0.000000
vt 0.000000 0.000000 0.000000
vt 0.032841 -0.022996 0.000000
vt 0.367091 0.375347 0.000000
vt 0.000000 0.000000 0.000000
vt -0.334250 -0.398343 0.000000
vt 0.092442 -0.092443 0.000000
vt 0.000000 0.000000 0.000000
vt 0.028349 -0.028349 0.000000
vt 0.426692 0.305900 0.000000
vt 0.000000 0.000000 0.000000
vt -0.398343 -0.334249 0.000000
vt 0.074986 -0.107091 0.000000
vt 0.000000 0.000000 0.000000
vt 0.022996 -0.032841 0.000000
vt 0.473329 0.227159 0.000000
vt 0.000000 0.000000 0.000000
vt -0.450333 -0.260000 0.000000
vt 0.055250 -0.118485 0.000000
vt 0.000000 0.000000 0.000000
vt 0.016943 -0.036335 0.000000
vt 0.505583 0.141515 0.000000
vt 0.000000 0.000000 0.000000
vt -0.488640 -0.177851 0.000000
vt 0.033836 -0.126279 0.000000
vt 0.000000 0.000000 0.000000
vt 0.010376 -0.038726 0.000000
vt 0.522476 0.051572 0.000000
vt 0.000000 0.000000 0.000000
vt -0.512100 -0.090297 0.000000
vt 0.011394 -0.130236 0.000000
vt 0.000000 0.000000 0.000000
vt 0.003494 -0.039939 0.000000
vt 0.523494 -0.039939 0.000000
vt 0.000000 0.000000 0.000000
vt -0.520000 -0.000000 0.000000
vt -0.011394 -0.130236 0.000000
vt 0.000000 0.000000 0.000000
vt -0.003494 -0.039939 0.000000
vt 0.508606 -0.130236 0.000000
vt 0.000000 0.000000 0.000000
vt -0.512100 0.090297 0.000000
vt -0.033836 -0.126279 0.000000
vt 0.000000 0.000000 0.000000
vt -0.010376 -0.038726 0.000000
vt 0.478263 -0.216576 0.000000
vt 0.000000 0.000000 0.000000
vt -0.488640 0.177850 0.000000
vt -0.055250 -0.118485 0.000000
vt 0.000000 0.000000 0.000000
vt -0.016943 -0.036335 0.000000
vt 0.433390 -0.296335 0.000000
vt 0.000000 0.000000 0.000000
vt -0.450333 0.260000 0.000000
vt -0.074986 -0.107091 0.000000
vt 0.000000 0.000000 0.000000
vt -0.022996 -0.032841 0.000000
vt 0.375347 -0.367091 0.000000
vt 0.000000 0.000000 0.000000
vt -0.398343 0.334250 0.000000
vt -0.092442 -0.092443 0.000000
vt 0.000000 0.000000 0.000000
vt -0.028349 -0.028349 0.000000
vt 0.305901 -0.426692 0.000000
vt 0.000000 0.000000 0.000000
vt -0.334250 0.398343 0.000000
vt -0.107091 -0.074986 0.000000
vt 0.000000 0.000000 0.000000
vt -0.032841 -0.022996 0.000000
vt 0.227159 -0.473329 0.000000
vt 0.000000 0.000000 0.000000
vt -0.260000 0.450333 0.000000
vt -0.118484 -0.055250 0.000000
vt 0.000000 0.000000 0.000000
vt -0.036335 -0.016943 0.000000
vt 0.141515 -0.505584 0.000000
vt 0.000000 0.000000 0.000000
vt -0.177851 0.488640 0.000000
vt -0.126279 -0.033836 0.000000
vt 0.000000 0.000000 0.000000
vt -0.038725 -0.010377 0.000000
vt 0.051572 -0.522477 0.000000
vt 0.000000 0.000000 0.000000
vt -0.090297 0.512100 0.000000
vt -0.130236 -0.011394 0.000000
vt 0.000000 0.000000 0.000000
vt -0.039939 -0.003494 0.000000
vt -0.039939 -0.523494 0.000000
vt 0.000000 0.000000 0.000000
vt -0.000000 0.520000 0.000000
vt -0.130236 0.011394 0.000000
vt 0.000000 0.000000 0.000000
vt -0.039939 0.003494 0.000000
vt -0.130236 -0.508606 0.000000
vt 0.000000 0.000000 0.000000
vt 0.090297 0.512100 0.000000
vt -0.126279 0.033836 0.000000
vt 0.000000 0.000000 0.000000
vt -0.038726 0.010377 0.000000
vt -0.216576 -0.478264 0.000000
vt 0.000000 0.000000 0.000000
vt 0.177850 0.488640 0.000000
vt -0.118485 0.055250 0.000000
vt 0.000000 0.000000 0.000000
vt -0.036335 0.016943 0.000000
vt -0.296335 -0.433390 0.000000
vt 0.000000 0.000000 0.000000
vt 0.260000 0.450333 0.000000
vt -0.107091 0.074986 0.000000
vt 0.000000 0.000000 0.000000
vt -0.032841 0.022996 0.000000
vt -0.367091 -0.375347 0.000000
vt 0.000000 0.000000 0.000000
vt 0.334249 0.398343 0.000000
vt -0.092443 0.092443 0.000000
vt 0.000000 0.000000 0.000000
vt -0.028349 0.028349 0.000000
vt -0.426692 -0.305900 0.000000
vt 0.000000 0.000000 0.000000
vt 0.398343 0.334250 0.000000
vt -0.074986 0.107091 0.000000
vt 0.000000 0.000000 0.000000
vt -0.022995 0.032841 0.000000
vt -0.473329 -0.227159 0.000000
vt 0.000000 0.000000 0.000000
vt 0.450333 0.260000 0.000000
vt -0.055251 0.118485 0.000000
vt 0.000000 0.000000 0.000000
vt -0.016944 0.036335 0.000000
vt -0.505584 -0.141515 0.000000
vt 0.000000 0.000000 0.000000
vt 0.488640 0.177850 0.000000
vt -0.033836 0.126279 0.000000
vt 0.000000 0.000000 0.000000
vt -0.010376 0.038726 0.000000
vt -0.522476 -0.051572 0.000000
vt 0.000000 0.000000 0.000000
vt 0.512100 0.090297 0.000000
vt -0.011394 0.130236 0.000000
vt 0.000000 0.000000 0.000000
vt -0.003494 0.039939 0.000000
vt -0.523494 0.039939 0.000000
vt 0.000000 0.000000 0.000000
vt 0.520000 0.000000 0.000000
vt 0.011394 0.130236 0.000000
vt 0.000000 0.000000 0.000000
vt 0.003494 0.039939 0.000000
vt -0.508606 0.130236 0.000000
vt 0.000000 0.000000 0.000000
vt 0.512100 -0.090297 0.000000
vt 0.033836 0.126279 0.000000
vt 0.000000 0.000000 0.000000
vt 0.010376 0.038726 0.000000
vt -0.478264 0.216576 0.000000
vt 0.000000 0.000000 0.000000
vt 0.488640 -0.177851 0.000000
vt 0.055251 0.118485 0.000000
vt 0.000000 0.000000 0.000000
vt 0.016944 0.036335 0.000000
vt -0.433390 0.296335 0.000000
vt 0.000000 0.000000 0.000000
vt 0.450333 -0.260000 0.000000
vt 0.074986 0.107091 0.000000
vt 0.000000 0.000000 0.000000
vt 0.022995 0.032841 0.000000
vt -0.375348 0.367091 0.000000
vt 0.000000 0.000000 0.000000
vt 0.398343 -0.334249 0.000000
vt 0.092443 0.092443 0.000000
vt 0.000000 0.000000 0.000000
vt 0.028349 0.028349 0.000000
vt -0.305900 0.426692 0.000000
vt 0.000000 0.000000 0.000000
vt 0.334249 -0.398343 0.000000
vt 0.107091 0.074986 0.000000
vt 0.000000 0.000000 0.000000
vt 0.032841 0.022996 0.000000
vt -0.227159 0.473329 0.000000
vt 0.000000 0.000000 0.000000
vt 0.260000 -0.450333 0.000000
vt 0.118485 0.055250 0.000000
vt 0.000000 0.000000 0.000000
vt 0.036335 0.016943 0.000000
vt -0.141515 0.505584 0.000000
vt 0.000000 0.000000 0.000000
vt 0.177850 -0.488640 0.000000
vt 0.126279 0.033836 0.000000
vt 0.000000 0.000000 0.000000
vt 0.038726 0.010376 0.000000
vt -0.051571 0.522476 0.000000
vt 0.000000 0.000000 0.000000
vt 0.090297 -0.512100 0.000000
vt 0.130236 0.011394 0.000000
vt 0.000000 0.000000 0.000000
vt 0.039939 0.003494 0.000000
vt 0.039939 0.523494 0.000000
vt 0.000000 0.000000 0.000000
vt 0.000000 -0.520000 0.000000
vt 0.130236 -0.011394 0.000000
vt 0.000000 0.000000 0.000000
vt 0.039939 -0.003494 0.000000
vt 0.130236 0.508606 0.000000
vt 0.000000 0.000000 0.000000
vt -0.090297 -0.512100 0.000000
vt 0.126279 -0.033836 0.000000
vt 0.000000 0.000000 0.000000
vt 0.038725 -0.010376 0.000000
vt 0.216576 0.478264 0.000000
vt 0.000000 0.000000 0.000000
vt -0.177851 -0.488640 0.000000
vt 0.118484 -0.055250 0.000000
vt 0.000000 0.000000 0.000000
vt 0.036335 -0.016943 0.000000
vt 0.296335 0.433390 0.000000
vt 0.000000 0.000000 0.000000
vt -0.735094 0.203582 0.000000
vt -0.014997 -0.021418 0.000000
vt 0.000000 0.000000 0.000000
vt -0.720096 0.225000 0.000000
vt -0.011050 -0.023697 0.000000
vt 0.000000 0.000000 0.000000
vt 0.702279 -0.273953 0.000000
vt 0.709046 -0.248697 0.000000
vt 0.000000 0.000000 0.000000
vt 0.098696 -0.738754 0.000000
vt 0.023697 0.011050 0.000000
vt 0.000000 0.000000 0.000000
vt 0.074999 -0.749804 0.000000
vt 0.021418 0.014997 0.000000
vt 0.000000 0.000000 0.000000
vt -0.035093 0.783290 0.000000
vt -0.053581 0.764801 0.000000
vt 0.000000 0.000000 0.000000
vt 0.235093 0.203582 0.000000
vt -0.018488 0.018488 0.000000
vt 0.000000 0.000000 0.000000
vt 0.253582 0.185094 0.000000
vt -0.021418 0.014997 0.000000
vt 0.000000 0.000000 0.000000
vt -0.298697 -0.159046 0.000000
vt -0.275000 -0.170097 0.000000
vt 0.000000 0.000000 0.000000
vt 0.323953 0.152279 0.000000
vt -0.026047 0.002279 0.000000
vt 0.000000 0.000000 0.000000
vt 0.350000 0.150000 0.000000
vt -0.026047 -0.002279 0.000000
vt 0.000000 0.000000 0.000000
vt -1.200000 -0.000000 0.000000
vt -0.376047 -0.152279 0.000000
vt 0.000000 0.000000 0.000000
vt -0.823952 0.152279 0.000000
vt -0.025256 -0.006767 0.000000
vt 0.000000 0.000000 0.000000
vt 0.775000 -0.170097 0.000000
vt 0.798697 -0.159046 0.000000
vt 0.000000 0.000000 0.000000
vt 0.018488 0.018488 0.000000
vt -0.735094 0.203582 0.000000
vt 0.000000 0.000000 0.000000
vt 0.021418 0.014997 0.000000
vt -0.753581 0.185094 0.000000
vt 0.000000 0.000000 0.000000
vt 0.035093 -0.783290 0.000000
vt 0.014997 0.021418 0.000000
vt 0.000000 0.000000 0.000000
vt 0.020096 -0.804708 0.000000
vt 0.011050 0.023697 0.000000
vt 0.000000 0.000000 0.000000
vt -0.002278 0.853661 0.000000
vt -0.009045 0.828405 0.000000
vt 0.000000 0.000000 0.000000
vt -0.775000 -0.170096 0.000000
vt 0.023697 -0.011050 0.000000
vt 0.000000 0.000000 0.000000
vt -0.798697 -0.159046 0.000000
vt 0.025256 -0.006767 0.000000
vt 0.000000 0.000000 0.000000
vt 1.200000 0.000000 0.000000
vt 0.823952 0.152279 0.000000
vt 0.000000 0.000000 0.000000
vt 0.376047 -0.152279 0.000000
vt 0.026047 -0.002279 0.000000
vt 0.000000 0.000000 0.000000
vt -0.323953 0.152279 0.000000
vt -0.350000 0.150000 0.000000
vt 0.000000 0.000000 0.000000
vt 0.298697 0.159046 0.000000
vt -0.025256 0.006767 0.000000
vt 0.000000 0.000000 0.000000
vt -0.702279 0.273953 0.000000
vt -0.002278 -0.026047 0.000000
vt 0.000000 0.000000 0.000000
vt -0.700000 0.300000 0.000000
vt 0.002278 -0.026048 0.000000
vt 0.000000 0.000000 0.000000
vt 0.709046 -0.351303 0.000000
vt 0.702279 -0.326048 0.000000
vt 0.000000 0.000000 0.000000
vt -0.018488 0.018489 0.000000
vt 0.246418 -0.764801 0.000000
vt 0.000000 0.000000 0.000000
vt -0.735094 0.396418 0.000000
vt 0.264906 -0.783290 0.000000
vt 0.000000 0.000000 0.000000
vt -0.999999 1.179708 0.000000
vt -1.902678 1.729708 0.000000
vt 0.000000 0.000000 0.000000
vt 0.000000 0.250000 0.000000
vt -0.902679 0.550000 0.000000
vt 0.000000 0.000000 0.000000
vt 0.902679 -0.300000 0.000000
vt 0.437772 0.203582 0.000000
vt 0.000000 0.000000 0.000000
vt -0.446418 0.485093 0.000000
vt -0.464907 0.503582 0.000000
vt 0.000000 0.000000 0.000000
vt 0.323953 -0.152279 0.000000
vt 0.025256 0.006767 0.000000
vt 0.000000 0.000000 0.000000
vt 0.298697 -0.159046 0.000000
vt 0.023697 0.011050 0.000000
vt 0.000000 0.000000 0.000000
vt -0.253582 0.185093 0.000000
vt -0.275000 0.170096 0.000000
vt 0.000000 0.000000 0.000000
vt -0.200000 -1.179708 0.000000
vt -0.000000 -3.400000 0.000000
vt 0.000000 0.000000 0.000000
vt -0.200000 2.220292 0.000000
vt -0.000000 -0.250000 0.000000
vt 0.000000 0.000000 0.000000
vt -0.000000 -6.240584 0.000000
vt 0.200000 -2.470292 0.000000
vt 0.000000 0.000000 0.000000
vt -0.200000 -3.770292 0.000000
vt 0.000000 -1.300000 0.000000
vt 0.000000 0.000000 0.000000
vt 0.200000 2.220292 0.000000
vt 0.200000 2.470292 0.000000
vt 0.000000 0.000000 0.000000
vt -0.014997 0.021418 0.000000
vt -0.735094 0.396418 0.000000
vt 0.000000 0.000000 0.000000
vt -0.011050 0.023697 0.000000
vt -0.720096 0.375000 0.000000
vt 0.000000 0.000000 0.000000
vt 0.246418 -0.764801 0.000000
vt 0.021418 -0.014997 0.000000
vt 0.000000 0.000000 0.000000
vt 0.225000 -0.749804 0.000000
vt 0.023697 -0.011050 0.000000
vt 0.000000 0.000000 0.000000
vt -0.176047 0.731987 0.000000
vt -0.201303 0.738754 0.000000
vt 0.000000 0.000000 0.000000
vt 0.176047 -0.731987 0.000000
vt 0.026047 -0.002279 0.000000
vt 0.000000 0.000000 0.000000
vt 0.150000 -0.729708 0.000000
vt 0.026047 0.002279 0.000000
vt 0.000000 0.000000 0.000000
vt -0.098696 0.738754 0.000000
vt -0.123952 0.731987 0.000000
vt 0.000000 0.000000 0.000000
vt 0.275000 -0.470096 0.000000
vt 0.021418 0.014997 0.000000
vt 0.000000 0.000000 0.000000
vt 0.253582 -0.485093 0.000000
vt 0.018489 0.018489 0.000000
vt 0.000000 0.000000 0.000000
vt -0.000000 0.300000 0.000000
vt -0.235093 0.503582 0.000000
vt 0.000000 0.000000 0.000000
vt 0.235093 -0.203582 0.000000
vt 0.014997 0.021418 0.000000
vt 0.000000 0.000000 0.000000
vt -0.209046 0.248697 0.000000
vt -0.220096 0.225000 0.000000
vt 0.000000 0.000000 0.000000
vt 0.253582 -0.185093 0.000000
vt 0.018488 0.018488 0.000000
vt 0.000000 0.000000 0.000000
vt 0.235093 -0.203582 0.000000
vt 0.014997 0.021418 0.000000
vt 0.000000 0.000000 0.000000
vt -0.209046 0.248697 0.000000
vt -0.220096 0.225000 0.000000
vt 0.000000 0.000000 0.000000
vt 0.006767 -0.025256 0.000000
vt 0.209046 0.248697 0.000000
vt 0.000000 0.000000 0.000000
vt 0.002278 -0.026047 0.000000
vt 0.202279 0.273953 0.000000
vt 0.000000 0.000000 0.000000
vt -0.200000 -0.300000 0.000000
vt -0.200000 -1.179708 0.000000
vt 0.000000 0.000000 0.000000
vt -0.002278 -0.026048 0.000000
vt 0.000000 -0.879708 0.000000
vt 0.000000 0.000000 0.000000
vt -0.720096 -0.225000 0.000000
vt 0.014997 -0.021418 0.000000
vt 0.000000 0.000000 0.000000
vt -0.735094 -0.203582 0.000000
vt 0.018488 -0.018488 0.000000
vt 0.000000 0.000000 0.000000
vt 0.775000 0.170096 0.000000
vt 0.753581 0.185093 0.000000
vt 0.000000 0.000000 0.000000
vt 0.200000 -0.300000 0.000000
vt -0.002278 0.026047 0.000000
vt 0.000000 0.000000 0.000000
vt 0.202279 -0.326047 0.000000
vt -0.006767 0.025256 0.000000
vt 0.000000 0.000000 0.000000
vt -0.200000 1.179708 0.000000
vt -0.209046 0.351303 0.000000
vt 0.000000 0.000000 0.000000
vt 0.009045 0.828405 0.000000
vt -0.011050 0.023697 0.000000
vt 0.000000 0.000000 0.000000
vt -0.035093 -0.783290 0.000000
vt -0.020096 -0.804708 0.000000
vt 0.000000 0.000000 0.000000
vt 0.150000 0.729708 0.000000
vt -0.026047 -0.002279 0.000000
vt 0.000000 0.000000 0.000000
vt 0.176047 0.731987 0.000000
vt -0.025256 -0.006767 0.000000
vt 0.000000 0.000000 0.000000
vt -0.225000 -0.749804 0.000000
vt -0.201303 -0.738754 0.000000
vt 0.000000 0.000000 0.000000
vt 0.225000 0.749804 0.000000
vt -0.021418 -0.014997 0.000000
vt 0.000000 0.000000 0.000000
vt 0.246418 0.764801 0.000000
vt -0.018488 -0.018489 0.000000
vt 0.000000 0.000000 0.000000
vt -0.279903 -0.804708 0.000000
vt -0.264906 -0.783290 0.000000
vt 0.000000 0.000000 0.000000
vt 0.279903 0.804708 0.000000
vt -0.011050 -0.023697 0.000000
vt 0.000000 0.000000 0.000000
vt 0.290953 0.828405 0.000000
vt -0.709046 -0.351303 0.000000
vt 0.000000 0.000000 0.000000
vt -1.902678 -1.729708 0.000000
vt -0.999999 -1.179708 0.000000
vt 0.000000 0.000000 0.000000
vt -0.902679 -0.550000 0.000000
vt -0.425000 -0.720096 0.000000
vt 0.000000 0.000000 0.000000
vt 0.456260 -0.185093 0.000000
vt 0.477678 -0.170096 0.000000
vt 0.000000 0.000000 0.000000
vt -0.200000 -2.220292 0.000000
vt 0.000000 -3.400000 0.000000
vt 0.000000 0.000000 0.000000
vt 0.209046 0.248697 0.000000
vt -0.011050 0.023697 0.000000
vt 0.000000 0.000000 0.000000
vt -0.235093 -0.203582 0.000000
vt -0.220096 -0.225000 0.000000
vt 0.000000 0.000000 0.000000
vt 0.446418 -0.485093 0.000000
vt 0.021418 -0.014997 0.000000
vt 0.000000 0.000000 0.000000
vt 0.425000 -0.470096 0.000000
vt 0.023697 -0.011050 0.000000
vt 0.000000 0.000000 0.000000
vt -0.376047 0.452279 0.000000
vt -0.401303 0.459046 0.000000
vt 0.000000 0.000000 0.000000
vt 0.376047 -0.452279 0.000000
vt 0.026047 -0.002279 0.000000
vt 0.000000 0.000000 0.000000
vt 0.350000 -0.450000 0.000000
vt 0.026048 0.002279 0.000000
vt 0.000000 0.000000 0.000000
vt -0.298697 0.459046 0.000000
vt -0.323953 0.452279 0.000000
vt 0.000000 0.000000 0.000000
vt -0.000000 0.250000 0.000000
vt -0.209046 0.248697 0.000000
vt 0.000000 0.000000 0.000000
vt 0.209046 0.001303 0.000000
vt 0.006767 0.025256 0.000000
vt 0.000000 0.000000 0.000000
vt -0.200000 0.050000 0.000000
vt -0.202279 0.023952 0.000000
vt 0.000000 0.000000 0.000000
vt -0.404957 -0.253953 0.000000
vt 0.006768 -0.025256 0.000000
vt 0.000000 0.000000 0.000000
vt -0.411724 -0.228697 0.000000
vt 0.011050 -0.023697 0.000000
vt 0.000000 0.000000 0.000000
vt 0.000000 -0.020000 0.000000
vt 0.422775 0.205000 0.000000
vt 0.000000 0.000000 0.000000
vt -0.700000 -0.300000 0.000000
vt 0.002278 -0.026047 0.000000
vt 0.000000 0.000000 0.000000
vt -0.702279 -0.273953 0.000000
vt 0.006768 -0.025256 0.000000
vt 0.000000 0.000000 0.000000
vt 0.720096 0.225000 0.000000
vt 0.709046 0.248697 0.000000
vt 0.000000 0.000000 0.000000
vt 0.053581 0.764801 0.000000
vt -0.021418 0.014997 0.000000
vt 0.000000 0.000000 0.000000
vt 0.074999 0.749804 0.000000
vt -0.023697 0.011050 0.000000
vt 0.000000 0.000000 0.000000
vt -0.123952 -0.731987 0.000000
vt -0.098696 -0.738754 0.000000
vt 0.000000 0.000000 0.000000
vt -0.275000 0.470096 0.000000
vt -0.298697 0.459046 0.000000
vt 0.000000 0.000000 0.000000
vt -0.456260 -0.394907 0.000000
vt -0.018488 -0.018488 0.000000
vt 0.000000 0.000000 0.000000
vt -0.437772 -0.376418 0.000000
vt -0.014997 -0.021418 0.000000
vt 0.000000 0.000000 0.000000
vt 0.411724 0.331303 0.000000
vt 0.422775 0.355000 0.000000
vt 0.000000 0.000000 0.000000
vt -0.411724 -0.331303 0.000000
vt -0.006768 -0.025256 0.000000
vt 0.000000 0.000000 0.000000
vt -0.404957 -0.306047 0.000000
vt -0.002278 -0.026047 0.000000
vt 0.000000 0.000000 0.000000
vt 0.404957 0.253953 0.000000
vt 0.402678 0.280000 0.000000
vt 0.000000 0.000000 0.000000
vt 0.123952 0.731987 0.000000
vt -0.026047 0.002279 0.000000
vt 0.000000 0.000000 0.000000
vt 0.000000 0.300000 0.000000
vt -1.200000 -0.000000 0.000000
vt 0.000000 0.000000 0.000000
vt -1.200000 0.000000 0.000000
vt -1.200000 -0.300000 0.000000
vt 0.000000 0.000000 0.000000
vt -0.000000 0.300000 0.000000
vt -0.298697 -0.159046 0.000000
vt 0.000000 0.000000 0.000000
vt 0.000000 0.250000 0.000000
vt -0.298697 -0.459046 0.000000
vt 0.000000 0.000000 0.000000
vt 0.298697 0.709046 0.000000
vt -0.025255 0.006767 0.000000
vt 0.000000 0.000000 0.000000
vt -0.350000 -0.700000 0.000000
vt -0.323953 -0.702279 0.000000
vt 0.000000 0.000000 0.000000
vt -0.437772 0.203582 0.000000
vt -0.014997 -0.021418 0.000000
vt 0.000000 0.000000 0.000000
vt -0.422775 0.225000 0.000000
vt -0.011050 -0.023697 0.000000
vt 0.000000 0.000000 0.000000
vt -0.000000 -0.020000 0.000000
vt 0.411724 -0.248697 0.000000
vt 0.000000 0.000000 0.000000
vt -0.411724 0.228697 0.000000
vt -0.006768 -0.025256 0.000000
vt 0.000000 0.000000 0.000000
vt 0.402678 -0.280000 0.000000
vt 0.404957 -0.253953 0.000000
vt 0.000000 0.000000 0.000000
vt -0.709046 -0.351303 0.000000
vt -0.006768 -0.025256 0.000000
vt 0.000000 0.000000 0.000000
vt 0.700000 0.300000 0.000000
vt 0.702279 0.326047 0.000000
vt 0.000000 0.000000 0.000000
vt -0.002278 -0.026047 0.000000
vt 0.200000 -0.300000 0.000000
vt 0.000000 0.000000 0.000000
vt -0.006767 -0.025256 0.000000
vt 0.202279 -0.273953 0.000000
vt 0.000000 0.000000 0.000000
vt -0.053581 -0.764801 0.000000
vt -0.035093 -0.783290 0.000000
vt 0.000000 0.000000 0.000000
vt 0.253582 -0.064906 0.000000
vt -0.021418 0.014997 0.000000
vt 0.000000 0.000000 0.000000
vt 0.275000 -0.079904 0.000000
vt -0.023697 0.011050 0.000000
vt 0.000000 0.000000 0.000000
vt 0.000000 0.250000 0.000000
vt -0.298697 0.090954 0.000000
vt 0.000000 0.000000 0.000000
vt -0.456260 0.185093 0.000000
vt -0.018488 -0.018489 0.000000
vt 0.000000 0.000000 0.000000
vt -0.402678 0.280000 0.000000
vt 0.002278 -0.026047 0.000000
vt 0.000000 0.000000 0.000000
vt -0.404957 0.306047 0.000000
vt 0.006768 -0.025256 0.000000
vt 0.000000 0.000000 0.000000
vt 0.422775 -0.355000 0.000000
vt 0.411724 -0.331303 0.000000
vt 0.000000 0.000000 0.000000
vt 0.350000 0.700000 0.000000
vt -0.026047 -0.002279 0.000000
vt 0.000000 0.000000 0.000000
vt 0.376047 0.702279 0.000000
vt -0.025256 -0.006767 0.000000
vt 0.000000 0.000000 0.000000
vt -0.425000 -0.720096 0.000000
vt -0.401303 -0.709046 0.000000
vt 0.000000 0.000000 0.000000
vt -0.422775 0.355000 0.000000
vt 0.014997 -0.021418 0.000000
vt 0.000000 0.000000 0.000000
vt -0.437772 0.376418 0.000000
vt 0.018488 -0.018489 0.000000
vt 0.000000 0.000000 0.000000
vt -4.297322 -0.000000 0.000000
vt 0.456260 -0.394906 0.000000
vt 0.000000 0.000000 0.000000
vt -4.753582 0.394906 0.000000
vt 0.021418 -0.014997 0.000000
vt 0.000000 0.000000 0.000000
vt 4.798697 -0.420954 0.000000
vt 4.775000 -0.409904 0.000000
vt 0.000000 0.000000 0.000000
vt -4.798697 -0.259046 0.000000
vt 0.025256 -0.006767 0.000000
vt 0.000000 0.000000 0.000000
vt -4.823953 -0.252279 0.000000
vt 0.026047 -0.002279 0.000000
vt 0.000000 0.000000 0.000000
vt 7.000000 -0.000000 0.000000
vt 4.850000 0.250000 0.000000
vt 0.000000 0.000000 0.000000
vt 2.150000 -0.250000 0.000000
vt 0.026048 0.002279 0.000000
vt 0.000000 0.000000 0.000000
vt -2.098697 0.259046 0.000000
vt -2.123953 0.252279 0.000000
vt 0.000000 0.000000 0.000000
vt 0.000000 -0.300000 0.000000
vt 1.200000 -0.000000 0.000000
vt 0.000000 0.000000 0.000000
vt 1.200000 -0.000000 0.000000
vt 1.200000 0.300000 0.000000
vt 0.000000 0.000000 0.000000
vt 0.437772 0.203582 0.000000
vt 0.422775 0.225000 0.000000
vt 0.000000 0.000000 0.000000
vt 2.020096 0.325000 0.000000
vt -0.014997 0.021418 0.000000
vt 0.000000 0.000000 0.000000
vt 2.035094 0.303582 0.000000
vt -0.018489 0.018488 0.000000
vt 0.000000 0.000000 0.000000
vt -2.075001 -0.270097 0.000000
vt -2.053582 -0.285094 0.000000
vt 0.000000 0.000000 0.000000
vt 2.123953 0.252279 0.000000
vt -0.026048 0.002279 0.000000
vt 0.000000 0.000000 0.000000
vt 2.150000 0.250000 0.000000
vt -0.026047 -0.002279 0.000000
vt 0.000000 0.000000 0.000000
vt -7.000000 -0.000000 0.000000
vt -2.176047 -0.252279 0.000000
vt 0.000000 0.000000 0.000000
vt -4.823953 0.252279 0.000000
vt -0.025256 -0.006767 0.000000
vt 0.000000 0.000000 0.000000
vt 4.775000 -0.270097 0.000000
vt 4.798697 -0.259046 0.000000
vt 0.000000 0.000000 0.000000
vt 1.200000 0.250000 0.000000
vt -0.200000 0.050000 0.000000
vt 0.000000 0.000000 0.000000
vt 1.400000 0.200000 0.000000
vt -0.002279 0.026047 0.000000
vt 0.000000 0.000000 0.000000
vt 0.600000 0.200000 0.000000
vt -1.402279 -0.173953 0.000000
vt 0.000000 0.000000 0.000000
vt 2.002279 0.373953 0.000000
vt -0.006767 0.025256 0.000000
vt 0.000000 0.000000 0.000000
vt -2.020096 -0.325000 0.000000
vt -2.009046 -0.348698 0.000000
vt 0.000000 0.000000 0.000000
vt 0.200000 0.050000 0.000000
vt -0.002279 0.026047 0.000000
vt 0.000000 0.000000 0.000000
vt 0.202279 0.023953 0.000000
vt -0.006767 0.025256 0.000000
vt 0.000000 0.000000 0.000000
vt -0.220096 0.025000 0.000000
vt -0.209046 0.001303 0.000000
vt 0.000000 0.000000 0.000000
vt 0.018489 -0.018489 0.000000
vt 0.253582 -0.064906 0.000000
vt 0.000000 0.000000 0.000000
vt 2.075001 0.270097 0.000000
vt -0.023697 0.011050 0.000000
vt 0.000000 0.000000 0.000000
vt -2.123953 -0.252279 0.000000
vt -2.098697 -0.259046 0.000000
vt 0.000000 0.000000 0.000000
vt -4.798697 0.420954 0.000000
vt -4.798697 -0.259046 0.000000
vt 0.000000 0.000000 0.000000
vt 2.098697 -0.259046 0.000000
vt 0.023697 0.011050 0.000000
vt 0.000000 0.000000 0.000000
vt 2.075001 -0.270096 0.000000
vt 0.021418 0.014997 0.000000
vt 0.000000 0.000000 0.000000
vt -2.035094 0.303582 0.000000
vt -2.053582 0.285093 0.000000
vt 0.000000 0.000000 0.000000
vt -0.235093 0.046418 0.000000
vt -0.220096 0.025000 0.000000
vt 0.000000 0.000000 0.000000
vt -4.775000 0.270097 0.000000
vt -0.021418 -0.014997 0.000000
vt 0.000000 0.000000 0.000000
vt -4.753582 0.285094 0.000000
vt -0.456260 -0.394907 0.000000
vt 0.000000 0.000000 0.000000
vt 0.000000 -0.680000 0.000000
vt 4.297322 -0.680000 0.000000
vt 0.000000 0.000000 0.000000
vt 2.035094 -0.303582 0.000000
vt 0.014997 0.021418 0.000000
vt 0.000000 0.000000 0.000000
vt 2.020096 -0.325000 0.000000
vt 0.011050 0.023697 0.000000
vt 0.000000 0.000000 0.000000
vt -2.002279 0.373953 0.000000
vt -2.009046 0.348697 0.000000
vt 0.000000 0.000000 0.000000
vt 1.402279 -0.173953 0.000000
vt 0.002279 0.026047 0.000000
vt 0.000000 0.000000 0.000000
vt 1.400000 -0.200000 0.000000
vt 0.200000 0.050000 0.000000
vt 0.000000 0.000000 0.000000
vt -0.000000 0.250000 0.000000
vt -1.200000 0.250000 0.000000
vt 0.000000 0.000000 0.000000
vt 2.002279 -0.373953 0.000000
vt 1.402279 -0.173953 0.000000
vt 0.000000 0.000000 0.000000
vt 0.600000 -0.200000 0.000000
vt 0.400000 0.000000 0.000000
vt 0.000000 0.000000 0.000000
vt -0.200000 0.450000 0.000000
vt -0.200000 0.200000 0.000000
vt 0.000000 0.000000 0.000000
vt -1.200000 -0.250000 0.000000
vt 0.000000 -0.250000 0.000000
vt 0.000000 0.000000 0.000000
vt 0.400000 -0.000000 0.000000
vt 0.600000 0.200000 0.000000
vt 0.000000 0.000000 0.000000
vt -0.200000 -0.200000 0.000000
vt 0.000000 -0.450000 0.000000
vt 0.000000 0.000000 0.000000
vt 0.000000 -0.250000 0.000000
vt 0.200000 -0.250000 0.000000
vt 0.000000 0.000000 0.000000
vt 0.200000 -0.450000 0.000000
vt 0.200000 -0.000000 0.000000
vt 0.000000 0.000000 0.000000
vt 0.526631 0.132279 0.000000
vt -0.026047 0.002279 0.000000
vt 0.000000 0.000000 0.000000
vt 0.552679 0.130000 0.000000
vt -0.026047 -0.002279 0.000000
vt 0.000000 0.000000 0.000000
vt -0.000000 0.020000 0.000000
vt -0.578726 -0.132279 0.000000
vt 0.000000 0.000000 0.000000
vt 0.578726 0.152279 0.000000
vt -0.323953 0.702279 0.000000
vt 0.000000 0.000000 0.000000
vt -1.902678 1.729708 0.000000
vt -0.902679 0.550000 0.000000
vt 0.000000 0.000000 0.000000
vt -1.000000 1.179708 0.000000
vt -0.735093 0.396418 0.000000
vt 0.000000 0.000000 0.000000
vt 0.246418 -0.764801 0.000000
vt 0.264906 -0.783290 0.000000
vt 0.000000 0.000000 0.000000
vt -0.246418 0.764801 0.000000
vt -0.021418 0.014997 0.000000
vt 0.000000 0.000000 0.000000
vt -0.225000 0.749804 0.000000
vt -0.023697 0.011050 0.000000
vt 0.000000 0.000000 0.000000
vt 0.176047 -0.731987 0.000000
vt 0.201303 -0.738754 0.000000
vt 0.000000 0.000000 0.000000
vt -0.323953 -0.152279 0.000000
vt 0.026048 -0.002279 0.000000
vt 0.000000 0.000000 0.000000
vt -0.350000 -0.150000 0.000000
vt 0.026047 0.002279 0.000000
vt 0.000000 0.000000 0.000000
vt 1.200000 0.000000 0.000000
vt 0.376048 0.152279 0.000000
vt 0.000000 0.000000 0.000000
vt 0.823952 -0.152279 0.000000
vt 0.025256 0.006767 0.000000
vt 0.000000 0.000000 0.000000
vt -0.775000 0.170096 0.000000
vt -0.798697 0.159046 0.000000
vt 0.000000 0.000000 0.000000
vt -0.176047 0.731987 0.000000
vt -0.026047 0.002279 0.000000
vt 0.000000 0.000000 0.000000
vt -0.150000 0.729708 0.000000
vt -0.026048 -0.002279 0.000000
vt 0.000000 0.000000 0.000000
vt 0.098697 -0.738754 0.000000
vt 0.123952 -0.731987 0.000000
vt 0.000000 0.000000 0.000000
vt -0.098697 0.738754 0.000000
vt -0.023697 -0.011050 0.000000
vt 0.000000 0.000000 0.000000
vt -0.075000 0.749804 0.000000
vt -0.021418 -0.014997 0.000000
vt 0.000000 0.000000 0.000000
vt 0.035093 -0.783290 0.000000
vt 0.053582 -0.764801 0.000000
vt 0.000000 0.000000 0.000000
vt -0.035093 0.783290 0.000000
vt -0.014998 -0.021418 0.000000
vt 0.000000 0.000000 0.000000
vt -0.020096 0.804708 0.000000
vt -0.011050 -0.023697 0.000000
vt 0.000000 0.000000 0.000000
vt -0.200000 -1.179708 0.000000
vt 0.009046 -0.828405 0.000000
vt 0.000000 0.000000 0.000000
vt -0.209046 -0.351303 0.000000
vt -0.006768 -0.025256 0.000000
vt 0.000000 0.000000 0.000000
vt 0.200000 0.300000 0.000000
vt 0.202279 0.326047 0.000000
vt 0.000000 0.000000 0.000000
vt 0.775000 -0.170096 0.000000
vt 0.021418 0.014997 0.000000
vt 0.000000 0.000000 0.000000
vt 0.753581 -0.185093 0.000000
vt 0.018488 0.018488 0.000000
vt 0.000000 0.000000 0.000000
vt -0.720096 0.225000 0.000000
vt -0.735093 0.203582 0.000000
vt 0.000000 0.000000 0.000000
vt -0.123952 -0.731987 0.000000
vt 0.026048 -0.002279 0.000000
vt 0.000000 0.000000 0.000000
vt -0.150000 -0.729708 0.000000
vt 0.026047 0.002279 0.000000
vt 0.000000 0.000000 0.000000
vt 0.201303 0.738754 0.000000
vt 0.176047 0.731987 0.000000
vt 0.000000 0.000000 0.000000
vt -0.200000 -0.300000 0.000000
vt 0.002278 -0.026047 0.000000
vt 0.000000 0.000000 0.000000
vt -0.202279 -0.273953 0.000000
vt 0.006768 -0.025256 0.000000
vt 0.000000 0.000000 0.000000
vt 0.220096 0.225000 0.000000
vt 0.209046 0.248697 0.000000
vt 0.000000 0.000000 0.000000
vt 0.775000 0.170097 0.000000
vt -0.023697 0.011050 0.000000
vt 0.000000 0.000000 0.000000
vt 0.798697 0.159046 0.000000
vt -0.025256 0.006767 0.000000
vt 0.000000 0.000000 0.000000
vt -1.200000 -0.000000 0.000000
vt -0.823952 -0.152279 0.000000
vt 0.000000 0.000000 0.000000
vt -0.376048 0.152279 0.000000
vt -0.026047 0.002279 0.000000
vt 0.000000 0.000000 0.000000
vt 0.323953 -0.152279 0.000000
vt 0.350000 -0.150000 0.000000
vt 0.000000 0.000000 0.000000
vt -0.235094 0.203582 0.000000
vt -0.014998 -0.021418 0.000000
vt 0.000000 0.000000 0.000000
vt -0.220096 0.225000 0.000000
vt -0.011050 -0.023697 0.000000
vt 0.000000 0.000000 0.000000
vt 0.202279 -0.273953 0.000000
vt 0.209046 -0.248697 0.000000
vt 0.000000 0.000000 0.000000
vt -0.200000 0.300000 0.000000
vt 0.002278 -0.026048 0.000000
vt 0.000000 0.000000 0.000000
vt -0.202279 0.326048 0.000000
vt 0.006768 -0.025256 0.000000
vt 0.000000 0.000000 0.000000
vt 0.200000 -1.179708 0.000000
vt 0.209046 -0.351303 0.000000
vt 0.000000 0.000000 0.000000
vt -0.009046 -0.828405 0.000000
vt 0.011050 -0.023697 0.000000
vt 0.000000 0.000000 0.000000
vt 0.035093 0.783290 0.000000
vt 0.020096 0.804708 0.000000
vt 0.000000 0.000000 0.000000
vt -0.201303 -0.738754 0.000000
vt 0.023697 0.011050 0.000000
vt 0.000000 0.000000 0.000000
vt -0.225000 -0.749804 0.000000
vt 0.021418 0.014997 0.000000
vt 0.000000 0.000000 0.000000
vt 0.264906 0.783290 0.000000
vt 0.246418 0.764801 0.000000
vt 0.000000 0.000000 0.000000
vt -0.264906 -0.783290 0.000000
vt 0.735093 0.396418 0.000000
vt 0.000000 0.000000 0.000000
vt 1.902678 1.729708 0.000000
vt 1.000000 1.179708 0.000000
vt 0.000000 0.000000 0.000000
vt 0.902679 0.550000 0.000000
vt 0.464907 0.753582 0.000000
vt 0.000000 0.000000 0.000000
vt -0.422775 0.225000 0.000000
vt -0.437772 0.203582 0.000000
vt 0.000000 0.000000 0.000000
vt -0.220096 -0.225000 0.000000
vt 0.014998 -0.021418 0.000000
vt 0.000000 0.000000 0.000000
vt -0.235094 -0.203582 0.000000
vt 0.018489 -0.018488 0.000000
vt 0.000000 0.000000 0.000000
vt 0.275000 0.170096 0.000000
vt 0.253582 0.185093 0.000000
vt 0.000000 0.000000 0.000000
vt -0.275000 -0.170096 0.000000
vt 0.023697 -0.011050 0.000000
vt 0.000000 0.000000 0.000000
vt 0.323953 0.152279 0.000000
vt 0.298698 0.159046 0.000000
vt 0.000000 0.000000 0.000000
vt 0.200000 -0.300000 0.000000
vt 0.202279 -0.273953 0.000000
vt 0.000000 0.000000 0.000000
vt -0.053582 -0.764801 0.000000
vt 0.021418 -0.014997 0.000000
vt 0.000000 0.000000 0.000000
vt -0.075000 -0.749804 0.000000
vt 0.023697 -0.011050 0.000000
vt 0.000000 0.000000 0.000000
vt 0.123952 0.731987 0.000000
vt 0.098697 0.738754 0.000000
vt 0.000000 0.000000 0.000000
vt 0.735093 0.396418 0.000000
vt 0.014998 0.021418 0.000000
vt 0.000000 0.000000 0.000000
vt 0.720096 0.375000 0.000000
vt 0.011050 0.023697 0.000000
vt 0.000000 0.000000 0.000000
vt -0.702279 -0.326048 0.000000
vt -0.709046 -0.351303 0.000000
vt 0.000000 0.000000 0.000000
vt -0.323953 0.152279 0.000000
vt -0.025255 -0.006767 0.000000
vt 0.000000 0.000000 0.000000
vt -0.298698 0.159046 0.000000
vt -0.023697 -0.011050 0.000000
vt 0.000000 0.000000 0.000000
vt 0.253582 -0.185094 0.000000
vt 0.275000 -0.170097 0.000000
vt 0.000000 0.000000 0.000000
vt 0.235094 -0.203582 0.000000
vt 0.253582 -0.185094 0.000000
vt 0.000000 0.000000 0.000000
vt -0.035093 -0.783290 0.000000
vt 0.018489 -0.018489 0.000000
vt 0.000000 0.000000 0.000000
vt 0.700000 -0.300000 0.000000
vt -0.002279 0.026047 0.000000
vt 0.000000 0.000000 0.000000
vt 0.702279 -0.326047 0.000000
vt -0.006767 0.025256 0.000000
vt 0.000000 0.000000 0.000000
vt -0.720096 0.375000 0.000000
vt -0.709046 0.351303 0.000000
vt 0.000000 0.000000 0.000000
vt 0.702279 0.326048 0.000000
vt 0.002279 0.026048 0.000000
vt 0.000000 0.000000 0.000000
vt 0.700000 0.300000 0.000000
vt -0.002279 0.026047 0.000000
vt 0.000000 0.000000 0.000000
vt -0.709046 -0.248697 0.000000
vt -0.702279 -0.273953 0.000000
vt 0.000000 0.000000 0.000000
vt 0.720096 0.225000 0.000000
vt -0.014998 0.021418 0.000000
vt 0.000000 0.000000 0.000000
vt 0.735093 0.203582 0.000000
vt -0.018488 0.018488 0.000000
vt 0.000000 0.000000 0.000000
vt -0.775000 -0.170097 0.000000
vt -0.753581 -0.185094 0.000000
vt 0.000000 0.000000 0.000000
vt 0.200000 -2.220292 0.000000
vt 0.000000 0.250000 0.000000
vt 0.000000 0.000000 0.000000
vt 0.200000 -2.470292 0.000000
vt 0.000000 1.300000 0.000000
vt 0.000000 0.000000 0.000000
vt 0.000000 6.240584 0.000000
vt -0.200000 3.770292 0.000000
vt 0.000000 0.000000 0.000000
vt 0.200000 2.470292 0.000000
vt -0.000000 0.250000 0.000000
vt 0.000000 0.000000 0.000000
vt -0.200000 1.179708 0.000000
vt -0.200000 -2.220292 0.000000
vt 0.000000 0.000000 0.000000
vt -0.202279 -0.023952 0.000000
vt 0.006767 -0.025256 0.000000
vt 0.000000 0.000000 0.000000
vt -0.209046 0.001303 0.000000
vt 0.011050 -0.023697 0.000000
vt 0.000000 0.000000 0.000000
vt 0.000000 -0.250000 0.000000
vt 0.220096 -0.025000 0.000000
vt 0.000000 0.000000 0.000000
vt -0.220096 -0.225000 0.000000
vt 0.014997 -0.021418 0.000000
vt 0.000000 0.000000 0.000000
vt 0.253582 0.185093 0.000000
vt 0.235093 0.203582 0.000000
vt 0.000000 0.000000 0.000000
vt -0.026047 -0.002279 0.000000
vt 4.823953 -0.252279 0.000000
vt 0.000000 0.000000 0.000000
vt -1.550000 -0.050000 0.000000
vt 4.850000 -0.250000 0.000000
vt 0.000000 0.000000 0.000000
vt -6.400000 0.200000 0.000000
vt -7.000000 -0.000000 0.000000
vt 0.000000 0.000000 0.000000
vt -0.400000 -0.000000 0.000000
vt -0.600000 -0.200000 0.000000
vt 0.000000 0.000000 0.000000
vt 0.200001 0.200000 0.000000
vt 0.000000 0.450000 0.000000
vt 0.000000 0.000000 0.000000
vt 0.000000 0.250000 0.000000
vt -0.200001 0.250000 0.000000
vt 0.000000 0.000000 0.000000
vt -0.323953 0.702279 0.000000
vt -0.025256 -0.006767 0.000000
vt 0.000000 0.000000 0.000000
vt -0.298697 0.709046 0.000000
vt -0.023697 -0.011050 0.000000
vt 0.000000 0.000000 0.000000
vt -0.000000 -0.250000 0.000000
vt 0.275000 -0.720096 0.000000
vt 0.000000 0.000000 0.000000
vt -0.275000 0.470096 0.000000
vt -0.021418 -0.014997 0.000000
vt 0.000000 0.000000 0.000000
vt 0.235093 -0.503582 0.000000
vt 0.253582 -0.485094 0.000000
vt 0.000000 0.000000 0.000000
vt -0.235093 0.203582 0.000000
vt -0.014997 -0.021418 0.000000
vt 0.000000 0.000000 0.000000
vt -0.220096 0.225000 0.000000
vt -0.011050 -0.023697 0.000000
vt 0.000000 0.000000 0.000000
vt -0.000000 -0.250000 0.000000
vt 0.209046 -0.248697 0.000000
vt 0.000000 0.000000 0.000000
vt -0.209046 -0.001303 0.000000
vt -0.006767 -0.025256 0.000000
vt 0.000000 0.000000 0.000000
vt 0.200000 -0.050000 0.000000
vt 0.202279 -0.023953 0.000000
vt 0.000000 0.000000 0.000000
vt -0.202279 0.076047 0.000000
vt 0.006767 -0.025256 0.000000
vt 0.000000 0.000000 0.000000
vt -0.209046 0.101303 0.000000
vt 0.011050 -0.023697 0.000000
vt 0.000000 0.000000 0.000000
vt 0.235093 -0.146418 0.000000
vt 0.220096 -0.125000 0.000000
vt 0.000000 0.000000 0.000000
vt 0.709046 0.248697 0.000000
vt -0.011050 0.023697 0.000000
vt 0.000000 0.000000 0.000000
vt -0.735093 0.396418 0.000000
vt -0.720096 0.375000 0.000000
vt 0.000000 0.000000 0.000000
vt 0.720096 -0.225000 0.000000
vt 0.011050 0.023697 0.000000
vt 0.000000 0.000000 0.000000
vt 0.709046 -0.248697 0.000000
vt 0.006767 0.025256 0.000000
vt 0.000000 0.000000 0.000000
vt -0.700000 0.300000 0.000000
vt -0.702279 0.273953 0.000000
vt 0.000000 0.000000 0.000000
vt -0.253582 -0.164906 0.000000
vt -0.018489 -0.018488 0.000000
vt 0.000000 0.000000 0.000000
vt -0.235093 -0.146418 0.000000
vt -0.014997 -0.021418 0.000000
vt 0.000000 0.000000 0.000000
vt 0.209046 0.101302 0.000000
vt 0.220096 0.125000 0.000000
vt 0.000000 0.000000 0.000000
vt -0.275000 -0.470096 0.000000
vt 0.023697 -0.011050 0.000000
vt 0.000000 0.000000 0.000000
vt -0.298697 -0.459046 0.000000
vt 0.025256 -0.006767 0.000000
vt 0.000000 0.000000 0.000000
vt 0.350000 0.450000 0.000000
vt 0.323953 0.452279 0.000000
vt 0.000000 0.000000 0.000000
vt -0.350000 -0.450000 0.000000
vt 0.026047 0.002279 0.000000
vt 0.000000 0.000000 0.000000
vt -0.376047 -0.452279 0.000000
vt 0.025256 0.006767 0.000000
vt 0.000000 0.000000 0.000000
vt 0.425000 0.470096 0.000000
vt 0.401303 0.459046 0.000000
vt 0.000000 0.000000 0.000000
vt -1.475000 -0.070096 0.000000
vt 0.023697 -0.011050 0.000000
vt 0.000000 0.000000 0.000000
vt -1.498697 -0.059046 0.000000
vt 0.025256 -0.006767 0.000000
vt 0.000000 0.000000 0.000000
vt 1.550000 0.050000 0.000000
vt 1.523953 0.052279 0.000000
vt 0.000000 0.000000 0.000000
vt 4.823953 -0.252279 0.000000
vt 0.025256 0.006767 0.000000
vt 0.000000 0.000000 0.000000
vt 4.798697 -0.259046 0.000000
vt 0.023697 0.011050 0.000000
vt 0.000000 0.000000 0.000000
vt -4.753582 0.285093 0.000000
vt -4.775000 0.270096 0.000000
vt 0.000000 0.000000 0.000000
vt -0.235093 0.503582 0.000000
vt -0.235093 0.203582 0.000000
vt 0.000000 0.000000 0.000000
vt -0.000000 0.300000 0.000000
vt -1.200000 -0.000000 0.000000
vt 0.000000 0.000000 0.000000
vt -1.200000 -0.000000 0.000000
vt -1.200000 -0.300000 0.000000
vt 0.000000 0.000000 0.000000
vt -0.200000 0.050000 0.000000
vt 0.002278 -0.026047 0.000000
vt 0.000000 0.000000 0.000000
vt 0.422775 -0.225000 0.000000
vt 0.011050 0.023697 0.000000
vt 0.000000 0.000000 0.000000
vt -0.000000 0.020000 0.000000
vt -0.411725 0.248697 0.000000
vt 0.000000 0.000000 0.000000
vt 0.411725 -0.228697 0.000000
vt 0.006767 0.025256 0.000000
vt 0.000000 0.000000 0.000000
vt -0.402678 0.280000 0.000000
vt -0.404957 0.253953 0.000000
vt 0.000000 0.000000 0.000000
vt -0.209046 -0.101302 0.000000
vt -0.006767 -0.025256 0.000000
vt 0.000000 0.000000 0.000000
vt -0.202279 -0.076047 0.000000
vt -0.002278 -0.026047 0.000000
vt 0.000000 0.000000 0.000000
vt 0.202279 0.023952 0.000000
vt 0.200000 0.050000 0.000000
vt 0.000000 0.000000 0.000000
vt 4.753582 -0.285093 0.000000
vt 0.018488 0.018489 0.000000
vt 0.000000 0.000000 0.000000
vt 4.735093 -0.303582 0.000000
vt 0.014997 0.021418 0.000000
vt 0.000000 0.000000 0.000000
vt -4.709046 0.348697 0.000000
vt -4.720096 0.325000 0.000000
vt 0.000000 0.000000 0.000000
vt -0.235093 0.146418 0.000000
vt 0.018489 -0.018489 0.000000
vt 0.000000 0.000000 0.000000
vt -0.253582 0.164907 0.000000
vt 0.021418 -0.014997 0.000000
vt 0.000000 0.000000 0.000000
vt -1.200000 -0.000000 0.000000
vt 0.275000 -0.179904 0.000000
vt 0.000000 0.000000 0.000000
vt -0.425000 -0.470096 0.000000
vt 0.021418 0.014997 0.000000
vt 0.000000 0.000000 0.000000
vt -0.446418 -0.485093 0.000000
vt 0.018488 0.018489 0.000000
vt 0.000000 0.000000 0.000000
vt -0.000000 -0.250000 0.000000
vt 0.464907 0.503582 0.000000
vt 0.000000 0.000000 0.000000
vt -1.475000 0.179904 0.000000
vt -1.475000 -0.070096 0.000000
vt 0.000000 0.000000 0.000000
vt 4.709046 0.348698 0.000000
vt -0.011050 0.023698 0.000000
vt 0.000000 0.000000 0.000000
vt 4.720096 0.325000 0.000000
vt -0.014997 0.021418 0.000000
vt 0.000000 0.000000 0.000000
vt -4.753582 -0.285094 0.000000
vt -4.735093 -0.303582 0.000000
vt 0.000000 0.000000 0.000000
vt 4.798697 0.259046 0.000000
vt -0.025256 0.006767 0.000000
vt 0.000000 0.000000 0.000000
vt 4.823953 0.252279 0.000000
vt -0.026047 0.002279 0.000000
vt 0.000000 0.000000 0.000000
vt -6.400000 -0.200000 0.000000
vt -4.850000 -0.250000 0.000000
vt 0.000000 0.000000 0.000000
vt -1.550000 0.050000 0.000000
vt -0.026047 -0.002279 0.000000
vt 0.000000 0.000000 0.000000
vt 1.498697 -0.059046 0.000000
vt 1.523953 -0.052279 0.000000
vt 0.000000 0.000000 0.000000
vt 4.709046 -0.348697 0.000000
vt 0.006767 0.025256 0.000000
vt 0.000000 0.000000 0.000000
vt 4.702279 -0.373953 0.000000
vt 0.002279 0.026047 0.000000
vt 0.000000 0.000000 0.000000
vt 0.000000 0.680000 0.000000
vt -4.700000 0.400000 0.000000
vt 0.000000 0.000000 0.000000
vt 4.700000 0.280000 0.000000
vt -0.002279 0.026047 0.000000
vt 0.000000 0.000000 0.000000
vt -4.709046 -0.228697 0.000000
vt -4.702279 -0.253953 0.000000
vt 0.000000 0.000000 0.000000
vt -0.200000 2.220292 0.000000
vt -0.200000 -1.179708 0.000000
vt 0.000000 0.000000 0.000000
vt -0.000000 -0.300000 0.000000
vt 1.200000 0.000000 0.000000
vt 0.000000 0.000000 0.000000
vt 1.200000 -0.000000 0.000000
vt 1.200000 0.300000 0.000000
vt 0.000000 0.000000 0.000000
vt 0.000000 -0.300000 0.000000
vt 0.253582 0.185093 0.000000
vt 0.000000 0.000000 0.000000
vt 0.275000 0.470096 0.000000
vt 0.253582 0.485093 0.000000
vt 0.000000 0.000000 0.000000
vt 0.023697 -0.011050 0.000000
vt 4.798697 0.259046 0.000000
vt 0.000000 0.000000 0.000000
vt 0.021418 -0.014997 0.000000
vt 4.775000 0.270097 0.000000
vt 0.000000 0.000000 0.000000
vt 0.411725 0.228697 0.000000
vt -0.011050 0.023697 0.000000
vt 0.000000 0.000000 0.000000
vt 0.422775 0.205000 0.000000
vt -0.014997 0.021418 0.000000
vt 0.000000 0.000000 0.000000
vt -0.456260 -0.165093 0.000000
vt -0.437772 -0.183582 0.000000
vt 0.000000 0.000000 0.000000
vt -1.498697 0.059046 0.000000
vt -0.023697 -0.011050 0.000000
vt 0.000000 0.000000 0.000000
vt -1.475000 0.070097 0.000000
vt -0.275000 -0.179903 0.000000
vt 0.000000 0.000000 0.000000
vt 0.000000 -0.250000 0.000000
vt 1.200000 -0.250000 0.000000
vt 0.000000 0.000000 0.000000
vt 0.456260 0.165093 0.000000
vt -0.021418 0.014997 0.000000
vt 0.000000 0.000000 0.000000
vt 0.477678 0.150096 0.000000
vt -0.023697 0.011050 0.000000
vt 0.000000 0.000000 0.000000
vt -0.526631 -0.132279 0.000000
vt -0.501376 -0.139046 0.000000
vt 0.000000 0.000000 0.000000
vt 0.006767 -0.025256 0.000000
vt 4.709046 0.348698 0.000000
vt 0.000000 0.000000 0.000000
vt -4.702279 -0.373953 0.000000
vt 0.000000 -0.680000 0.000000
vt 0.000000 0.000000 0.000000
vt 0.002279 -0.026047 0.000000
vt 4.702279 -0.306047 0.000000
vt 0.000000 0.000000 0.000000
vt 0.253582 0.164906 0.000000
vt 0.275000 0.179903 0.000000
vt 0.000000 0.000000 0.000000
vt 4.709046 0.228697 0.000000
vt 0.411725 0.228697 0.000000
vt 0.000000 0.000000 0.000000
vt -7.000000 0.000000 0.000000
vt -6.400000 -0.200000 0.000000
vt 0.000000 0.000000 0.000000
vt -0.600000 0.200000 0.000000
vt -0.400000 -0.000000 0.000000
vt 0.000000 0.000000 0.000000
vt 0.200001 -0.450000 0.000000
vt 0.200001 -0.200000 0.000000
vt 0.000000 0.000000 0.000000
vt -0.200001 0.450000 0.000000
vt -0.200001 -0.000000 0.000000
vt 0.000000 0.000000 0.000000
vt 0.402678 -0.280000 0.000000
vt 4.700000 -0.280000 0.000000
vt 0.000000 0.000000 0.000000
vn 0.096593 -0.025882 -0.000000
vn 0.099997 -0.000814 -0.000000
vn 0.100000 -0.000000 -0.000000
vn 0.096835 0.024961 -0.000000
vn 0.096593 0.025882 -0.000000
vn 0.087143 0.049052 -0.000000
vn 0.086603 0.050000 -0.000000
vn 0.071574 0.069836 -0.000000
vn 0.070711 0.070711 -0.000000
vn 0.051180 0.085911 -0.000000
vn 0.050000 0.086603 -0.000000
vn 0.027333 0.096192 -0.000000
vn 0.025882 0.096593 -0.000000
vn 0.003064 0.099953 -0.000000
vn -0.000000 0.100000 0.000000
vn -0.021391 0.097685 0.000000
vn -0.025882 0.096593 0.000000
vn -0.044555 0.089526 0.000000
vn -0.050000 0.086603 0.000000
vn -0.065032 0.075966 0.000000
vn -0.070711 0.070711 0.000000
vn -0.081586 0.057825 0.000000
vn -0.086603 0.050000 0.000000
vn -0.093220 0.036195 0.000000
vn -0.096593 0.025882 0.000000
vn -0.099230 0.012383 0.000000
vn -0.100000 -0.000000 0.000000
vn -0.099256 -0.012176 0.000000
vn -0.096593 -0.025882 0.000000
vn -0.093295 -0.036001 0.000000
vn -0.086603 -0.050000 0.000000
vn -0.081706 -0.057655 0.000000
vn -0.070711 -0.070711 0.000000
vn -0.065190 -0.075831 0.000000
vn -0.050000 -0.086603 0.000000
vn -0.044741 -0.089433 0.000000
vn -0.025882 -0.096593 0.000000
vn -0.021594 -0.097641 0.000000
vn -0.000000 -0.100000 0.000000
vn 0.002856 -0.099959 -0.000000
vn 0.025882 -0.096593 -0.000000
vn 0.027133 -0.096249 -0.000000
vn 0.050000 -0.086603 -0.000000
vn 0.049774 -0.086733 -0.000000
vn 0.070428 -0.070992 -0.000000
vn 0.096416 -0.026534 -0.000000
vn 0.086603 -0.050000 -0.000000
vn 0.086333 -0.050465 -0.000000
vn 0.070711 -0.070711 -0.000000
vn 0.000000 -0.000000 0.100000
vn 0.000000 -0.000000 0.100000
vn 0.000000 -0.000000 0.100000
vn 0.000000 -0.000000 0.100000
vn 0.000000 -0.000000 0.100000
vn 0.000000 -0.000000 0.100000
vn 0.000000 -0.000000 0.100000
vn 0.000000 -0.000000 0.100000
vn 0.000000 -0.000000 0.100000
vn 0.000000 -0.000000 0.100000
vn 0.000000 -0.000000 0.100000
vn 0.000000 -0.000000 0.100000
vn 0.000000 -0.000000 0.100000
vn 0.000000 -0.000000 0.100000
vn 0.000000 -0.000000 0.100000
vn 0.000000 -0.000000 0.100000
vn 0.000000 -0.000000 0.100000
vn 0.000000 -0.000000 0.100000
vn 0.000000 -0.000000 0.100000
vn 0.000000 -0.000000 0.100000
vn -0.070711 0.070711 0.000000
vn -0.070711 0.070711 0.000000
vn -0.070711 0.070711 0.000000
vn -0.070711 0.070711 0.000000
vn -0.070711 0.070711 0.000000
vn 0.000000 0.100000 -0.000000
vn 0.000000 0.100000 -0.000000
vn 0.000000 0.100000 -0.000000
vn 0.000000 0.100000 -0.000000
vn 0.000000 0.070711 0.070711
vn 0.000000 0.070711 0.070711
vn 0.000000 0.070711 0.070711
vn 0.000000 0.070711 0.070711
vn 0.000000 0.070711 0.070711
vn 0.000000 0.070711 0.070711
vn -0.070711 0.000000 0.070711
vn -0.070711 0.000000 0.070711
vn -0.070711 0.000000 0.070711
vn -0.070711 0.000000 0.070711
vn -0.070711 0.000000 0.070711
vn -0.070711 0.000000 0.070711
vn 0.070711 0.070711 -0.000000
vn 0.070711 0.070711 -0.000000
vn 0.070711 0.070711 -0.000000
vn 0.070711 0.070711 -0.000000
vn 0.070711 0.070711 -0.000000
vn -0.000000 0.000000 -0.100000
vn -0.000000 0.000000 -0.100000
vn -0.000000 0.000000 -0.100000
vn -0.000000 0.000000 -0.100000
vn -0.000000 0.000000 -0.100000
vn -0.000000 0.000000 -0.100000
vn -0.000000 0.000000 -0.100000
vn -0.000000 0.000000 -0.100000
vn -0.000000 0.000000 -0.100000
vn -0.000000 0.000000 -0.100000
vn -0.000000 0.000000 -0.100000
vn -0.000000 0.000000 -0.100000
vn 0.100000 -0.000000 -0.000000
vn 0.100000 -0.000000 -0.000000
vn 0.100000 -0.000000 -0.000000
vn 0.100000 -0.000000 -0.000000
vn 0.070711 -0.000000 0.070711
vn 0.070711 -0.000000 0.070711
vn 0.070711 -0.000000 0.070711
vn 0.070711 -0.000000 0.070711
vn 0.070711 -0.000000 0.070711
vn 0.070711 -0.000000 0.070711
vn -0.070711 -0.070711 0.000000
vn -0.070711 -0.070711 0.000000
vn -0.070711 -0.070711 0.000000
vn -0.070711 -0.070711 0.000000
vn -0.070711 -0.070711 0.000000
vn 0.000000 -0.070711 0.070711
vn 0.000000 -0.070711 0.070711
vn 0.000000 -0.070711 0.070711
vn 0.000000 -0.070711 0.070711
vn 0.000000 -0.070711 0.070711
vn 0.000000 -0.070711 0.070711
vn -0.000000 -0.100000 0.000000
vn -0.000000 -0.100000 0.000000
vn -0.000000 -0.100000 0.000000
vn -0.000000 -0.100000 0.000000
vn 0.070711 -0.070711 -0.000000
vn 0.070711 -0.070711 -0.000000
vn 0.070711 -0.070711 -0.000000
vn 0.070711 -0.070711 -0.000000
vn 0.070711 -0.070711 -0.000000
vn -0.100000 0.000000 0.000000
vn -0.100000 0.000000 0.000000
vn -0.100000 0.000000 0.000000
vn -0.100000 0.000000 0.000000
vn 0.000000 -0.000000 0.100000
vn 0.000000 -0.000000 0.100000
vn 0.000000 -0.000000 0.100000
vn 0.000000 -0.000000 0.100000
vn 0.000000 -0.000000 0.100000
vn 0.000000 -0.000000 0.100000
vn 0.000000 -0.000000 0.100000
vn 0.000000 -0.000000 0.100000
vn 0.000000 -0.000000 0.100000
vn 0.000000 -0.000000 0.100000
vn 0.000000 -0.000000 0.100000
vn 0.000000 -0.000000 0.100000
vn 0.000000 -0.000000 0.100000
vn 0.000000 -0.000000 0.100000
vn 0.000000 -0.000000 0.100000
vn 0.000000 -0.000000 0.100000
vn 0.000000 -0.000000 0.100000
vn 0.000000 -0.000000 0.100000
vn 0.000000 -0.000000 0.100000
vn 0.000000 -0.000000 0.100000
vn 0.000000 -0.000000 0.100000
vn 0.000000 -0.000000 0.100000
vn 0.000000 -0.000000 0.100000
vn 0.000000 -0.000000 0.100000
vn 0.000000 -0.000000 0.100000
vn 0.000000 -0.000000 0.100000
vn 0.000000 -0.000000 0.100000
vn 0.000000 -0.000000 0.100000
vn 0.000000 -0.000000 0.100000
vn 0.000000 -0.000000 0.100000
vn 0.000000 -0.000000 0.100000
vn 0.000000 -0.000000 0.100000
vn 0.000000 -0.000000 0.100000
vn 0.000000 -0.000000 0.100000
vn 0.000000 -0.000000 0.100000
vn 0.000000 -0.000000 0.100000
vn 0.000000 -0.000000 0.100000
vn 0.000000 -0.000000 0.100000
vn 0.000000 -0.000000 0.100000
vn 0.000000 -0.000000 0.100000
vn 0.000000 -0.000000 0.100000
vn 0.000000 -0.000000 0.100000
vn 0.000000 -0.000000 0.100000
vn 0.000000 -0.000000 0.100000
vn 0.000000 -0.000000 0.100000
vn 0.000000 -0.000000 0.100000
vn 0.000000 -0.000000 0.100000
vn 0.000000 -0.000000 0.100000
vn 0.000000 -0.000000 0.100000
vn 0.000000 -0.000000 0.100000
vn 0.000000 -0.000000 0.100000
vn 0.000000 -0.000000 0.100000
vn 0.000000 -0.000000 0.100000
vn 0.000000 -0.000000 0.100000
vn 0.000000 -0.000000 0.100000
vn 0.000000 -0.000000 0.100000
vn 0.000000 -0.000000 0.100000
vn 0.000000 -0.000000 0.100000
vn 0.000000 -0.000000 0.100000
vn 0.000000 -0.000000 0.100000
vn 0.000000 -0.000000 0.100000
vn 0.000000 -0.000000 0.100000
vn 0.000000 -0.000000 0.100000
vn 0.000000 -0.000000 0.100000
vn 0.000000 -0.000000 0.100000
vn 0.000000 -0.000000 0.100000
vn 0.000000 -0.000000 0.100000
vn 0.000000 -0.000000 0.100000
vn 0.000000 -0.000000 0.100000
vn 0.000000 -0.000000 0.100000
vn 0.000000 -0.000000 0.100000
vn 0.000000 -0.000000 0.100000
vn 0.000000 -0.000000 0.100000
vn 0.000000 -0.000000 0.100000
vn 0.000000 -0.000000 0.100000
vn 0.000000 -0.000000 0.100000
vn 0.000000 -0.000000 0.100000
vn 0.000000 -0.000000 0.100000
vn 0.000000 -0.000000 0.100000
vn 0.000000 -0.000000 0.100000
vn 0.000000 -0.000000 0.100000
vn 0.000000 -0.000000 0.100000
vn 0.000000 -0.000000 0.100000
vn 0.000000 -0.000000 0.100000
vn 0.000000 -0.000000 0.100000
vn 0.000000 -0.000000 0.100000
vn 0.000000 -0.000000 0.100000
vn 0.000000 -0.000000 0.100000
vn 0.000000 -0.000000 0.100000
vn 0.000000 -0.000000 0.100000
vn 0.000000 -0.000000 0.100000
vn 0.000000 -0.000000 0.100000
vn 0.000000 -0.000000 0.100000
vn 0.000000 -0.000000 0.100000
vn 0.000000 -0.000000 0.100000
vn 0.000000 -0.000000 0.100000
vn 0.000000 -0.000000 0.100000
vn 0.000000 -0.000000 0.100000
vn 0.000000 -0.000000 0.100000
vn 0.000000 -0.000000 0.100000
vn 0.000000 -0.000000 0.100000
vn 0.000000 -0.000000 0.100000
vn 0.000000 -0.000000 0.100000
vn 0.000000 -0.000000 0.100000
vn 0.000000 -0.000000 0.100000
vn 0.000000 -0.000000 0.100000
vn 0.000000 -0.000000 0.100000
vn 0.000000 -0.000000 0.100000
vn 0.000000 -0.000000 0.100000
vn 0.000000 -0.000000 0.100000
vn 0.000000 -0.000000 0.100000
vn 0.000000 -0.000000 0.100000
vn 0.000000 -0.000000 0.100000
vn 0.000000 -0.000000 0.100000
vn 0.000000 -0.000000 0.100000
vn 0.000000 -0.000000 0.100000
vn 0.000000 -0.000000 0.100000
vn 0.000000 -0.000000 0.100000
vn 0.000000 -0.000000 0.100000
vn 0.000000 -0.000000 0.100000
vn -0.100000 0.000000 0.000000
vn -0.100000 0.000000 0.000000
vn -0.100000 0.000000 0.000000
vn -0.100000 0.000000 0.000000
vn 0.000000 0.100000 -0.000000
vn 0.000000 0.100000 -0.000000
vn 0.000000 0.100000 -0.000000
vn 0.000000 0.100000 -0.000000
vn 0.100000 -0.000000 -0.000000
vn 0.100000 -0.000000 -0.000000
vn 0.100000 -0.000000 -0.000000
vn 0.100000 -0.000000 -0.000000
vn -0.000000 -0.100000 0.000000
vn -0.000000 -0.100000 0.000000
vn -0.000000 -0.100000 0.000000
vn -0.000000 -0.100000 0.000000
vn -0.000000 0.000000 -0.100000
vn -0.000000 0.000000 -0.100000
vn -0.000000 0.000000 -0.100000
vn -0.000000 0.000000 -0.100000
vn -0.000000 0.000000 -0.100000
vn -0.000000 0.000000 -0.100000
vn -0.000000 0.000000 -0.100000
vn -0.000000 0.000000 -0.100000
vn -0.000000 0.000000 -0.100000
vn -0.000000 0.000000 -0.100000
vn -0.000000 0.000000 -0.100000
vn -0.000000 0.000000 -0.100000
vn -0.000000 0.000000 -0.100000
vn -0.000000 0.000000 -0.100000
vn -0.000000 0.000000 -0.100000
vn -0.000000 0.000000 -0.100000
vn -0.000000 0.000000 -0.100000
vn -0.000000 0.000000 -0.100000
vn -0.000000 0.000000 -0.100000
vn -0.000000 0.000000 -0.100000
vn -0.000000 0.000000 -0.100000
vn -0.000000 0.000000 -0.100000
vn -0.000000 0.000000 -0.100000
vn -0.000000 0.000000 -0.100000
vn -0.000000 0.000000 -0.100000
vn -0.000000 0.000000 -0.100000
vn -0.000000 0.000000 -0.100000
vn -0.000000 0.000000 -0.100000
vn -0.099857 -0.005342 -0.000000
vn -0.099857 -0.005342 -0.000000
vn -0.099857 -0.005342 -0.000000
vn -0.099857 -0.005342 0.000000
vn -0.099857 -0.005342 0.000000
vn -0.099857 -0.005342 0.000000
vn -0.099857 -0.005342 0.000000
vn -0.098694 -0.016107 0.000000
vn -0.098694 -0.016107 0.000000
vn -0.098694 -0.016107 0.000000
vn -0.098694 -0.016107 0.000000
vn -0.098694 -0.016107 0.000000
vn -0.098694 -0.016107 0.000000
vn -0.098694 -0.016107 0.000000
vn -0.096374 -0.026684 0.000000
vn -0.096374 -0.026684 0.000000
vn -0.096374 -0.026684 0.000000
vn -0.096374 -0.026684 -0.000000
vn -0.096374 -0.026684 -0.000000
vn -0.096374 -0.026684 -0.000000
vn -0.096374 -0.026684 -0.000000
vn -0.092924 -0.036947 -0.000000
vn -0.092924 -0.036947 -0.000000
vn -0.092924 -0.036947 -0.000000
vn -0.092924 -0.036947 0.000000
vn -0.092924 -0.036947 0.000000
vn -0.092924 -0.036947 0.000000
vn -0.092924 -0.036947 0.000000
vn -0.088385 -0.046778 0.000000
vn -0.088385 -0.046778 0.000000
vn -0.088385 -0.046778 0.000000
vn -0.088385 -0.046777 -0.000000
vn -0.088385 -0.046777 -0.000000
vn -0.088385 -0.046777 -0.000000
vn -0.088385 -0.046777 -0.000000
vn -0.082809 -0.056059 -0.000000
vn -0.082809 -0.056059 -0.000000
vn -0.082809 -0.056059 -0.000000
vn -0.082809 -0.056059 -0.000000
vn -0.082809 -0.056059 -0.000000
vn -0.076263 -0.064684 -0.000000
vn -0.076263 -0.064684 -0.000000
vn -0.076263 -0.064684 -0.000000
vn -0.076263 -0.064684 -0.000000
vn -0.076263 -0.064684 -0.000000
vn -0.076263 -0.064684 -0.000000
vn -0.076263 -0.064684 -0.000000
vn -0.068822 -0.072550 -0.000000
vn -0.068822 -0.072550 -0.000000
vn -0.068822 -0.072550 -0.000000
vn -0.068822 -0.072550 -0.000000
vn -0.068822 -0.072550 -0.000000
vn -0.068822 -0.072550 -0.000000
vn -0.068822 -0.072550 -0.000000
vn -0.060574 -0.079566 -0.000000
vn -0.060574 -0.079566 -0.000000
vn -0.060574 -0.079566 -0.000000
vn -0.060574 -0.079566 -0.000000
vn -0.060574 -0.079566 -0.000000
vn -0.060574 -0.079566 -0.000000
vn -0.060574 -0.079566 -0.000000
vn -0.051617 -0.085649 -0.000000
vn -0.051617 -0.085649 -0.000000
vn -0.051617 -0.085649 -0.000000
vn -0.051617 -0.085649 -0.000000
vn -0.051617 -0.085649 -0.000000
vn -0.051617 -0.085649 -0.000000
vn -0.051617 -0.085649 -0.000000
vn -0.042054 -0.090727 -0.000000
vn -0.042054 -0.090727 -0.000000
vn -0.042054 -0.090727 -0.000000
vn -0.042054 -0.090727 -0.000000
vn -0.042054 -0.090727 -0.000000
vn -0.031998 -0.094742 -0.000000
vn -0.031998 -0.094742 -0.000000
vn -0.031998 -0.094742 -0.000000
vn -0.031998 -0.094742 -0.000000
vn -0.031998 -0.094742 -0.000000
vn -0.031998 -0.094742 -0.000000
vn -0.031998 -0.094742 -0.000000
vn -0.021567 -0.097647 -0.000000
vn -0.021567 -0.097647 -0.000000
vn -0.021567 -0.097647 -0.000000
vn -0.021567 -0.097647 -0.000000
vn -0.021567 -0.097647 -0.000000
vn -0.021567 -0.097647 -0.000000
vn -0.021567 -0.097647 -0.000000
vn -0.010883 -0.099406 -0.000000
vn -0.010883 -0.099406 -0.000000
vn -0.010883 -0.099406 -0.000000
vn -0.010883 -0.099406 -0.000000
vn -0.010883 -0.099406 -0.000000
vn -0.010883 -0.099406 -0.000000
vn -0.010883 -0.099406 -0.000000
vn -0.000072 -0.100000 -0.000000
vn -0.000072 -0.100000 -0.000000
vn -0.000072 -0.100000 -0.000000
vn -0.000072 -0.100000 -0.000000
vn -0.000072 -0.100000 -0.000000
vn 0.010741 -0.099422 -0.000000
vn 0.010741 -0.099422 -0.000000
vn 0.010741 -0.099422 -0.000000
vn 0.010741 -0.099422 -0.000000
vn 0.010741 -0.099422 -0.000000
vn 0.010741 -0.099422 -0.000000
vn 0.010741 -0.099422 -0.000000
vn 0.021427 -0.097677 -0.000000
vn 0.021427 -0.097677 -0.000000
vn 0.021427 -0.097677 -0.000000
vn 0.021427 -0.097677 -0.000000
vn 0.021427 -0.097677 -0.000000
vn 0.021427 -0.097677 -0.000000
vn 0.021427 -0.097677 -0.000000
vn 0.031862 -0.094788 -0.000000
vn 0.031862 -0.094788 -0.000000
vn 0.031862 -0.094788 -0.000000
vn 0.031862 -0.094788 -0.000000
vn 0.031862 -0.094788 -0.000000
vn 0.031862 -0.094788 -0.000000
vn 0.031862 -0.094788 -0.000000
vn 0.041924 -0.090788 0.000000
vn 0.041924 -0.090788 0.000000
vn 0.041924 -0.090788 0.000000
vn 0.041924 -0.090788 -0.000000
vn 0.041924 -0.090788 -0.000000
vn 0.041924 -0.090788 -0.000000
vn 0.041924 -0.090788 -0.000000
vn 0.051494 -0.085723 -0.000000
vn 0.051494 -0.085723 -0.000000
vn 0.051494 -0.085723 -0.000000
vn 0.051494 -0.085723 -0.000000
vn 0.051494 -0.085723 -0.000000
vn 0.051494 -0.085723 -0.000000
vn 0.051494 -0.085723 -0.000000
vn 0.060460 -0.079653 -0.000000
vn 0.060460 -0.079653 -0.000000
vn 0.060460 -0.079653 -0.000000
vn 0.060460 -0.079653 0.000000
vn 0.060460 -0.079653 0.000000
vn 0.060460 -0.079653 0.000000
vn 0.060460 -0.079653 0.000000
vn 0.068718 -0.072649 0.000000
vn 0.068718 -0.072649 0.000000
vn 0.068718 -0.072649 0.000000
vn 0.068718 -0.072649 -0.000000
vn 0.068718 -0.072649 -0.000000
vn 0.068718 -0.072649 -0.000000
vn 0.068718 -0.072649 -0.000000
vn 0.076170 -0.064793 -0.000000
vn 0.076170 -0.064793 -0.000000
vn 0.076170 -0.064793 -0.000000
vn 0.076170 -0.064793 -0.000000
vn 0.076170 -0.064793 -0.000000
vn 0.076170 -0.064793 -0.000000
vn 0.076170 -0.064793 -0.000000
vn 0.082729 -0.056178 -0.000000
vn 0.082729 -0.056178 -0.000000
vn 0.082729 -0.056178 -0.000000
vn 0.082729 -0.056178 -0.000000
vn 0.082729 -0.056178 -0.000000
vn 0.088318 -0.046904 -0.000000
vn 0.088318 -0.046904 -0.000000
vn 0.088318 -0.046904 -0.000000
vn 0.088318 -0.046904 -0.000000
vn 0.088318 -0.046904 -0.000000
vn 0.092871 -0.037080 -0.000000
vn 0.092871 -0.037080 -0.000000
vn 0.092871 -0.037080 -0.000000
vn 0.092871 -0.037080 -0.000000
vn 0.092871 -0.037080 -0.000000
vn 0.096336 -0.026822 -0.000000
vn 0.096336 -0.026822 -0.000000
vn 0.096336 -0.026822 -0.000000
vn 0.096336 -0.026822 0.000000
vn 0.096336 -0.026822 0.000000
vn 0.096336 -0.026822 0.000000
vn 0.096336 -0.026822 0.000000
vn 0.098671 -0.016249 0.000000
vn 0.098671 -0.016249 0.000000
vn 0.098671 -0.016249 0.000000
vn 0.098671 -0.016249 0.000000
vn 0.098671 -0.016249 0.000000
vn 0.098671 -0.016249 0.000000
vn 0.098671 -0.016249 0.000000
vn 0.099849 -0.005485 0.000000
vn 0.099849 -0.005485 0.000000
vn 0.099849 -0.005485 0.000000
vn 0.099849 -0.005486 -0.000000
vn 0.099849 -0.005486 -0.000000
vn 0.099849 -0.005486 -0.000000
vn 0.099849 -0.005486 -0.000000
vn -0.000072 -0.100000 -0.000000
vn -0.000072 -0.100000 -0.000000
vn -0.000072 -0.100000 -0.000000
vn -0.000072 -0.100000 -0.000000
vn -0.000072 -0.100000 -0.000000
vn -0.000072 -0.100000 -0.000000
vn -0.000072 -0.100000 -0.000000
vn -0.000072 -0.100000 -0.000000
vn -0.000072 -0.100000 -0.000000
vn -0.000072 -0.100000 -0.000000
vn -0.000072 -0.100000 -0.000000
vn -0.000072 -0.100000 -0.000000
vn -0.000072 -0.100000 -0.000000
vn -0.000072 -0.100000 -0.000000
vn -0.000072 -0.100000 -0.000000
vn -0.000072 -0.100000 -0.000000
vn -0.000072 -0.100000 -0.000000
vn -0.000072 -0.100000 -0.000000
vn -0.000072 -0.100000 -0.000000
vn -0.000072 -0.100000 -0.000000
vn -0.000072 -0.100000 -0.000000
vn -0.000072 -0.100000 -0.000000
vn -0.000072 -0.100000 -0.000000
vn -0.082974 0.000059 0.055815
vn -0.082974 0.000059 0.055815
vn -0.082974 0.000059 0.055815
vn -0.082974 0.000059 0.055815
vn -0.000000 -0.000000 0.100000
vn -0.000000 -0.000000 0.100000
vn -0.000000 -0.000000 0.100000
vn -0.000000 -0.000000 0.100000
vn 0.082974 -0.000060 0.055814
vn 0.082974 -0.000060 0.055814
vn 0.082974 -0.000060 0.055814
vn 0.082974 -0.000060 0.055814
vn 0.000072 0.100000 0.000000
vn 0.000072 0.100000 0.000000
vn 0.000072 0.100000 0.000000
vn 0.000072 0.100000 0.000000
vn 0.000072 0.100000 0.000000
vn 0.000072 0.100000 0.000000
vn 0.000072 0.100000 0.000000
vn 0.000072 0.100000 0.000000
vn 0.000072 0.100000 0.000000
vn 0.000072 0.100000 0.000000
vn 0.000072 0.100000 0.000000
vn 0.000072 0.100000 0.000000
vn 0.000072 0.100000 0.000000
vn 0.000072 0.100000 0.000000
vn 0.000072 0.100000 0.000000
vn 0.000072 0.100000 0.000000
vn 0.000072 0.100000 0.000000
vn 0.000072 0.100000 0.000000
vn 0.000072 0.100000 0.000000
vn 0.000072 0.100000 0.000000
vn 0.000072 0.100000 0.000000
vn 0.000072 0.100000 0.000000
vn 0.000072 0.100000 0.000000
vn 0.082974 -0.000060 0.055814
vn 0.082974 -0.000060 0.055814
vn 0.082974 -0.000060 0.055814
vn 0.082974 -0.000060 0.055814
vn -0.000000 -0.000000 0.100000
vn -0.000000 -0.000000 0.100000
vn -0.000000 -0.000000 0.100000
vn -0.000000 -0.000000 0.100000
vn -0.082974 0.000059 0.055815
vn -0.082974 0.000059 0.055815
vn -0.082974 0.000059 0.055815
vn -0.082974 0.000059 0.055815
vn 0.000001 -0.000000 0.100000
vn 0.000001 -0.000000 0.100000
vn 0.000001 -0.000000 0.100000
vn 0.000001 -0.000000 0.100000
vn 0.000001 -0.000000 0.100000
vn 0.000001 -0.000000 0.100000
vn -0.000000 -0.000000 0.100000
vn -0.000000 -0.000000 0.100000
vn -0.000000 -0.000000 0.100000
vn 0.000000 -0.000000 0.100000
vn 0.000000 -0.000000 0.100000
vn 0.000000 -0.000000 0.100000
vn 0.000000 -0.000000 0.100000
vn 0.000000 -0.000000 0.100000
vn 0.000000 -0.000000 0.100000
vn -0.000000 -0.000000 0.100000
vn -0.000000 -0.000000 0.100000
vn -0.000000 -0.000000 0.100000
vn 0.000000 -0.000000 0.100000
vn 0.000000 -0.000000 0.100000
vn 0.000000 -0.000000 0.100000
vn -0.000000 -0.000000 0.100000
vn -0.000000 -0.000000 0.100000
vn -0.000000 -0.000000 0.100000
vn 0.000000 -0.000000 0.100000
vn 0.000000 -0.000000 0.100000
vn 0.000000 -0.000000 0.100000
vn -0.000000 -0.000000 0.100000
vn -0.000000 -0.000000 0.100000
vn -0.000000 -0.000000 0.100000
vn 0.000000 -0.000000 0.100000
vn 0.000000 -0.000000 0.100000
vn 0.000000 -0.000000 0.100000
vn -0.000000 -0.000000 0.100000
vn -0.000000 -0.000000 0.100000
vn -0.000000 -0.000000 0.100000
vn 0.000000 -0.000000 0.100000
vn 0.000000 -0.000000 0.100000
vn 0.000000 -0.000000 0.100000
vn -0.000000 -0.000000 0.100000
vn -0.000000 -0.000000 0.100000
vn -0.000000 -0.000000 0.100000
vn -0.000000 -0.000000 0.100000
vn 0.081915 -0.000059 0.057358
vn 0.081915 -0.000059 0.057358
vn 0.081915 -0.000059 0.057358
vn 0.081915 -0.000059 0.057358
vn -0.061647 0.053950 0.057349
vn -0.061647 0.053950 0.057349
vn -0.061647 0.053950 0.057349
vn -0.054957 0.054037 0.063716
vn -0.054957 0.054037 0.063716
vn -0.054957 0.054037 0.063716
vn -0.059665 0.056192 0.057293
vn -0.059665 0.056192 0.057293
vn -0.059665 0.056192 0.057293
vn -0.055052 0.060665 0.057350
vn -0.055052 0.060665 0.057350
vn -0.055052 0.060665 0.057350
vn -0.052996 0.060562 0.059360
vn -0.052996 0.060562 0.059360
vn -0.052996 0.060562 0.059360
vn -0.072322 0.038482 0.057347
vn -0.072322 0.038482 0.057347
vn -0.072322 0.038482 0.057347
vn -0.065385 0.039823 0.064334
vn -0.065385 0.039823 0.064334
vn -0.065385 0.039823 0.064334
vn -0.070996 0.040953 0.057293
vn -0.070996 0.040953 0.057293
vn -0.070996 0.040953 0.057293
vn -0.067430 0.046524 0.057348
vn -0.067430 0.046524 0.057348
vn -0.067430 0.046524 0.057348
vn -0.060589 0.047219 0.064026
vn -0.060589 0.047219 0.064026
vn -0.060589 0.047219 0.064026
vn -0.065773 0.048901 0.057293
vn -0.065773 0.048901 0.057293
vn -0.065773 0.048901 0.057293
vn -0.079190 0.020988 0.057344
vn -0.079190 0.020988 0.057344
vn -0.079190 0.020988 0.057344
vn -0.072253 0.023714 0.064940
vn -0.072253 0.023714 0.064940
vn -0.072253 0.023714 0.064940
vn -0.078515 0.023515 0.057293
vn -0.078515 0.023515 0.057293
vn -0.078515 0.023515 0.057293
vn -0.076259 0.029933 0.057346
vn -0.076259 0.029933 0.057346
vn -0.076259 0.029933 0.057346
vn -0.069288 0.031953 0.064639
vn -0.069288 0.031953 0.064639
vn -0.069288 0.031953 0.064639
vn -0.075262 0.032452 0.057293
vn -0.075262 0.032452 0.057293
vn -0.075262 0.032452 0.057293
vn -0.081892 0.002389 0.057342
vn -0.081892 0.002389 0.057342
vn -0.081892 0.002389 0.057342
vn -0.075247 0.006580 0.065533
vn -0.075247 0.006580 0.065533
vn -0.075247 0.006580 0.065533
vn -0.081819 0.004814 0.057292
vn -0.081819 0.004814 0.057292
vn -0.081819 0.004814 0.057292
vn -0.081076 0.011766 0.057343
vn -0.081076 0.011766 0.057343
vn -0.081076 0.011766 0.057343
vn -0.074245 0.015219 0.065238
vn -0.074245 0.015219 0.065238
vn -0.074245 0.015219 0.065238
vn -0.080711 0.014260 0.057293
vn -0.080711 0.014260 0.057293
vn -0.080711 0.014260 0.057293
vn -0.081895 -0.002272 0.057342
vn -0.081895 -0.002272 0.057342
vn -0.081895 -0.002272 0.057342
vn -0.078501 -0.004506 0.061784
vn -0.078501 -0.004506 0.061784
vn -0.078501 -0.004506 0.061784
vn -0.081626 -0.007020 0.057340
vn -0.081626 -0.007020 0.057340
vn -0.081626 -0.007020 0.057340
vn -0.081093 -0.011650 0.057343
vn -0.081093 -0.011650 0.057343
vn -0.081093 -0.011650 0.057343
vn -0.077461 -0.013572 0.061771
vn -0.077461 -0.013572 0.061771
vn -0.077461 -0.013572 0.061771
vn -0.080283 -0.016337 0.057339
vn -0.080283 -0.016337 0.057339
vn -0.080283 -0.016337 0.057339
vn -0.079220 -0.020875 0.057344
vn -0.079220 -0.020875 0.057344
vn -0.079220 -0.020875 0.057344
vn -0.075387 -0.022460 0.061744
vn -0.075387 -0.022460 0.061744
vn -0.075387 -0.022460 0.061744
vn -0.077880 -0.025438 0.057338
vn -0.077880 -0.025438 0.057338
vn -0.077880 -0.025438 0.057338
vn -0.076302 -0.029824 0.057346
vn -0.076302 -0.029824 0.057346
vn -0.076302 -0.029824 0.057346
vn -0.072306 -0.031055 0.061705
vn -0.072306 -0.031055 0.061705
vn -0.072306 -0.031055 0.061705
vn -0.074449 -0.034203 0.057337
vn -0.074449 -0.034203 0.057337
vn -0.074449 -0.034203 0.057337
vn -0.072377 -0.038379 0.057347
vn -0.072377 -0.038379 0.057347
vn -0.072377 -0.038379 0.057347
vn -0.068258 -0.039243 0.061651
vn -0.068258 -0.039243 0.061651
vn -0.068258 -0.039243 0.061651
vn -0.070035 -0.042518 0.057335
vn -0.070035 -0.042518 0.057335
vn -0.070035 -0.042518 0.057335
vn -0.067496 -0.046427 0.057348
vn -0.067496 -0.046427 0.057348
vn -0.067496 -0.046427 0.057348
vn -0.063294 -0.046918 0.061584
vn -0.063294 -0.046918 0.061584
vn -0.063294 -0.046918 0.061584
vn -0.064697 -0.050271 0.057334
vn -0.064697 -0.050271 0.057334
vn -0.064697 -0.050271 0.057334
vn -0.061725 -0.053862 0.057349
vn -0.061725 -0.053862 0.057349
vn -0.061725 -0.053862 0.057349
vn -0.057478 -0.053977 0.061504
vn -0.057478 -0.053977 0.061504
vn -0.057478 -0.053977 0.061504
vn -0.058504 -0.057361 0.057332
vn -0.058504 -0.057361 0.057332
vn -0.058504 -0.057361 0.057332
vn -0.054045 -0.061583 0.057329
vn -0.054045 -0.061583 0.057329
vn -0.054045 -0.061583 0.057329
vn -0.053315 -0.058582 0.061039
vn -0.053315 -0.058582 0.061039
vn -0.053315 -0.058582 0.061039
vn -0.052424 0.064251 0.055888
vn -0.052424 0.064251 0.055888
vn -0.052424 0.064251 0.055888
vn -0.052517 -0.064176 0.055888
vn -0.052517 -0.064176 0.055888
vn -0.052517 -0.064176 0.055888
vn 0.000001 0.000001 0.100000
vn 0.000001 0.000001 0.100000
vn 0.000001 0.000001 0.100000
vn 0.000000 -0.000000 0.100000
vn 0.000000 -0.000000 0.100000
vn 0.000000 -0.000000 0.100000
vn 0.000000 0.000000 0.100000
vn 0.000000 0.000000 0.100000
vn 0.000000 0.000000 0.100000
vn 0.000000 -0.000000 0.100000
vn 0.000000 -0.000000 0.100000
vn 0.000000 -0.000000 0.100000
vn 0.000000 -0.000000 0.100000
vn 0.000000 -0.000000 0.100000
vn 0.000000 -0.000000 0.100000
vn -0.000000 -0.000000 0.100000
vn -0.000000 -0.000000 0.100000
vn -0.000000 -0.000000 0.100000
vn -0.000000 -0.000000 0.100000
vn -0.000000 -0.000000 0.100000
vn -0.000000 -0.000000 0.100000
vn -0.000000 -0.000000 0.100000
vn -0.000000 -0.000000 0.100000
vn -0.000000 -0.000000 0.100000
vn -0.000000 -0.000000 0.100000
vn -0.000000 -0.000000 0.100000
vn -0.000000 -0.000000 0.100000
vn -0.000000 -0.000000 0.100000
vn -0.000000 -0.000000 0.100000
vn -0.000000 -0.000000 0.100000
vn 0.000000 -0.000000 0.100000
vn 0.000000 -0.000000 0.100000
vn 0.000000 -0.000000 0.100000
vn -0.000000 -0.000000 0.100000
vn -0.000000 -0.000000 0.100000
vn -0.000000 -0.000000 0.100000
vn 0.000000 -0.000000 0.100000
vn 0.000000 -0.000000 0.100000
vn 0.000000 -0.000000 0.100000
vn -0.000000 -0.000000 0.100000
vn -0.000000 -0.000000 0.100000
vn -0.000000 -0.000000 0.100000
vn -0.000000 -0.000000 0.100000
vn -0.081915 0.000059 0.057357
vn -0.081915 0.000059 0.057357
vn -0.081915 0.000059 0.057357
vn -0.081915 0.000059 0.057357
vn 0.061648 -0.053951 0.057349
vn 0.061648 -0.053951 0.057349
vn 0.061648 -0.053951 0.057349
vn 0.054957 -0.054038 0.063716
vn 0.054957 -0.054038 0.063716
vn 0.054957 -0.054038 0.063716
vn 0.059666 -0.056192 0.057293
vn 0.059666 -0.056192 0.057293
vn 0.059666 -0.056192 0.057293
vn 0.055052 -0.060665 0.057350
vn 0.055052 -0.060665 0.057350
vn 0.055052 -0.060665 0.057350
vn 0.052996 -0.060563 0.059360
vn 0.052996 -0.060563 0.059360
vn 0.052996 -0.060563 0.059360
vn 0.072322 -0.038482 0.057347
vn 0.072322 -0.038482 0.057347
vn 0.072322 -0.038482 0.057347
vn 0.065385 -0.039823 0.064334
vn 0.065385 -0.039823 0.064334
vn 0.065385 -0.039823 0.064334
vn 0.070996 -0.040953 0.057293
vn 0.070996 -0.040953 0.057293
vn 0.070996 -0.040953 0.057293
vn 0.067430 -0.046524 0.057348
vn 0.067430 -0.046524 0.057348
vn 0.067430 -0.046524 0.057348
vn 0.060589 -0.047219 0.064026
vn 0.060589 -0.047219 0.064026
vn 0.060589 -0.047219 0.064026
vn 0.065773 -0.048902 0.057293
vn 0.065773 -0.048902 0.057293
vn 0.065773 -0.048902 0.057293
vn 0.079190 -0.020988 0.057344
vn 0.079190 -0.020988 0.057344
vn 0.079190 -0.020988 0.057344
vn 0.072253 -0.023715 0.064940
vn 0.072253 -0.023715 0.064940
vn 0.072253 -0.023715 0.064940
vn 0.078515 -0.023515 0.057293
vn 0.078515 -0.023515 0.057293
vn 0.078515 -0.023515 0.057293
vn 0.076259 -0.029933 0.057345
vn 0.076259 -0.029933 0.057345
vn 0.076259 -0.029933 0.057345
vn 0.069289 -0.031953 0.064638
vn 0.069289 -0.031953 0.064638
vn 0.069289 -0.031953 0.064638
vn 0.075262 -0.032452 0.057293
vn 0.075262 -0.032452 0.057293
vn 0.075262 -0.032452 0.057293
vn 0.081891 -0.002389 0.057342
vn 0.081891 -0.002389 0.057342
vn 0.081891 -0.002389 0.057342
vn 0.075247 -0.006580 0.065533
vn 0.075247 -0.006580 0.065533
vn 0.075247 -0.006580 0.065533
vn 0.081819 -0.004814 0.057292
vn 0.081819 -0.004814 0.057292
vn 0.081819 -0.004814 0.057292
vn 0.081076 -0.011767 0.057343
vn 0.081076 -0.011767 0.057343
vn 0.081076 -0.011767 0.057343
vn 0.074246 -0.015219 0.065238
vn 0.074246 -0.015219 0.065238
vn 0.074246 -0.015219 0.065238
vn 0.080711 -0.014261 0.057293
vn 0.080711 -0.014261 0.057293
vn 0.080711 -0.014261 0.057293
vn 0.081895 0.002272 0.057342
vn 0.081895 0.002272 0.057342
vn 0.081895 0.002272 0.057342
vn 0.078501 0.004506 0.061784
vn 0.078501 0.004506 0.061784
vn 0.078501 0.004506 0.061784
vn 0.081626 0.007020 0.057340
vn 0.081626 0.007020 0.057340
vn 0.081626 0.007020 0.057340
vn 0.081093 0.011650 0.057343
vn 0.081093 0.011650 0.057343
vn 0.081093 0.011650 0.057343
vn 0.077461 0.013572 0.061771
vn 0.077461 0.013572 0.061771
vn 0.077461 0.013572 0.061771
vn 0.080283 0.016336 0.057339
vn 0.080283 0.016336 0.057339
vn 0.080283 0.016336 0.057339
vn 0.079220 0.020875 0.057344
vn 0.079220 0.020875 0.057344
vn 0.079220 0.020875 0.057344
vn 0.075387 0.022460 0.061744
vn 0.075387 0.022460 0.061744
vn 0.075387 0.022460 0.061744
vn 0.077880 0.025438 0.057338
vn 0.077880 0.025438 0.057338
vn 0.077880 0.025438 0.057338
vn 0.076302 0.029824 0.057346
vn 0.076302 0.029824 0.057346
vn 0.076302 0.029824 0.057346
vn 0.072306 0.031055 0.061704
vn 0.072306 0.031055 0.061704
vn 0.072306 0.031055 0.061704
vn 0.074449 0.034203 0.057337
vn 0.074449 0.034203 0.057337
vn 0.074449 0.034203 0.057337
vn 0.072377 0.038379 0.057347
vn 0.072377 0.038379 0.057347
vn 0.072377 0.038379 0.057347
vn 0.068258 0.039243 0.061651
vn 0.068258 0.039243 0.061651
vn 0.068258 0.039243 0.061651
vn 0.070035 0.042518 0.057335
vn 0.070035 0.042518 0.057335
vn 0.070035 0.042518 0.057335
vn 0.067496 0.046427 0.057348
vn 0.067496 0.046427 0.057348
vn 0.067496 0.046427 0.057348
vn 0.063294 0.046917 0.061584
vn 0.063294 0.046917 0.061584
vn 0.063294 0.046917 0.061584
vn 0.064697 0.050271 0.057334
vn 0.064697 0.050271 0.057334
vn 0.064697 0.050271 0.057334
vn 0.061725 0.053862 0.057349
vn 0.061725 0.053862 0.057349
vn 0.061725 0.053862 0.057349
vn 0.057478 0.053977 0.061504
vn 0.057478 0.053977 0.061504
vn 0.057478 0.053977 0.061504
vn 0.058504 0.057361 0.057332
vn 0.058504 0.057361 0.057332
vn 0.058504 0.057361 0.057332
vn 0.054045 0.061583 0.057329
vn 0.054045 0.061583 0.057329
vn 0.054045 0.061583 0.057329
vn 0.053315 0.058581 0.061039
vn 0.053315 0.058581 0.061039
vn 0.053315 0.058581 0.061039
vn 0.052424 -0.064251 0.055888
vn 0.052424 -0.064251 0.055888
vn 0.052424 -0.064251 0.055888
vn 0.052516 0.064176 0.055888
vn 0.052516 0.064176 0.055888
vn 0.052516 0.064176 0.055888
vn 0.081915 -0.000059 -0.057358
vn 0.081915 -0.000059 -0.057358
vn 0.081915 -0.000059 -0.057358
vn 0.081915 -0.000059 -0.057358
vn 0.070711 -0.000051 -0.070710
vn 0.070711 -0.000051 -0.070710
vn 0.070711 -0.000051 -0.070710
vn 0.070711 -0.000051 -0.070710
vn 0.057358 -0.000041 -0.081915
vn 0.057358 -0.000041 -0.081915
vn 0.057358 -0.000041 -0.081915
vn 0.057358 -0.000041 -0.081915
vn 0.042262 -0.000030 -0.090631
vn 0.042262 -0.000030 -0.090631
vn 0.042262 -0.000030 -0.090631
vn 0.042262 -0.000030 -0.090631
vn 0.025882 -0.000018 -0.096593
vn 0.025882 -0.000018 -0.096593
vn 0.025882 -0.000018 -0.096593
vn 0.025882 -0.000018 -0.096593
vn 0.008716 -0.000006 -0.099619
vn 0.008716 -0.000006 -0.099619
vn 0.008716 -0.000006 -0.099619
vn 0.008716 -0.000006 -0.099619
vn -0.008716 0.000006 -0.099619
vn -0.008716 0.000006 -0.099619
vn -0.008716 0.000006 -0.099619
vn -0.008716 0.000006 -0.099619
vn -0.025882 0.000019 -0.096593
vn -0.025882 0.000019 -0.096593
vn -0.025882 0.000019 -0.096593
vn -0.025882 0.000019 -0.096593
vn -0.042262 0.000030 -0.090631
vn -0.042262 0.000030 -0.090631
vn -0.042262 0.000030 -0.090631
vn -0.042262 0.000030 -0.090631
vn -0.057358 0.000041 -0.081915
vn -0.057358 0.000041 -0.081915
vn -0.057358 0.000041 -0.081915
vn -0.057358 0.000041 -0.081915
vn -0.070711 0.000051 -0.070711
vn -0.070711 0.000051 -0.070711
vn -0.070711 0.000051 -0.070711
vn -0.070711 0.000051 -0.070711
vn -0.081915 0.000059 -0.057358
vn -0.081915 0.000059 -0.057358
vn -0.081915 0.000059 -0.057358
vn -0.081915 0.000059 -0.057358
vn -0.090631 0.000065 -0.042262
vn -0.090631 0.000065 -0.042262
vn -0.090631 0.000065 -0.042262
vn -0.090631 0.000065 -0.042262
vn -0.096592 0.000069 -0.025882
vn -0.096592 0.000069 -0.025882
vn -0.096592 0.000069 -0.025882
vn -0.096592 0.000069 -0.025882
vn -0.099619 0.000071 -0.008715
vn -0.099619 0.000071 -0.008715
vn -0.099619 0.000071 -0.008715
vn -0.099619 0.000071 -0.008715
vn -0.099619 0.000071 0.008715
vn -0.099619 0.000071 0.008715
vn -0.099619 0.000071 0.008715
vn -0.099619 0.000071 0.008715
vn -0.096593 0.000069 0.025882
vn -0.096593 0.000069 0.025882
vn -0.096593 0.000069 0.025882
vn -0.096593 0.000069 0.025882
vn -0.090631 0.000065 0.042262
vn -0.090631 0.000065 0.042262
vn -0.090631 0.000065 0.042262
vn -0.090631 0.000065 0.042262
vn -0.081915 0.000059 0.057357
vn -0.081915 0.000059 0.057357
vn -0.081915 0.000059 0.057357
vn -0.081915 0.000059 0.057357
vn -0.070711 0.000051 0.070711
vn -0.070711 0.000051 0.070711
vn -0.070711 0.000051 0.070711
vn -0.070711 0.000051 0.070711
vn -0.057358 0.000041 0.081915
vn -0.057358 0.000041 0.081915
vn -0.057358 0.000041 0.081915
vn -0.057358 0.000041 0.081915
vn -0.042262 0.000030 0.090631
vn -0.042262 0.000030 0.090631
vn -0.042262 0.000030 0.090631
vn -0.042262 0.000030 0.090631
vn -0.025882 0.000018 0.096593
vn -0.025882 0.000018 0.096593
vn -0.025882 0.000018 0.096593
vn -0.025882 0.000018 0.096593
vn -0.008716 0.000006 0.099619
vn -0.008716 0.000006 0.099619
vn -0.008716 0.000006 0.099619
vn -0.008716 0.000006 0.099619
vn 0.008716 -0.000006 0.099619
vn 0.008716 -0.000006 0.099619
vn 0.008716 -0.000006 0.099619
vn 0.008716 -0.000006 0.099619
vn 0.025882 -0.000019 0.096593
vn 0.025882 -0.000019 0.096593
vn 0.025882 -0.000019 0.096593
vn 0.025882 -0.000019 0.096593
vn 0.042262 -0.000030 0.090631
vn 0.042262 -0.000030 0.090631
vn 0.042262 -0.000030 0.090631
vn 0.042262 -0.000030 0.090631
vn 0.057358 -0.000041 0.081915
vn 0.057358 -0.000041 0.081915
vn 0.057358 -0.000041 0.081915
vn 0.057358 -0.000041 0.081915
vn 0.070711 -0.000051 0.070711
vn 0.070711 -0.000051 0.070711
vn 0.070711 -0.000051 0.070711
vn 0.070711 -0.000051 0.070711
vn 0.081915 -0.000059 0.057358
vn 0.081915 -0.000059 0.057358
vn 0.081915 -0.000059 0.057358
vn 0.081915 -0.000059 0.057358
vn 0.090631 -0.000065 0.042262
vn 0.090631 -0.000065 0.042262
vn 0.090631 -0.000065 0.042262
vn 0.090631 -0.000065 0.042262
vn 0.096593 -0.000069 0.025882
vn 0.096593 -0.000069 0.025882
vn 0.096593 -0.000069 0.025882
vn 0.096593 -0.000069 0.025882
vn 0.099619 -0.000071 0.008715
vn 0.099619 -0.000071 0.008715
vn 0.099619 -0.000071 0.008715
vn 0.099619 -0.000071 0.008715
vn 0.099619 -0.000071 -0.008715
vn 0.099619 -0.000071 -0.008715
vn 0.099619 -0.000071 -0.008715
vn 0.099619 -0.000071 -0.008715
vn 0.096592 -0.000069 -0.025882
vn 0.096592 -0.000069 -0.025882
vn 0.096592 -0.000069 -0.025882
vn 0.096592 -0.000069 -0.025882
vn 0.090631 -0.000065 -0.042262
vn 0.090631 -0.000065 -0.042262
vn 0.090631 -0.000065 -0.042262
vn 0.090631 -0.000065 -0.042262
vn -0.000072 -0.100000 -0.000000
vn -0.000072 -0.100000 -0.000000
vn -0.000072 -0.100000 -0.000000
vn -0.000072 -0.100000 -0.000000
vn -0.000072 -0.100000 -0.000000
vn -0.000072 -0.100000 -0.000000
vn -0.000072 -0.100000 -0.000000
vn -0.000072 -0.100000 -0.000000
vn -0.000072 -0.100000 -0.000000
vn -0.000072 -0.100000 -0.000000
vn -0.000072 -0.100000 -0.000000
vn -0.000072 -0.100000 -0.000000
vn -0.000072 -0.100000 -0.000000
vn -0.000072 -0.100000 -0.000000
vn -0.000072 -0.100000 -0.000000
vn -0.000072 -0.100000 -0.000000
vn -0.000072 -0.100000 -0.000000
vn -0.000072 -0.100000 -0.000000
vn -0.000072 -0.100000 -0.000000
vn -0.000072 -0.100000 -0.000000
vn -0.000072 -0.100000 -0.000000
vn -0.000072 -0.100000 -0.000000
vn -0.000072 -0.100000 -0.000000
vn -0.000072 -0.100000 -0.000000
vn -0.000072 -0.100000 -0.000000
vn -0.000072 -0.100000 -0.000000
vn -0.000072 -0.100000 -0.000000
vn -0.000072 -0.100000 -0.000000
vn -0.000072 -0.100000 -0.000000
vn -0.000072 -0.100000 -0.000000
vn -0.000072 -0.100000 -0.000000
vn -0.000072 -0.100000 -0.000000
vn -0.000072 -0.100000 -0.000000
vn -0.000072 -0.100000 -0.000000
vn -0.000072 -0.100000 -0.000000
vn -0.000072 -0.100000 -0.000000
vn -0.000072 -0.100000 -0.000000
vn -0.000072 -0.100000 -0.000000
vn -0.000072 -0.100000 -0.000000
vn -0.000072 -0.100000 -0.000000
vn -0.000072 -0.100000 -0.000000
vn -0.000072 -0.100000 -0.000000
vn -0.000072 -0.100000 -0.000000
vn -0.000072 -0.100000 -0.000000
vn -0.000072 -0.100000 -0.000000
vn -0.000072 -0.100000 -0.000000
vn -0.000072 -0.100000 -0.000000
vn -0.000072 -0.100000 -0.000000
vn -0.000072 -0.100000 -0.000000
vn -0.000072 -0.100000 -0.000000
vn -0.000072 -0.100000 -0.000000
vn -0.000072 -0.100000 -0.000000
vn -0.000072 -0.100000 -0.000000
vn -0.000072 -0.100000 -0.000000
vn -0.000072 -0.100000 -0.000000
vn -0.000072 -0.100000 -0.000000
vn -0.000072 -0.100000 -0.000000
vn -0.000072 -0.100000 -0.000000
vn -0.000072 -0.100000 -0.000000
vn -0.000072 -0.100000 -0.000000
vn -0.000072 -0.100000 -0.000000
vn -0.000072 -0.100000 -0.000000
vn -0.000072 -0.100000 -0.000000
vn -0.000072 -0.100000 -0.000000
vn -0.000072 -0.100000 -0.000000
vn -0.000072 -0.100000 -0.000000
vn -0.000072 -0.100000 -0.000000
vn -0.000072 -0.100000 -0.000000
vn -0.000072 -0.100000 -0.000000
vn -0.000072 -0.100000 -0.000000
vn -0.000072 -0.100000 -0.000000
vn -0.000072 -0.100000 -0.000000
vn -0.090631 0.000065 0.042262
vn -0.090631 0.000065 0.042262
vn -0.090631 0.000065 0.042262
vn -0.090631 0.000065 0.042262
vn -0.096593 0.000069 0.025882
vn -0.096593 0.000069 0.025882
vn -0.096593 0.000069 0.025882
vn -0.096593 0.000069 0.025882
vn -0.099619 0.000071 0.008715
vn -0.099619 0.000071 0.008715
vn -0.099619 0.000071 0.008715
vn -0.099619 0.000071 0.008715
vn -0.099619 0.000071 -0.008715
vn -0.099619 0.000071 -0.008715
vn -0.099619 0.000071 -0.008715
vn -0.099619 0.000071 -0.008715
vn -0.096592 0.000069 -0.025882
vn -0.096592 0.000069 -0.025882
vn -0.096592 0.000069 -0.025882
vn -0.096592 0.000069 -0.025882
vn -0.090631 0.000065 -0.042262
vn -0.090631 0.000065 -0.042262
vn -0.090631 0.000065 -0.042262
vn -0.090631 0.000065 -0.042262
vn -0.081915 0.000059 -0.057358
vn -0.081915 0.000059 -0.057358
vn -0.081915 0.000059 -0.057358
vn -0.081915 0.000059 -0.057358
vn -0.070711 0.000051 -0.070711
vn -0.070711 0.000051 -0.070711
vn -0.070711 0.000051 -0.070711
vn -0.070711 0.000051 -0.070711
vn -0.057358 0.000041 -0.081915
vn -0.057358 0.000041 -0.081915
vn -0.057358 0.000041 -0.081915
vn -0.057358 0.000041 -0.081915
vn -0.042262 0.000030 -0.090631
vn -0.042262 0.000030 -0.090631
vn -0.042262 0.000030 -0.090631
vn -0.042262 0.000030 -0.090631
vn -0.025882 0.000019 -0.096593
vn -0.025882 0.000019 -0.096593
vn -0.025882 0.000019 -0.096593
vn -0.025882 0.000019 -0.096593
vn -0.008716 0.000006 -0.099619
vn -0.008716 0.000006 -0.099619
vn -0.008716 0.000006 -0.099619
vn -0.008716 0.000006 -0.099619
vn 0.008716 -0.000006 -0.099619
vn 0.008716 -0.000006 -0.099619
vn 0.008716 -0.000006 -0.099619
vn 0.008716 -0.000006 -0.099619
vn 0.025882 -0.000018 -0.096593
vn 0.025882 -0.000018 -0.096593
vn 0.025882 -0.000018 -0.096593
vn 0.025882 -0.000018 -0.096593
vn 0.042262 -0.000030 -0.090631
vn 0.042262 -0.000030 -0.090631
vn 0.042262 -0.000030 -0.090631
vn 0.042262 -0.000030 -0.090631
vn 0.057358 -0.000041 -0.081915
vn 0.057358 -0.000041 -0.081915
vn 0.057358 -0.000041 -0.081915
vn 0.057358 -0.000041 -0.081915
vn 0.070711 -0.000051 -0.070710
vn 0.070711 -0.000051 -0.070710
vn 0.070711 -0.000051 -0.070710
vn 0.070711 -0.000051 -0.070710
vn 0.081915 -0.000059 -0.057358
vn 0.081915 -0.000059 -0.057358
vn 0.081915 -0.000059 -0.057358
vn 0.081915 -0.000059 -0.057358
vn 0.090631 -0.000065 -0.042262
vn 0.090631 -0.000065 -0.042262
vn 0.090631 -0.000065 -0.042262
vn 0.090631 -0.000065 -0.042262
vn 0.096592 -0.000069 -0.025882
vn 0.096592 -0.000069 -0.025882
vn 0.096592 -0.000069 -0.025882
vn 0.096592 -0.000069 -0.025882
vn 0.099619 -0.000071 -0.008715
vn 0.099619 -0.000071 -0.008715
vn 0.099619 -0.000071 -0.008715
vn 0.099619 -0.000071 -0.008715
vn 0.099619 -0.000071 0.008715
vn 0.099619 -0.000071 0.008715
vn 0.099619 -0.000071 0.008715
vn 0.099619 -0.000071 0.008715
vn 0.096593 -0.000069 0.025882
vn 0.096593 -0.000069 0.025882
vn 0.096593 -0.000069 0.025882
vn 0.096593 -0.000069 0.025882
vn 0.090631 -0.000065 0.042262
vn 0.090631 -0.000065 0.042262
vn 0.090631 -0.000065 0.042262
vn 0.090631 -0.000065 0.042262
vn 0.081915 -0.000059 0.057358
vn 0.081915 -0.000059 0.057358
vn 0.081915 -0.000059 0.057358
vn 0.081915 -0.000059 0.057358
vn 0.070711 -0.000051 0.070711
vn 0.070711 -0.000051 0.070711
vn 0.070711 -0.000051 0.070711
vn 0.070711 -0.000051 0.070711
vn 0.057358 -0.000041 0.081915
vn 0.057358 -0.000041 0.081915
vn 0.057358 -0.000041 0.081915
vn 0.057358 -0.000041 0.081915
vn 0.042262 -0.000030 0.090631
vn 0.042262 -0.000030 0.090631
vn 0.042262 -0.000030 0.090631
vn 0.042262 -0.000030 0.090631
vn 0.025882 -0.000019 0.096593
vn 0.025882 -0.000019 0.096593
vn 0.025882 -0.000019 0.096593
vn 0.025882 -0.000019 0.096593
vn 0.008716 -0.000006 0.099619
vn 0.008716 -0.000006 0.099619
vn 0.008716 -0.000006 0.099619
vn 0.008716 -0.000006 0.099619
vn -0.008716 0.000006 0.099619
vn -0.008716 0.000006 0.099619
vn -0.008716 0.000006 0.099619
vn -0.008716 0.000006 0.099619
vn -0.025882 0.000018 0.096593
vn -0.025882 0.000018 0.096593
vn -0.025882 0.000018 0.096593
vn -0.025882 0.000018 0.096593
vn -0.042262 0.000030 0.090631
vn -0.042262 0.000030 0.090631
vn -0.042262 0.000030 0.090631
vn -0.042262 0.000030 0.090631
vn -0.057358 0.000041 0.081915
vn -0.057358 0.000041 0.081915
vn -0.057358 0.000041 0.081915
vn -0.057358 0.000041 0.081915
vn -0.070711 0.000051 0.070711
vn -0.070711 0.000051 0.070711
vn -0.070711 0.000051 0.070711
vn -0.070711 0.000051 0.070711
vn -0.081915 0.000059 0.057357
vn -0.081915 0.000059 0.057357
vn -0.081915 0.000059 0.057357
vn -0.081915 0.000059 0.057357
vn 0.000072 0.100000 0.000000
vn 0.000072 0.100000 0.000000
vn 0.000072 0.100000 0.000000
vn 0.000072 0.100000 0.000000
vn 0.000072 0.100000 0.000000
vn 0.000072 0.100000 0.000000
vn 0.000072 0.100000 0.000000
vn 0.000072 0.100000 0.000000
vn 0.000072 0.100000 0.000000
vn 0.000072 0.100000 0.000000
vn 0.000072 0.100000 0.000000
vn 0.000072 0.100000 0.000000
vn 0.000072 0.100000 0.000000
vn 0.000072 0.100000 0.000000
vn 0.000072 0.100000 0.000000
vn 0.000072 0.100000 0.000000
vn 0.000072 0.100000 0.000000
vn 0.000072 0.100000 0.000000
vn 0.000072 0.100000 0.000000
vn 0.000072 0.100000 0.000000
vn 0.000072 0.100000 0.000000
vn 0.000072 0.100000 0.000000
vn 0.000072 0.100000 0.000000
vn 0.000072 0.100000 0.000000
vn 0.000072 0.100000 0.000000
vn 0.000072 0.100000 0.000000
vn 0.000072 0.100000 0.000000
vn 0.000072 0.100000 0.000000
vn 0.000072 0.100000 0.000000
vn 0.000072 0.100000 0.000000
vn 0.000072 0.100000 0.000000
vn 0.000072 0.100000 0.000000
vn 0.000072 0.100000 0.000000
vn 0.000072 0.100000 0.000000
vn 0.000072 0.100000 0.000000
vn 0.000072 0.100000 0.000000
vn 0.000072 0.100000 0.000000
vn 0.000072 0.100000 0.000000
vn 0.000072 0.100000 0.000000
vn 0.000072 0.100000 0.000000
vn 0.000072 0.100000 0.000000
vn 0.000072 0.100000 0.000000
vn 0.000072 0.100000 0.000000
vn 0.000072 0.100000 0.000000
vn 0.000072 0.100000 0.000000
vn 0.000072 0.100000 0.000000
vn 0.000072 0.100000 0.000000
vn 0.000072 0.100000 0.000000
vn 0.000072 0.100000 0.000000
vn 0.000072 0.100000 0.000000
vn 0.000072 0.100000 0.000000
vn 0.000072 0.100000 0.000000
vn 0.000072 0.100000 0.000000
vn 0.000072 0.100000 0.000000
vn 0.000072 0.100000 0.000000
vn 0.000072 0.100000 0.000000
vn 0.000072 0.100000 0.000000
vn 0.000072 0.100000 0.000000
vn 0.000072 0.100000 0.000000
vn 0.000072 0.100000 0.000000
vn 0.000072 0.100000 0.000000
vn 0.000072 0.100000 0.000000
vn 0.000072 0.100000 0.000000
vn 0.000072 0.100000 0.000000
vn 0.000072 0.100000 0.000000
vn 0.000072 0.100000 0.000000
vn 0.000072 0.100000 0.000000
vn 0.000072 0.100000 0.000000
vn 0.000072 0.100000 0.000000
vn 0.000072 0.100000 0.000000
vn 0.000072 0.100000 0.000000
vn 0.000072 0.100000 0.000000
vn 0.070748 0.052271 0.047565
vn 0.070748 0.052271 0.047565
vn 0.070748 0.052271 0.047565
vn 0.070748 0.052271 0.047565
vn 0.070748 0.052271 0.047565
vn 0.070748 0.052271 0.047565
vn 0.070711 -0.000051 0.070711
vn 0.070711 -0.000051 0.070711
vn 0.070711 -0.000051 0.070711
vn 0.070711 -0.000051 0.070711
vn 0.070673 -0.052372 0.047565
vn 0.070673 -0.052372 0.047565
vn 0.070673 -0.052372 0.047565
vn 0.070673 -0.052373 0.047565
vn 0.070673 -0.052373 0.047565
vn 0.070673 -0.052373 0.047565
vn -0.070673 0.052372 0.047565
vn -0.070673 0.052372 0.047565
vn -0.070673 0.052372 0.047565
vn -0.070673 0.052373 0.047566
vn -0.070673 0.052373 0.047566
vn -0.070673 0.052373 0.047566
vn -0.070710 0.000051 0.070711
vn -0.070710 0.000051 0.070711
vn -0.070710 0.000051 0.070711
vn -0.070710 0.000051 0.070711
vn -0.070748 -0.052271 0.047565
vn -0.070748 -0.052271 0.047565
vn -0.070748 -0.052271 0.047565
vn -0.070748 -0.052271 0.047565
vn -0.070748 -0.052271 0.047565
vn -0.070748 -0.052271 0.047565
vn -0.000000 -0.000000 0.100000
vn -0.000000 -0.000000 0.100000
vn -0.000000 -0.000000 0.100000
vn -0.000000 -0.000000 0.100000
vn -0.000000 -0.000000 0.100000
vn -0.000000 -0.000000 0.100000
vn -0.000000 -0.000000 0.100000
vn -0.000000 -0.000000 0.100000
vn 0.000072 0.100000 0.000000
vn 0.000072 0.100000 0.000000
vn 0.000072 0.100000 0.000000
vn 0.000072 0.100000 0.000000
vn 0.000072 0.100000 0.000000
vn 0.000072 0.100000 0.000000
vn -0.100000 0.000072 0.000000
vn -0.100000 0.000072 0.000000
vn -0.100000 0.000072 0.000000
vn -0.000072 -0.100000 -0.000000
vn -0.000072 -0.100000 -0.000000
vn -0.000072 -0.100000 -0.000000
vn -0.000072 -0.100000 -0.000000
vn -0.000072 -0.100000 -0.000000
vn -0.000072 -0.100000 -0.000000
vn 0.100000 -0.000072 0.000000
vn 0.100000 -0.000072 0.000000
vn 0.100000 -0.000072 0.000000
vn -0.070656 0.003882 0.070659
vn -0.070656 0.003882 0.070659
vn -0.070656 0.003882 0.070659
vn -0.070662 -0.003780 0.070659
vn -0.070662 -0.003780 0.070659
vn -0.070662 -0.003780 0.070659
vn -0.070661 -0.003780 0.070659
vn -0.070661 -0.003780 0.070659
vn -0.070661 -0.003780 0.070659
vn -0.069839 -0.011398 0.070659
vn -0.069839 -0.011398 0.070659
vn -0.069839 -0.011398 0.070659
vn -0.069839 -0.011398 0.070659
vn -0.069839 -0.011398 0.070659
vn -0.069839 -0.011398 0.070659
vn -0.068197 -0.018882 0.070659
vn -0.068197 -0.018882 0.070659
vn -0.068197 -0.018882 0.070659
vn -0.068197 -0.018882 0.070659
vn -0.068197 -0.018882 0.070659
vn -0.068197 -0.018882 0.070659
vn -0.065755 -0.026145 0.070659
vn -0.065755 -0.026145 0.070659
vn -0.065755 -0.026145 0.070659
vn -0.065756 -0.026145 0.070659
vn -0.065756 -0.026145 0.070659
vn -0.065756 -0.026145 0.070659
vn -0.062543 -0.033101 0.070659
vn -0.062543 -0.033101 0.070659
vn -0.062543 -0.033101 0.070659
vn -0.062543 -0.033101 0.070659
vn -0.062543 -0.033101 0.070659
vn -0.062543 -0.033101 0.070659
vn -0.058598 -0.039669 0.070659
vn -0.058598 -0.039669 0.070659
vn -0.058598 -0.039669 0.070659
vn -0.058598 -0.039669 0.070659
vn -0.058598 -0.039669 0.070659
vn -0.058598 -0.039669 0.070659
vn -0.053965 -0.045772 0.070659
vn -0.053965 -0.045772 0.070659
vn -0.053965 -0.045772 0.070659
vn -0.053965 -0.045772 0.070659
vn -0.053965 -0.045772 0.070659
vn -0.053965 -0.045772 0.070659
vn -0.048700 -0.051338 0.070659
vn -0.048700 -0.051338 0.070659
vn -0.048700 -0.051338 0.070659
vn -0.048700 -0.051338 0.070659
vn -0.048700 -0.051338 0.070659
vn -0.048700 -0.051338 0.070659
vn -0.042864 -0.056303 0.070659
vn -0.042864 -0.056303 0.070659
vn -0.042864 -0.056303 0.070659
vn -0.042864 -0.056303 0.070659
vn -0.042864 -0.056303 0.070659
vn -0.042864 -0.056303 0.070659
vn -0.036525 -0.060607 0.070659
vn -0.036525 -0.060607 0.070659
vn -0.036525 -0.060607 0.070659
vn -0.036525 -0.060607 0.070659
vn -0.036525 -0.060607 0.070659
vn -0.036525 -0.060607 0.070659
vn -0.029758 -0.064201 0.070659
vn -0.029758 -0.064201 0.070659
vn -0.029758 -0.064201 0.070659
vn -0.029758 -0.064201 0.070659
vn -0.029758 -0.064201 0.070659
vn -0.029758 -0.064201 0.070659
vn -0.022643 -0.067042 0.070659
vn -0.022643 -0.067042 0.070659
vn -0.022643 -0.067042 0.070659
vn -0.022643 -0.067042 0.070659
vn -0.022643 -0.067042 0.070659
vn -0.022643 -0.067042 0.070659
vn -0.015261 -0.069097 0.070659
vn -0.015261 -0.069097 0.070659
vn -0.015261 -0.069097 0.070659
vn -0.015261 -0.069097 0.070659
vn -0.015261 -0.069097 0.070659
vn -0.015261 -0.069097 0.070659
vn -0.007701 -0.070342 0.070659
vn -0.007701 -0.070342 0.070659
vn -0.007701 -0.070342 0.070659
vn -0.007701 -0.070342 0.070659
vn -0.007701 -0.070342 0.070659
vn -0.007701 -0.070342 0.070659
vn -0.000051 -0.070763 0.070659
vn -0.000051 -0.070763 0.070659
vn -0.000051 -0.070763 0.070659
vn -0.000051 -0.070763 0.070659
vn -0.000051 -0.070763 0.070659
vn -0.000051 -0.070763 0.070659
vn 0.007600 -0.070353 0.070659
vn 0.007600 -0.070353 0.070659
vn 0.007600 -0.070353 0.070659
vn 0.007600 -0.070353 0.070659
vn 0.007600 -0.070353 0.070659
vn 0.007600 -0.070353 0.070659
vn 0.015162 -0.069119 0.070659
vn 0.015162 -0.069119 0.070659
vn 0.015162 -0.069119 0.070659
vn 0.015162 -0.069119 0.070659
vn 0.015162 -0.069119 0.070659
vn 0.015162 -0.069119 0.070659
vn 0.022546 -0.067075 0.070659
vn 0.022546 -0.067075 0.070659
vn 0.022546 -0.067075 0.070659
vn 0.022546 -0.067075 0.070659
vn 0.022546 -0.067075 0.070659
vn 0.022546 -0.067075 0.070659
vn 0.029666 -0.064244 0.070659
vn 0.029666 -0.064244 0.070659
vn 0.029666 -0.064244 0.070659
vn 0.029666 -0.064244 0.070659
vn 0.029666 -0.064244 0.070659
vn 0.029666 -0.064244 0.070659
vn 0.036438 -0.060660 0.070659
vn 0.036438 -0.060660 0.070659
vn 0.036438 -0.060660 0.070659
vn 0.036438 -0.060660 0.070659
vn 0.036438 -0.060660 0.070659
vn 0.036438 -0.060660 0.070659
vn 0.042783 -0.056364 0.070659
vn 0.042783 -0.056364 0.070659
vn 0.042783 -0.056364 0.070659
vn 0.042783 -0.056364 0.070659
vn 0.042783 -0.056364 0.070659
vn 0.042783 -0.056364 0.070659
vn 0.048627 -0.051408 0.070659
vn 0.048627 -0.051408 0.070659
vn 0.048627 -0.051408 0.070659
vn 0.048627 -0.051408 0.070659
vn 0.048627 -0.051408 0.070659
vn 0.048627 -0.051408 0.070659
vn 0.053900 -0.045850 0.070659
vn 0.053900 -0.045850 0.070659
vn 0.053900 -0.045850 0.070659
vn 0.053900 -0.045849 0.070659
vn 0.053900 -0.045849 0.070659
vn 0.053900 -0.045849 0.070659
vn 0.058541 -0.039753 0.070659
vn 0.058541 -0.039753 0.070659
vn 0.058541 -0.039753 0.070659
vn 0.058541 -0.039753 0.070659
vn 0.058541 -0.039753 0.070659
vn 0.058541 -0.039753 0.070659
vn 0.062496 -0.033191 0.070659
vn 0.062496 -0.033191 0.070659
vn 0.062496 -0.033191 0.070659
vn 0.062496 -0.033191 0.070659
vn 0.062496 -0.033191 0.070659
vn 0.062496 -0.033191 0.070659
vn 0.065718 -0.026239 0.070659
vn 0.065718 -0.026239 0.070659
vn 0.065718 -0.026239 0.070659
vn 0.065718 -0.026239 0.070659
vn 0.065718 -0.026239 0.070659
vn 0.065718 -0.026239 0.070659
vn 0.068170 -0.018980 0.070659
vn 0.068170 -0.018980 0.070659
vn 0.068170 -0.018980 0.070659
vn 0.068170 -0.018980 0.070659
vn 0.068170 -0.018980 0.070659
vn 0.068170 -0.018980 0.070659
vn 0.069822 -0.011498 0.070659
vn 0.069822 -0.011498 0.070659
vn 0.069822 -0.011498 0.070659
vn 0.069822 -0.011498 0.070659
vn 0.069822 -0.011498 0.070659
vn 0.069822 -0.011498 0.070659
vn 0.070656 -0.003882 0.070659
vn 0.070656 -0.003882 0.070659
vn 0.070656 -0.003882 0.070659
vn 0.070656 -0.003882 0.070659
vn 0.070656 -0.003882 0.070659
vn 0.070656 -0.003882 0.070659
vn 0.070661 0.003780 0.070659
vn 0.070661 0.003780 0.070659
vn 0.070661 0.003780 0.070659
vn 0.070662 0.003780 0.070659
vn 0.070662 0.003780 0.070659
vn 0.070662 0.003780 0.070659
vn 0.069839 0.011398 0.070659
vn 0.069839 0.011398 0.070659
vn 0.069839 0.011398 0.070659
vn 0.069839 0.011398 0.070659
vn 0.069839 0.011398 0.070659
vn 0.069839 0.011398 0.070659
vn 0.068197 0.018882 0.070659
vn 0.068197 0.018882 0.070659
vn 0.068197 0.018882 0.070659
vn 0.068197 0.018882 0.070659
vn 0.068197 0.018882 0.070659
vn 0.068197 0.018882 0.070659
vn 0.065756 0.026145 0.070659
vn 0.065756 0.026145 0.070659
vn 0.065756 0.026145 0.070659
vn 0.065756 0.026145 0.070659
vn 0.065756 0.026145 0.070659
vn 0.065756 0.026145 0.070659
vn 0.062543 0.033101 0.070659
vn 0.062543 0.033101 0.070659
vn 0.062543 0.033101 0.070659
vn 0.062543 0.033101 0.070659
vn 0.062543 0.033101 0.070659
vn 0.062543 0.033101 0.070659
vn 0.058598 0.039669 0.070659
vn 0.058598 0.039669 0.070659
vn 0.058598 0.039669 0.070659
vn 0.058598 0.039669 0.070659
vn 0.058598 0.039669 0.070659
vn 0.058598 0.039669 0.070659
vn 0.053965 0.045772 0.070659
vn 0.053965 0.045772 0.070659
vn 0.053965 0.045772 0.070659
vn 0.053965 0.045772 0.070659
vn 0.053965 0.045772 0.070659
vn 0.053965 0.045772 0.070659
vn 0.048700 0.051338 0.070659
vn 0.048700 0.051338 0.070659
vn 0.048700 0.051338 0.070659
vn 0.048700 0.051338 0.070659
vn 0.048700 0.051338 0.070659
vn 0.048700 0.051338 0.070659
vn 0.042864 0.056303 0.070659
vn 0.042864 0.056303 0.070659
vn 0.042864 0.056303 0.070659
vn 0.042864 0.056303 0.070659
vn 0.042864 0.056303 0.070659
vn 0.042864 0.056303 0.070659
vn 0.036525 0.060607 0.070659
vn 0.036525 0.060607 0.070659
vn 0.036525 0.060607 0.070659
vn 0.036525 0.060607 0.070659
vn 0.036525 0.060607 0.070659
vn 0.036525 0.060607 0.070659
vn 0.029758 0.064201 0.070659
vn 0.029758 0.064201 0.070659
vn 0.029758 0.064201 0.070659
vn 0.029758 0.064201 0.070659
vn 0.029758 0.064201 0.070659
vn 0.029758 0.064201 0.070659
vn 0.022643 0.067042 0.070659
vn 0.022643 0.067042 0.070659
vn 0.022643 0.067042 0.070659
vn 0.022643 0.067042 0.070659
vn 0.022643 0.067042 0.070659
vn 0.022643 0.067042 0.070659
vn 0.015262 0.069097 0.070659
vn 0.015262 0.069097 0.070659
vn 0.015262 0.069097 0.070659
vn 0.015261 0.069097 0.070659
vn 0.015261 0.069097 0.070659
vn 0.015261 0.069097 0.070659
vn 0.007701 0.070342 0.070659
vn 0.007701 0.070342 0.070659
vn 0.007701 0.070342 0.070659
vn 0.007701 0.070342 0.070659
vn 0.007701 0.070342 0.070659
vn 0.007701 0.070342 0.070659
vn 0.000051 0.070763 0.070659
vn 0.000051 0.070763 0.070659
vn 0.000051 0.070763 0.070659
vn 0.000051 0.070763 0.070659
vn 0.000051 0.070763 0.070659
vn 0.000051 0.070763 0.070659
vn -0.007600 0.070353 0.070659
vn -0.007600 0.070353 0.070659
vn -0.007600 0.070353 0.070659
vn -0.007600 0.070353 0.070659
vn -0.007600 0.070353 0.070659
vn -0.007600 0.070353 0.070659
vn -0.015162 0.069119 0.070659
vn -0.015162 0.069119 0.070659
vn -0.015162 0.069119 0.070659
vn -0.015162 0.069119 0.070659
vn -0.015162 0.069119 0.070659
vn -0.015162 0.069119 0.070659
vn -0.022546 0.067074 0.070659
vn -0.022546 0.067074 0.070659
vn -0.022546 0.067074 0.070659
vn -0.022546 0.067074 0.070659
vn -0.022546 0.067074 0.070659
vn -0.022546 0.067074 0.070659
vn -0.029666 0.064244 0.070659
vn -0.029666 0.064244 0.070659
vn -0.029666 0.064244 0.070659
vn -0.029666 0.064244 0.070659
vn -0.029666 0.064244 0.070659
vn -0.029666 0.064244 0.070659
vn -0.036438 0.060659 0.070659
vn -0.036438 0.060659 0.070659
vn -0.036438 0.060659 0.070659
vn -0.036438 0.060659 0.070659
vn -0.036438 0.060659 0.070659
vn -0.036438 0.060659 0.070659
vn -0.042783 0.056364 0.070659
vn -0.042783 0.056364 0.070659
vn -0.042783 0.056364 0.070659
vn -0.042783 0.056364 0.070659
vn -0.042783 0.056364 0.070659
vn -0.042783 0.056364 0.070659
vn -0.048627 0.051408 0.070659
vn -0.048627 0.051408 0.070659
vn -0.048627 0.051408 0.070659
vn -0.048627 0.051408 0.070659
vn -0.048627 0.051408 0.070659
vn -0.048627 0.051408 0.070659
vn -0.053900 0.045849 0.070659
vn -0.053900 0.045849 0.070659
vn -0.053900 0.045849 0.070659
vn -0.053900 0.045849 0.070659
vn -0.053900 0.045849 0.070659
vn -0.053900 0.045849 0.070659
vn -0.058541 0.039753 0.070659
vn -0.058541 0.039753 0.070659
vn -0.058541 0.039753 0.070659
vn -0.058541 0.039753 0.070659
vn -0.058541 0.039753 0.070659
vn -0.058541 0.039753 0.070659
vn -0.062496 0.033190 0.070659
vn -0.062496 0.033190 0.070659
vn -0.062496 0.033190 0.070659
vn -0.062496 0.033191 0.070659
vn -0.062496 0.033191 0.070659
vn -0.062496 0.033191 0.070659
vn -0.065718 0.026239 0.070659
vn -0.065718 0.026239 0.070659
vn -0.065718 0.026239 0.070659
vn -0.065718 0.026239 0.070659
vn -0.065718 0.026239 0.070659
vn -0.065718 0.026239 0.070659
vn -0.068170 0.018980 0.070659
vn -0.068170 0.018980 0.070659
vn -0.068170 0.018980 0.070659
vn -0.068170 0.018980 0.070659
vn -0.068170 0.018980 0.070659
vn -0.068170 0.018980 0.070659
vn -0.069822 0.011498 0.070659
vn -0.069822 0.011498 0.070659
vn -0.069822 0.011498 0.070659
vn -0.069822 0.011498 0.070659
vn -0.069822 0.011498 0.070659
vn -0.069822 0.011498 0.070659
vn -0.070656 0.003882 0.070659
vn -0.070656 0.003882 0.070659
vn -0.070656 0.003882 0.070659
vn 0.047524 -0.052369 0.070703
vn 0.047524 -0.052369 0.070703
vn 0.047524 -0.052369 0.070703
vn 0.053592 -0.052696 0.065962
vn 0.053592 -0.052696 0.065962
vn 0.053592 -0.052696 0.065962
vn 0.049439 -0.050635 0.070653
vn 0.049439 -0.050635 0.070653
vn 0.049439 -0.050635 0.070653
vn 0.053218 -0.046573 0.070703
vn 0.053218 -0.046573 0.070703
vn 0.053218 -0.046573 0.070703
vn 0.059484 -0.046358 0.065670
vn 0.059484 -0.046358 0.065670
vn 0.059484 -0.046358 0.065670
vn 0.054869 -0.044693 0.070653
vn 0.054869 -0.044693 0.070653
vn 0.054869 -0.044693 0.070653
vn 0.058209 -0.040162 0.070701
vn 0.058209 -0.040162 0.070701
vn 0.058209 -0.040162 0.070701
vn 0.064628 -0.039362 0.065375
vn 0.064628 -0.039362 0.065375
vn 0.064628 -0.039362 0.065375
vn 0.059590 -0.038173 0.070653
vn 0.059590 -0.038173 0.070653
vn 0.059590 -0.038173 0.070653
vn 0.062433 -0.033221 0.070700
vn 0.062433 -0.033221 0.070700
vn 0.062433 -0.033221 0.070700
vn 0.068949 -0.031796 0.065077
vn 0.068949 -0.031796 0.065077
vn 0.068949 -0.031796 0.065077
vn 0.063539 -0.031159 0.070653
vn 0.063539 -0.031159 0.070653
vn 0.063539 -0.031159 0.070653
vn 0.065832 -0.025840 0.070699
vn 0.065832 -0.025840 0.070699
vn 0.065832 -0.025840 0.070699
vn 0.072385 -0.023758 0.064776
vn 0.072385 -0.023758 0.064776
vn 0.072385 -0.023758 0.064776
vn 0.066666 -0.023742 0.070653
vn 0.066666 -0.023742 0.070653
vn 0.066666 -0.023742 0.070653
vn 0.068362 -0.018119 0.070699
vn 0.068362 -0.018119 0.070699
vn 0.068362 -0.018119 0.070699
vn 0.074885 -0.015350 0.064472
vn 0.074885 -0.015350 0.064472
vn 0.074885 -0.015350 0.064472
vn 0.068931 -0.016018 0.070653
vn 0.068931 -0.016018 0.070653
vn 0.068931 -0.016018 0.070653
vn 0.069990 -0.010158 0.070698
vn 0.069990 -0.010158 0.070698
vn 0.069990 -0.010158 0.070698
vn 0.076408 -0.006682 0.064165
vn 0.076408 -0.006682 0.064165
vn 0.076408 -0.006682 0.064165
vn 0.070304 -0.008087 0.070653
vn 0.070304 -0.008087 0.070653
vn 0.070304 -0.008087 0.070653
vn 0.070695 -0.002063 0.070696
vn 0.070695 -0.002063 0.070696
vn 0.070695 -0.002063 0.070696
vn 0.073776 -0.000053 0.067507
vn 0.073776 -0.000053 0.067507
vn 0.073776 -0.000053 0.067507
vn 0.070698 0.001961 0.070696
vn 0.070698 0.001961 0.070696
vn 0.070698 0.001961 0.070696
vn 0.070466 0.006060 0.070695
vn 0.070466 0.006060 0.070695
vn 0.070466 0.006060 0.070695
vn 0.073299 0.008325 0.067512
vn 0.073299 0.008325 0.067512
vn 0.073299 0.008325 0.067512
vn 0.070005 0.010057 0.070698
vn 0.070005 0.010057 0.070698
vn 0.070005 0.010057 0.070698
vn 0.069307 0.014103 0.070694
vn 0.069307 0.014103 0.070694
vn 0.069307 0.014103 0.070694
vn 0.071865 0.016591 0.067529
vn 0.071865 0.016591 0.067529
vn 0.071865 0.016591 0.067529
vn 0.068388 0.018020 0.070699
vn 0.068388 0.018020 0.070699
vn 0.068388 0.018020 0.070699
vn 0.067233 0.021960 0.070693
vn 0.067233 0.021960 0.070693
vn 0.067233 0.021960 0.070693
vn 0.069492 0.024637 0.067556
vn 0.069492 0.024637 0.067556
vn 0.069492 0.024637 0.067556
vn 0.065869 0.025746 0.070699
vn 0.065869 0.025746 0.070699
vn 0.065869 0.025746 0.070699
vn 0.064272 0.029528 0.070691
vn 0.064272 0.029528 0.070691
vn 0.064272 0.029528 0.070691
vn 0.066214 0.032353 0.067594
vn 0.066214 0.032353 0.067594
vn 0.066214 0.032353 0.067594
vn 0.062480 0.033131 0.070701
vn 0.062480 0.033131 0.070701
vn 0.062480 0.033131 0.070701
vn 0.060462 0.036706 0.070690
vn 0.060462 0.036706 0.070690
vn 0.060462 0.036706 0.070690
vn 0.062073 0.039639 0.067644
vn 0.062073 0.039639 0.067644
vn 0.062073 0.039639 0.067644
vn 0.058267 0.040078 0.070702
vn 0.058267 0.040078 0.070702
vn 0.058267 0.040078 0.070702
vn 0.055854 0.043399 0.070689
vn 0.055854 0.043399 0.070689
vn 0.055854 0.043399 0.070689
vn 0.057128 0.046396 0.067704
vn 0.057128 0.046396 0.067704
vn 0.057128 0.046396 0.067704
vn 0.053284 0.046496 0.070703
vn 0.053284 0.046496 0.070703
vn 0.053284 0.046496 0.070703
vn 0.050508 0.049521 0.070687
vn 0.050508 0.049521 0.070687
vn 0.050508 0.049521 0.070687
vn 0.051444 0.052537 0.067775
vn 0.051444 0.052537 0.067775
vn 0.051444 0.052537 0.067775
vn 0.047599 0.052301 0.070704
vn 0.047599 0.052301 0.070704
vn 0.047599 0.052301 0.070704
vn 0.044793 0.054737 0.070693
vn 0.044793 0.054737 0.070693
vn 0.044793 0.054737 0.070693
vn 0.045160 0.057376 0.068327
vn 0.045160 0.057376 0.068327
vn 0.045160 0.057376 0.068327
vn 0.047050 -0.057664 0.066792
vn 0.047050 -0.057664 0.066792
vn 0.047050 -0.057664 0.066792
vn 0.043682 -0.055663 0.070664
vn 0.043682 -0.055663 0.070664
vn 0.043682 -0.055663 0.070664
vn -0.070710 0.000051 0.070711
vn -0.070710 0.000051 0.070711
vn -0.070710 0.000051 0.070711
vn -0.070710 0.000051 0.070711
vn -0.047524 0.052369 0.070703
vn -0.047524 0.052369 0.070703
vn -0.047524 0.052369 0.070703
vn -0.053592 0.052696 0.065962
vn -0.053592 0.052696 0.065962
vn -0.053592 0.052696 0.065962
vn -0.049439 0.050635 0.070653
vn -0.049439 0.050635 0.070653
vn -0.049439 0.050635 0.070653
vn -0.053218 0.046573 0.070702
vn -0.053218 0.046573 0.070702
vn -0.053218 0.046573 0.070702
vn -0.059485 0.046358 0.065669
vn -0.059485 0.046358 0.065669
vn -0.059485 0.046358 0.065669
vn -0.054869 0.044693 0.070654
vn -0.054869 0.044693 0.070654
vn -0.054869 0.044693 0.070654
vn -0.058209 0.040162 0.070702
vn -0.058209 0.040162 0.070702
vn -0.058209 0.040162 0.070702
vn -0.064628 0.039362 0.065375
vn -0.064628 0.039362 0.065375
vn -0.064628 0.039362 0.065375
vn -0.059590 0.038173 0.070653
vn -0.059590 0.038173 0.070653
vn -0.059590 0.038173 0.070653
vn -0.062433 0.033220 0.070700
vn -0.062433 0.033220 0.070700
vn -0.062433 0.033220 0.070700
vn -0.068949 0.031796 0.065077
vn -0.068949 0.031796 0.065077
vn -0.068949 0.031796 0.065077
vn -0.063539 0.031159 0.070654
vn -0.063539 0.031159 0.070654
vn -0.063539 0.031159 0.070654
vn -0.065832 0.025840 0.070700
vn -0.065832 0.025840 0.070700
vn -0.065832 0.025840 0.070700
vn -0.072385 0.023758 0.064777
vn -0.072385 0.023758 0.064777
vn -0.072385 0.023758 0.064777
vn -0.066666 0.023742 0.070654
vn -0.066666 0.023742 0.070654
vn -0.066666 0.023742 0.070654
vn -0.068362 0.018118 0.070699
vn -0.068362 0.018118 0.070699
vn -0.068362 0.018118 0.070699
vn -0.074884 0.015350 0.064473
vn -0.074884 0.015350 0.064473
vn -0.074884 0.015350 0.064473
vn -0.068932 0.016018 0.070653
vn -0.068932 0.016018 0.070653
vn -0.068932 0.016018 0.070653
vn -0.069991 0.010158 0.070697
vn -0.069991 0.010158 0.070697
vn -0.069991 0.010158 0.070697
vn -0.076409 0.006681 0.064165
vn -0.076409 0.006681 0.064165
vn -0.076409 0.006681 0.064165
vn -0.070304 0.008087 0.070653
vn -0.070304 0.008087 0.070653
vn -0.070304 0.008087 0.070653
vn -0.070695 0.002062 0.070696
vn -0.070695 0.002062 0.070696
vn -0.070695 0.002062 0.070696
vn -0.073775 0.000053 0.067507
vn -0.073775 0.000053 0.067507
vn -0.073775 0.000053 0.067507
vn -0.070698 -0.001961 0.070696
vn -0.070698 -0.001961 0.070696
vn -0.070698 -0.001961 0.070696
vn -0.070466 -0.006060 0.070695
vn -0.070466 -0.006060 0.070695
vn -0.070466 -0.006060 0.070695
vn -0.073299 -0.008325 0.067512
vn -0.073299 -0.008325 0.067512
vn -0.073299 -0.008325 0.067512
vn -0.070005 -0.010057 0.070697
vn -0.070005 -0.010057 0.070697
vn -0.070005 -0.010057 0.070697
vn -0.069307 -0.014103 0.070694
vn -0.069307 -0.014103 0.070694
vn -0.069307 -0.014103 0.070694
vn -0.071865 -0.016591 0.067529
vn -0.071865 -0.016591 0.067529
vn -0.071865 -0.016591 0.067529
vn -0.068388 -0.018021 0.070699
vn -0.068388 -0.018021 0.070699
vn -0.068388 -0.018021 0.070699
vn -0.067233 -0.021960 0.070693
vn -0.067233 -0.021960 0.070693
vn -0.067233 -0.021960 0.070693
vn -0.069492 -0.024636 0.067556
vn -0.069492 -0.024636 0.067556
vn -0.069492 -0.024636 0.067556
vn -0.065869 -0.025746 0.070700
vn -0.065869 -0.025746 0.070700
vn -0.065869 -0.025746 0.070700
vn -0.064272 -0.029528 0.070691
vn -0.064272 -0.029528 0.070691
vn -0.064272 -0.029528 0.070691
vn -0.066214 -0.032354 0.067594
vn -0.066214 -0.032354 0.067594
vn -0.066214 -0.032354 0.067594
vn -0.062480 -0.033131 0.070700
vn -0.062480 -0.033131 0.070700
vn -0.062480 -0.033131 0.070700
vn -0.060462 -0.036706 0.070690
vn -0.060462 -0.036706 0.070690
vn -0.060462 -0.036706 0.070690
vn -0.062073 -0.039639 0.067644
vn -0.062073 -0.039639 0.067644
vn -0.062073 -0.039639 0.067644
vn -0.058267 -0.040078 0.070702
vn -0.058267 -0.040078 0.070702
vn -0.058267 -0.040078 0.070702
vn -0.055854 -0.043399 0.070689
vn -0.055854 -0.043399 0.070689
vn -0.055854 -0.043399 0.070689
vn -0.057128 -0.046397 0.067703
vn -0.057128 -0.046397 0.067703
vn -0.057128 -0.046397 0.067703
vn -0.053284 -0.046497 0.070702
vn -0.053284 -0.046497 0.070702
vn -0.053284 -0.046497 0.070702
vn -0.050508 -0.049521 0.070687
vn -0.050508 -0.049521 0.070687
vn -0.050508 -0.049521 0.070687
vn -0.051444 -0.052537 0.067775
vn -0.051444 -0.052537 0.067775
vn -0.051444 -0.052537 0.067775
vn -0.047599 -0.052301 0.070703
vn -0.047599 -0.052301 0.070703
vn -0.047599 -0.052301 0.070703
vn -0.044793 -0.054737 0.070692
vn -0.044793 -0.054737 0.070692
vn -0.044793 -0.054737 0.070692
vn -0.045160 -0.057377 0.068326
vn -0.045160 -0.057377 0.068326
vn -0.045160 -0.057377 0.068326
vn -0.047050 0.057664 0.066791
vn -0.047050 0.057664 0.066791
vn -0.047050 0.057664 0.066791
vn -0.043682 0.055663 0.070664
vn -0.043682 0.055663 0.070664
vn -0.043682 0.055663 0.070664
vn 0.070711 -0.000051 0.070710
vn 0.070711 -0.000051 0.070710
vn 0.070711 -0.000051 0.070710
vn 0.070711 -0.000051 0.070710
vn 0.000000 0.000000 0.100000
vn 0.000000 0.000000 0.100000
vn 0.000000 0.000000 0.100000
vn -0.000000 -0.000000 0.100000
vn -0.000000 -0.000000 0.100000
vn -0.000000 -0.000000 0.100000
vn -0.000000 -0.000000 0.100000
vn -0.000000 -0.000000 0.100000
vn -0.000000 -0.000000 0.100000
vn -0.000000 -0.000000 0.100000
vn 0.000000 -0.000000 0.100000
vn 0.000000 -0.000000 0.100000
vn 0.000000 -0.000000 0.100000
vn 0.000000 -0.000000 0.100000
vn 0.000000 -0.000000 0.100000
vn 0.000000 -0.000000 0.100000
vn 0.000000 -0.000000 0.100000
vn 0.000000 -0.000000 0.100000
vn 0.000000 -0.000000 0.100000
vn 0.000000 -0.000000 0.100000
vn 0.000000 -0.000000 0.100000
vn 0.000000 -0.000000 0.100000
vn 0.000000 -0.000000 0.100000
vn 0.000000 -0.000000 0.100000
vn 0.000000 -0.000000 0.100000
vn 0.000000 -0.000000 0.100000
vn 0.000000 -0.000000 0.100000
vn 0.000000 -0.000000 0.100000
vn 0.000000 -0.000000 0.100000
vn 0.000000 -0.000000 0.100000
vn 0.000000 -0.000000 0.100000
vn 0.000000 -0.000000 0.100000
vn 0.000000 -0.000000 0.100000
vn 0.000000 -0.000000 0.100000
vn 0.000000 -0.000000 0.100000
vn 0.000000 -0.000000 0.100000
vn 0.000000 -0.000000 0.100000
vn 0.000000 -0.000000 0.100000
vn 0.000000 -0.000000 0.100000
vn 0.000000 -0.000000 0.100000
vn -0.000000 -0.000000 0.100000
vn -0.000000 -0.000000 0.100000
vn -0.000000 -0.000000 0.100000
vn -0.000000 -0.000000 0.100000
vn -0.000000 -0.000000 0.100000
vn -0.000000 -0.000000 0.100000
vn -0.000000 -0.000001 0.100000
vn -0.000000 -0.000001 0.100000
vn -0.000000 -0.000001 0.100000
vn -0.000000 -0.000000 0.100000
vn 0.031655 -0.064149 0.069877
vn 0.031655 -0.064149 0.069877
vn 0.031655 -0.064149 0.069877
vn 0.030938 -0.063611 0.070685
vn 0.030938 -0.063611 0.070685
vn 0.030938 -0.063611 0.070685
vn 0.025633 -0.065938 0.070676
vn 0.025633 -0.065938 0.070676
vn 0.025633 -0.065938 0.070676
vn 0.025633 -0.065939 0.070676
vn 0.025633 -0.065939 0.070676
vn 0.025633 -0.065939 0.070676
vn 0.019763 -0.067928 0.070677
vn 0.019763 -0.067928 0.070677
vn 0.019763 -0.067928 0.070677
vn 0.021190 -0.069602 0.068604
vn 0.021190 -0.069602 0.068604
vn 0.021190 -0.069602 0.068604
vn 0.070710 -0.000051 0.070711
vn 0.070710 -0.000051 0.070711
vn 0.070710 -0.000051 0.070711
vn 0.070710 -0.000051 0.070711
vn 0.020257 0.069258 0.069231
vn 0.020257 0.069258 0.069231
vn 0.020257 0.069258 0.069231
vn 0.020696 0.067632 0.070693
vn 0.020696 0.067632 0.070693
vn 0.020696 0.067632 0.070693
vn 0.025727 0.065902 0.070676
vn 0.025727 0.065902 0.070676
vn 0.025727 0.065902 0.070676
vn 0.025727 0.065901 0.070676
vn 0.025727 0.065901 0.070676
vn 0.025727 0.065901 0.070676
vn 0.031397 0.063395 0.070677
vn 0.031397 0.063395 0.070677
vn 0.031397 0.063395 0.070677
vn 0.031437 0.064401 0.069744
vn 0.031437 0.064401 0.069744
vn 0.031437 0.064401 0.069744
vn -0.070711 0.000051 0.070711
vn -0.070711 0.000051 0.070711
vn -0.070711 0.000051 0.070711
vn -0.070711 0.000051 0.070711
vn 0.000051 0.070710 0.070711
vn 0.000051 0.070710 0.070711
vn 0.000051 0.070710 0.070711
vn 0.000051 0.070711 0.070711
vn 0.000051 0.070711 0.070711
vn 0.000051 0.070711 0.070711
vn -0.070711 0.000051 0.070711
vn -0.070711 0.000051 0.070711
vn -0.070711 0.000051 0.070711
vn -0.070711 0.000051 0.070711
vn -0.000051 -0.070711 0.070711
vn -0.000051 -0.070711 0.070711
vn -0.000051 -0.070711 0.070711
vn -0.000051 -0.070711 0.070711
vn -0.000051 -0.070711 0.070711
vn -0.000051 -0.070711 0.070711
vn -0.070711 0.000051 0.070711
vn -0.070711 0.000051 0.070711
vn -0.070711 0.000051 0.070711
vn -0.070711 0.000051 0.070711
vn 0.000051 0.070710 0.070711
vn 0.000051 0.070710 0.070711
vn 0.000051 0.070710 0.070711
vn 0.000051 0.070711 0.070711
vn 0.000051 0.070711 0.070711
vn 0.000051 0.070711 0.070711
vn -0.070711 0.000051 0.070711
vn -0.070711 0.000051 0.070711
vn -0.070711 0.000051 0.070711
vn -0.070711 0.000051 0.070711
vn -0.000051 -0.070711 0.070711
vn -0.000051 -0.070711 0.070711
vn -0.000051 -0.070711 0.070711
vn -0.000051 -0.070711 0.070711
vn -0.000051 -0.070711 0.070711
vn -0.000051 -0.070711 0.070711
vn -0.070711 0.000051 0.070711
vn -0.070711 0.000051 0.070711
vn -0.070711 0.000051 0.070711
vn -0.070711 0.000051 0.070711
vn 0.000051 0.070710 0.070711
vn 0.000051 0.070710 0.070711
vn 0.000051 0.070710 0.070711
vn 0.000051 0.070711 0.070711
vn 0.000051 0.070711 0.070711
vn 0.000051 0.070711 0.070711
vn -0.070711 0.000051 0.070711
vn -0.070711 0.000051 0.070711
vn -0.070711 0.000051 0.070711
vn -0.070711 0.000051 0.070711
vn -0.000051 -0.070711 0.070711
vn -0.000051 -0.070711 0.070711
vn -0.000051 -0.070711 0.070711
vn -0.000051 -0.070711 0.070711
vn -0.000051 -0.070711 0.070711
vn -0.000051 -0.070711 0.070711
vn -0.070711 0.000051 0.070711
vn -0.070711 0.000051 0.070711
vn -0.070711 0.000051 0.070711
vn -0.070711 0.000051 0.070711
vn 0.000051 0.070710 0.070711
vn 0.000051 0.070710 0.070711
vn 0.000051 0.070710 0.070711
vn 0.000051 0.070711 0.070711
vn 0.000051 0.070711 0.070711
vn 0.000051 0.070711 0.070711
vn -0.070711 0.000051 0.070711
vn -0.070711 0.000051 0.070711
vn -0.070711 0.000051 0.070711
vn -0.070711 0.000051 0.070711
vn -0.000051 -0.070711 0.070711
vn -0.000051 -0.070711 0.070711
vn -0.000051 -0.070711 0.070711
vn -0.000051 -0.070711 0.070711
vn -0.000051 -0.070711 0.070711
vn -0.000051 -0.070711 0.070711
vn -0.070711 0.000051 0.070711
vn -0.070711 0.000051 0.070711
vn -0.070711 0.000051 0.070711
vn -0.070711 0.000051 0.070711
vn 0.000051 0.070710 0.070711
vn 0.000051 0.070710 0.070711
vn 0.000051 0.070710 0.070711
vn 0.000051 0.070711 0.070711
vn 0.000051 0.070711 0.070711
vn 0.000051 0.070711 0.070711
vn -0.070711 0.000051 0.070711
vn -0.070711 0.000051 0.070711
vn -0.070711 0.000051 0.070711
vn -0.070711 0.000051 0.070711
vn -0.000051 -0.070711 0.070711
vn -0.000051 -0.070711 0.070711
vn -0.000051 -0.070711 0.070711
vn -0.000051 -0.070711 0.070711
vn -0.000051 -0.070711 0.070711
vn -0.000051 -0.070711 0.070711
vn -0.070711 0.000051 0.070711
vn -0.070711 0.000051 0.070711
vn -0.070711 0.000051 0.070711
vn -0.070711 0.000051 0.070711
vn 0.000000 -0.000000 0.100000
vn 0.000000 -0.000000 0.100000
vn 0.000000 -0.000000 0.100000
vn 0.000000 -0.000000 0.100000
vn 0.000000 -0.000000 0.100000
vn 0.000000 -0.000000 0.100000
vn 0.000000 -0.000000 0.100000
vn 0.000000 -0.000000 0.100000
vn 0.000000 -0.000000 0.100000
vn 0.000000 -0.000000 0.100000
vn 0.000000 -0.000000 0.100000
vn 0.000000 -0.000000 0.100000
vn 0.000000 -0.000000 0.100000
vn 0.000000 -0.000000 0.100000
vn 0.000000 -0.000000 0.100000
vn 0.000000 -0.000000 0.100000
vn 0.000000 -0.000000 0.100000
vn 0.000000 -0.000000 0.100000
vn 0.000000 -0.000000 0.100000
vn 0.000000 -0.000000 0.100000
vn 0.000000 -0.000000 0.100000
vn 0.000000 -0.000000 0.100000
vn 0.000000 -0.000000 0.100000
vn 0.000000 -0.000000 0.100000
vn 0.000000 -0.000000 0.100000
vn 0.000000 -0.000000 0.100000
vn 0.000000 -0.000000 0.100000
vn 0.000000 -0.000000 0.100000
vn 0.000000 -0.000000 0.100000
vn 0.000000 -0.000000 0.100000
vn 0.000000 -0.000000 0.100000
vn 0.000000 -0.000000 0.100000
vn 0.000000 -0.000000 0.100000
vn 0.000000 -0.000000 0.100000
vn 0.000000 -0.000000 0.100000
vn 0.000000 -0.000000 0.100000
vn 0.000000 -0.000000 0.100000
vn 0.000000 -0.000000 0.100000
vn 0.000000 -0.000000 0.100000
vn 0.000000 -0.000000 0.100000
vn 0.000000 -0.000000 0.100000
vn 0.000000 -0.000000 0.100000
vn 0.000000 -0.000000 0.100000
vn 0.000000 -0.000000 0.100000
vn 0.000000 -0.000000 0.100000
vn 0.000000 -0.000000 0.100000
vn 0.000000 -0.000000 0.100000
vn 0.000000 -0.000000 0.100000
vn 0.000000 -0.000000 0.100000
vn 0.000000 -0.000000 0.100000
vn 0.000000 -0.000000 0.100000
vn 0.000000 -0.000000 0.100000
vn 0.000000 -0.000000 0.100000
vn 0.000000 -0.000000 0.100000
vn 0.000000 -0.000000 0.100000
vn -0.020257 -0.069258 0.069231
vn -0.020257 -0.069258 0.069231
vn -0.020257 -0.069258 0.069231
vn -0.020696 -0.067632 0.070693
vn -0.020696 -0.067632 0.070693
vn -0.020696 -0.067632 0.070693
vn -0.025727 -0.065902 0.070676
vn -0.025727 -0.065902 0.070676
vn -0.025727 -0.065902 0.070676
vn -0.025727 -0.065901 0.070676
vn -0.025727 -0.065901 0.070676
vn -0.025727 -0.065901 0.070676
vn -0.031396 -0.063395 0.070677
vn -0.031396 -0.063395 0.070677
vn -0.031396 -0.063395 0.070677
vn -0.031437 -0.064401 0.069744
vn -0.031437 -0.064401 0.069744
vn -0.031437 -0.064401 0.069744
vn 0.070711 -0.000051 0.070711
vn 0.070711 -0.000051 0.070711
vn 0.070711 -0.000051 0.070711
vn 0.070711 -0.000051 0.070711
vn -0.000051 -0.070711 0.070711
vn -0.000051 -0.070711 0.070711
vn -0.000051 -0.070711 0.070711
vn -0.000051 -0.070710 0.070711
vn -0.000051 -0.070710 0.070711
vn -0.000051 -0.070710 0.070711
vn 0.070710 -0.000051 0.070711
vn 0.070710 -0.000051 0.070711
vn 0.070710 -0.000051 0.070711
vn 0.070710 -0.000051 0.070711
vn 0.000051 0.070710 0.070711
vn 0.000051 0.070710 0.070711
vn 0.000051 0.070710 0.070711
vn 0.000051 0.070711 0.070711
vn 0.000051 0.070711 0.070711
vn 0.000051 0.070711 0.070711
vn 0.070711 -0.000051 0.070711
vn 0.070711 -0.000051 0.070711
vn 0.070711 -0.000051 0.070711
vn 0.070711 -0.000051 0.070711
vn -0.000051 -0.070711 0.070711
vn -0.000051 -0.070711 0.070711
vn -0.000051 -0.070711 0.070711
vn -0.000051 -0.070710 0.070711
vn -0.000051 -0.070710 0.070711
vn -0.000051 -0.070710 0.070711
vn 0.070710 -0.000051 0.070711
vn 0.070710 -0.000051 0.070711
vn 0.070710 -0.000051 0.070711
vn 0.070710 -0.000051 0.070711
vn 0.000051 0.070710 0.070711
vn 0.000051 0.070710 0.070711
vn 0.000051 0.070710 0.070711
vn 0.000051 0.070711 0.070711
vn 0.000051 0.070711 0.070711
vn 0.000051 0.070711 0.070711
vn 0.070711 -0.000051 0.070711
vn 0.070711 -0.000051 0.070711
vn 0.070711 -0.000051 0.070711
vn 0.070711 -0.000051 0.070711
vn -0.000051 -0.070711 0.070711
vn -0.000051 -0.070711 0.070711
vn -0.000051 -0.070711 0.070711
vn -0.000051 -0.070710 0.070711
vn -0.000051 -0.070710 0.070711
vn -0.000051 -0.070710 0.070711
vn 0.070710 -0.000051 0.070711
vn 0.070710 -0.000051 0.070711
vn 0.070710 -0.000051 0.070711
vn 0.070710 -0.000051 0.070711
vn 0.000051 0.070710 0.070711
vn 0.000051 0.070710 0.070711
vn 0.000051 0.070710 0.070711
vn 0.000051 0.070711 0.070711
vn 0.000051 0.070711 0.070711
vn 0.000051 0.070711 0.070711
vn 0.070711 -0.000051 0.070711
vn 0.070711 -0.000051 0.070711
vn 0.070711 -0.000051 0.070711
vn 0.070711 -0.000051 0.070711
vn -0.000051 -0.070711 0.070711
vn -0.000051 -0.070711 0.070711
vn -0.000051 -0.070711 0.070711
vn -0.000051 -0.070710 0.070711
vn -0.000051 -0.070710 0.070711
vn -0.000051 -0.070710 0.070711
vn 0.070710 -0.000051 0.070711
vn 0.070710 -0.000051 0.070711
vn 0.070710 -0.000051 0.070711
vn 0.070710 -0.000051 0.070711
vn 0.000051 0.070710 0.070711
vn 0.000051 0.070710 0.070711
vn 0.000051 0.070710 0.070711
vn 0.000051 0.070710 0.070711
vn 0.000051 0.070710 0.070711
vn 0.000051 0.070710 0.070711
vn 0.070711 -0.000051 0.070711
vn 0.070711 -0.000051 0.070711
vn 0.070711 -0.000051 0.070711
vn 0.070711 -0.000051 0.070711
vn -0.000051 -0.070711 0.070711
vn -0.000051 -0.070711 0.070711
vn -0.000051 -0.070711 0.070711
vn -0.000051 -0.070710 0.070711
vn -0.000051 -0.070710 0.070711
vn -0.000051 -0.070710 0.070711
vn 0.070710 -0.000051 0.070711
vn 0.070710 -0.000051 0.070711
vn 0.070710 -0.000051 0.070711
vn 0.070710 -0.000051 0.070711
vn 0.000051 0.070710 0.070711
vn 0.000051 0.070710 0.070711
vn 0.000051 0.070710 0.070711
vn 0.000051 0.070710 0.070711
vn 0.000051 0.070710 0.070711
vn 0.000051 0.070710 0.070711
vn 0.070711 -0.000051 0.070711
vn 0.070711 -0.000051 0.070711
vn 0.070711 -0.000051 0.070711
vn 0.070711 -0.000051 0.070711
vn -0.031655 0.064149 0.069877
vn -0.031655 0.064149 0.069877
vn -0.031655 0.064149 0.069877
vn -0.030938 0.063611 0.070686
vn -0.030938 0.063611 0.070686
vn -0.030938 0.063611 0.070686
vn -0.025633 0.065938 0.070676
vn -0.025633 0.065938 0.070676
vn -0.025633 0.065938 0.070676
vn -0.025633 0.065938 0.070676
vn -0.025633 0.065938 0.070676
vn -0.025633 0.065938 0.070676
vn -0.019762 0.067928 0.070677
vn -0.019762 0.067928 0.070677
vn -0.019762 0.067928 0.070677
vn -0.021190 0.069602 0.068604
vn -0.021190 0.069602 0.068604
vn -0.021190 0.069602 0.068604
vn -0.070711 0.000051 0.070711
vn -0.070711 0.000051 0.070711
vn -0.070711 0.000051 0.070711
vn -0.070711 0.000051 0.070711
vn -0.100000 0.000072 -0.000000
vn -0.100000 0.000072 -0.000000
vn -0.100000 0.000072 -0.000000
vn -0.100000 0.000073 -0.000000
vn -0.100000 0.000073 -0.000000
vn -0.100000 0.000073 -0.000000
vn -0.100000 0.000070 0.000000
vn -0.100000 0.000070 0.000000
vn -0.100000 0.000070 0.000000
vn -0.100000 0.000071 0.000001
vn -0.100000 0.000071 0.000001
vn -0.100000 0.000071 0.000001
vn -0.100000 0.000071 0.000001
vn -0.100000 0.000071 0.000001
vn -0.100000 0.000071 0.000001
vn -0.100000 0.000072 -0.000000
vn -0.100000 0.000072 -0.000000
vn -0.100000 0.000072 -0.000000
vn -0.100000 0.000072 -0.000001
vn -0.100000 0.000072 -0.000001
vn -0.100000 0.000072 -0.000001
vn -0.100000 0.000072 0.000002
vn -0.100000 0.000072 0.000002
vn -0.100000 0.000072 0.000002
vn -0.100000 0.000072 -0.000002
vn -0.100000 0.000072 -0.000002
vn -0.100000 0.000072 -0.000002
vn -0.100000 0.000072 -0.000000
vn -0.100000 0.000072 -0.000000
vn -0.100000 0.000072 -0.000000
vn -0.100000 0.000072 -0.000000
vn -0.100000 0.000072 -0.000000
vn -0.100000 0.000072 -0.000000
vn -0.100000 0.000072 0.000001
vn -0.100000 0.000072 0.000001
vn -0.100000 0.000072 0.000001
vn -0.100000 0.000069 -0.000001
vn -0.100000 0.000069 -0.000001
vn -0.100000 0.000069 -0.000001
vn -0.100000 0.000074 0.000001
vn -0.100000 0.000074 0.000001
vn -0.100000 0.000074 0.000001
vn -0.100000 0.000071 -0.000001
vn -0.100000 0.000071 -0.000001
vn -0.100000 0.000071 -0.000001
vn -0.100000 0.000072 -0.000000
vn -0.100000 0.000072 -0.000000
vn -0.100000 0.000072 -0.000000
vn -0.100000 0.000072 -0.000000
vn -0.100000 0.000072 -0.000000
vn -0.100000 0.000072 -0.000000
vn -0.100000 0.000072 -0.000000
vn -0.100000 0.000072 -0.000000
vn -0.100000 0.000072 -0.000000
vn -0.100000 0.000070 0.000001
vn -0.100000 0.000070 0.000001
vn -0.100000 0.000070 0.000001
vn -0.100000 0.000074 -0.000001
vn -0.100000 0.000074 -0.000001
vn -0.100000 0.000074 -0.000001
vn -0.100000 0.000072 -0.000000
vn -0.100000 0.000072 -0.000000
vn -0.100000 0.000072 -0.000000
vn -0.100000 0.000072 -0.000000
vn -0.100000 0.000072 -0.000000
vn -0.100000 0.000072 -0.000000
vn -0.100000 0.000072 -0.000000
vn -0.100000 0.000072 -0.000000
vn -0.100000 0.000072 -0.000000
vn -0.100000 0.000072 -0.000001
vn -0.100000 0.000072 -0.000001
vn -0.100000 0.000072 -0.000001
vn -0.100000 0.000072 0.000002
vn -0.100000 0.000072 0.000002
vn -0.100000 0.000072 -0.000001
vn -0.100000 0.000072 -0.000001
vn -0.100000 0.000071 0.000001
vn -0.100000 0.000071 0.000001
vn -0.100000 0.000071 0.000001
vn -0.100000 0.000072 0.000001
vn -0.100000 0.000072 0.000001
vn -0.100000 0.000072 0.000001
vn -0.100000 0.000072 0.000001
vn -0.100000 0.000072 0.000001
vn -0.100000 0.000072 0.000001
vn -0.100000 0.000071 -0.000002
vn -0.100000 0.000071 -0.000002
vn -0.100000 0.000071 -0.000002
vn -0.100000 0.000071 -0.000000
vn -0.100000 0.000071 -0.000000
vn -0.100000 0.000071 -0.000000
vn -0.100000 0.000071 -0.000000
vn -0.100000 0.000071 -0.000000
vn -0.100000 0.000071 -0.000000
vn -0.100000 0.000071 -0.000000
vn -0.100000 0.000071 -0.000000
vn -0.100000 0.000071 -0.000000
vn -0.100000 0.000073 0.000000
vn -0.100000 0.000073 0.000000
vn -0.100000 0.000073 0.000000
vn -0.100000 0.000071 0.000000
vn -0.100000 0.000071 0.000000
vn -0.100000 0.000071 0.000000
vn -0.100000 0.000073 0.000000
vn -0.100000 0.000073 0.000000
vn -0.100000 0.000073 0.000000
vn -0.025784 0.008438 0.096250
vn -0.025784 0.008438 0.096250
vn -0.025784 0.008438 0.096250
vn -0.025784 0.008441 0.096249
vn -0.025784 0.008441 0.096249
vn -0.025784 0.008441 0.096249
vn -0.025796 -0.008401 0.096250
vn -0.025796 -0.008401 0.096250
vn -0.025796 -0.008401 0.096250
vn -0.025796 -0.008404 0.096249
vn -0.025796 -0.008404 0.096249
vn -0.025796 -0.008404 0.096249
vn -0.025808 -0.024988 0.093325
vn -0.025808 -0.024988 0.093325
vn -0.025808 -0.024988 0.093325
vn -0.025808 -0.024987 0.093325
vn -0.025808 -0.024987 0.093325
vn -0.025808 -0.024987 0.093325
vn -0.025819 -0.040815 0.087564
vn -0.025819 -0.040815 0.087564
vn -0.025819 -0.040815 0.087564
vn -0.025819 -0.040815 0.087564
vn -0.025819 -0.040815 0.087564
vn -0.025819 -0.040815 0.087564
vn -0.025830 -0.055399 0.079144
vn -0.025830 -0.055399 0.079144
vn -0.025830 -0.055399 0.079144
vn -0.025830 -0.055398 0.079145
vn -0.025830 -0.055398 0.079145
vn -0.025830 -0.055398 0.079145
vn -0.025839 -0.068300 0.068319
vn -0.025839 -0.068300 0.068319
vn -0.025839 -0.068300 0.068319
vn -0.025839 -0.068300 0.068318
vn -0.025839 -0.068300 0.068318
vn -0.025839 -0.068300 0.068318
vn -0.025847 -0.079126 0.055417
vn -0.025847 -0.079126 0.055417
vn -0.025847 -0.079126 0.055417
vn -0.025847 -0.079125 0.055418
vn -0.025847 -0.079125 0.055418
vn -0.025847 -0.079125 0.055418
vn -0.025853 -0.087547 0.040832
vn -0.025853 -0.087547 0.040832
vn -0.025853 -0.087547 0.040832
vn -0.025853 -0.087547 0.040831
vn -0.025853 -0.087547 0.040831
vn -0.025853 -0.087547 0.040831
vn -0.025857 -0.093306 0.025007
vn -0.025857 -0.093306 0.025007
vn -0.025857 -0.093306 0.025007
vn -0.025857 -0.093307 0.025006
vn -0.025857 -0.093307 0.025006
vn -0.025857 -0.093307 0.025006
vn -0.025859 -0.096231 0.008421
vn -0.025859 -0.096231 0.008421
vn -0.025859 -0.096231 0.008421
vn -0.025859 -0.096231 0.008422
vn -0.025859 -0.096231 0.008422
vn -0.025859 -0.096231 0.008422
vn -0.025859 -0.096231 -0.008421
vn -0.025859 -0.096231 -0.008421
vn -0.025859 -0.096231 -0.008421
vn -0.025859 -0.096231 -0.008422
vn -0.025859 -0.096231 -0.008422
vn -0.025859 -0.096231 -0.008422
vn -0.025857 -0.093306 -0.025007
vn -0.025857 -0.093306 -0.025007
vn -0.025857 -0.093306 -0.025007
vn -0.025857 -0.093306 -0.025007
vn -0.025857 -0.093306 -0.025007
vn -0.025857 -0.093306 -0.025007
vn -0.025853 -0.087547 -0.040832
vn -0.025853 -0.087547 -0.040832
vn -0.025853 -0.087547 -0.040832
vn -0.025853 -0.087547 -0.040831
vn -0.025853 -0.087547 -0.040831
vn -0.025853 -0.087547 -0.040831
vn -0.025847 -0.079125 -0.055418
vn -0.025847 -0.079125 -0.055418
vn -0.025847 -0.079125 -0.055418
vn -0.025847 -0.079126 -0.055417
vn -0.025847 -0.079126 -0.055417
vn -0.025847 -0.079126 -0.055417
vn -0.025839 -0.068299 -0.068320
vn -0.025839 -0.068299 -0.068320
vn -0.025839 -0.068299 -0.068320
vn -0.025839 -0.068300 -0.068319
vn -0.025839 -0.068300 -0.068319
vn -0.025839 -0.068300 -0.068319
vn -0.025830 -0.055400 -0.079143
vn -0.025830 -0.055400 -0.079143
vn -0.025830 -0.055400 -0.079143
vn -0.025830 -0.055398 -0.079145
vn -0.025830 -0.055398 -0.079145
vn -0.025830 -0.055398 -0.079145
vn -0.025819 -0.040813 -0.087565
vn -0.025819 -0.040813 -0.087565
vn -0.025819 -0.040813 -0.087565
vn -0.025819 -0.040813 -0.087565
vn -0.025819 -0.040813 -0.087565
vn -0.025819 -0.040813 -0.087565
vn -0.025808 -0.024988 -0.093325
vn -0.025808 -0.024988 -0.093325
vn -0.025808 -0.024988 -0.093325
vn -0.025808 -0.024990 -0.093324
vn -0.025808 -0.024990 -0.093324
vn -0.025808 -0.024990 -0.093324
vn -0.025796 -0.008402 -0.096250
vn -0.025796 -0.008402 -0.096250
vn -0.025796 -0.008402 -0.096250
vn -0.025796 -0.008402 -0.096250
vn -0.025796 -0.008402 -0.096250
vn -0.025796 -0.008402 -0.096250
vn -0.025784 0.008439 -0.096250
vn -0.025784 0.008439 -0.096250
vn -0.025784 0.008439 -0.096250
vn -0.025784 0.008439 -0.096250
vn -0.025784 0.008439 -0.096250
vn -0.025784 0.008439 -0.096250
vn -0.025772 0.025026 -0.093325
vn -0.025772 0.025026 -0.093325
vn -0.025772 0.025026 -0.093325
vn -0.025772 0.025027 -0.093324
vn -0.025772 0.025027 -0.093324
vn -0.025772 0.025027 -0.093324
vn -0.025761 0.040850 -0.087565
vn -0.025761 0.040850 -0.087565
vn -0.025761 0.040850 -0.087565
vn -0.025761 0.040851 -0.087565
vn -0.025761 0.040851 -0.087565
vn -0.025761 0.040851 -0.087565
vn -0.025750 0.055437 -0.079143
vn -0.025750 0.055437 -0.079143
vn -0.025750 0.055437 -0.079143
vn -0.025750 0.055435 -0.079145
vn -0.025750 0.055435 -0.079145
vn -0.025750 0.055435 -0.079145
vn -0.025741 0.068336 -0.068320
vn -0.025741 0.068336 -0.068320
vn -0.025741 0.068336 -0.068320
vn -0.025741 0.068337 -0.068319
vn -0.025741 0.068337 -0.068319
vn -0.025741 0.068337 -0.068319
vn -0.025733 0.079162 -0.055418
vn -0.025733 0.079162 -0.055418
vn -0.025733 0.079162 -0.055418
vn -0.025733 0.079163 -0.055417
vn -0.025733 0.079163 -0.055417
vn -0.025733 0.079163 -0.055417
vn -0.025727 0.087584 -0.040832
vn -0.025727 0.087584 -0.040832
vn -0.025727 0.087584 -0.040832
vn -0.025727 0.087584 -0.040831
vn -0.025727 0.087584 -0.040831
vn -0.025727 0.087584 -0.040831
vn -0.025723 0.093344 -0.025006
vn -0.025723 0.093344 -0.025006
vn -0.025723 0.093344 -0.025006
vn -0.025723 0.093343 -0.025007
vn -0.025723 0.093343 -0.025007
vn -0.025723 0.093343 -0.025007
vn -0.025721 0.096268 -0.008421
vn -0.025721 0.096268 -0.008421
vn -0.025721 0.096268 -0.008421
vn -0.025721 0.096268 -0.008422
vn -0.025721 0.096268 -0.008422
vn -0.025721 0.096268 -0.008422
vn -0.025721 0.096268 0.008421
vn -0.025721 0.096268 0.008421
vn -0.025721 0.096268 0.008421
vn -0.025721 0.096268 0.008422
vn -0.025721 0.096268 0.008422
vn -0.025721 0.096268 0.008422
vn -0.025723 0.093343 0.025007
vn -0.025723 0.093343 0.025007
vn -0.025723 0.093343 0.025007
vn -0.025723 0.093344 0.025006
vn -0.025723 0.093344 0.025006
vn -0.025723 0.093344 0.025006
vn -0.025727 0.087583 0.040832
vn -0.025727 0.087583 0.040832
vn -0.025727 0.087583 0.040832
vn -0.025727 0.087584 0.040831
vn -0.025727 0.087584 0.040831
vn -0.025727 0.087584 0.040831
vn -0.025733 0.079163 0.055417
vn -0.025733 0.079163 0.055417
vn -0.025733 0.079163 0.055417
vn -0.025733 0.079162 0.055418
vn -0.025733 0.079162 0.055418
vn -0.025733 0.079162 0.055418
vn -0.025741 0.068337 0.068319
vn -0.025741 0.068337 0.068319
vn -0.025741 0.068337 0.068319
vn -0.025741 0.068337 0.068319
vn -0.025741 0.068337 0.068319
vn -0.025741 0.068337 0.068319
vn -0.025750 0.055436 0.079144
vn -0.025750 0.055436 0.079144
vn -0.025750 0.055436 0.079144
vn -0.025750 0.055435 0.079145
vn -0.025750 0.055435 0.079145
vn -0.025750 0.055435 0.079145
vn -0.025761 0.040851 0.087565
vn -0.025761 0.040851 0.087565
vn -0.025761 0.040851 0.087565
vn -0.025761 0.040852 0.087564
vn -0.025761 0.040852 0.087564
vn -0.025761 0.040852 0.087564
vn -0.025772 0.025025 0.093325
vn -0.025772 0.025025 0.093325
vn -0.025772 0.025025 0.093325
vn -0.025772 0.025023 0.093325
vn -0.025772 0.025023 0.093325
vn -0.025772 0.025023 0.093325
vn -0.100000 0.000071 0.000000
vn -0.100000 0.000071 0.000000
vn -0.100000 0.000071 0.000000
vn -0.100000 0.000070 0.000001
vn -0.100000 0.000070 0.000001
vn -0.100000 0.000070 0.000001
vn -0.100000 0.000071 0.000000
vn -0.100000 0.000071 0.000000
vn -0.100000 0.000071 0.000000
vn -0.100000 0.000071 0.000001
vn -0.100000 0.000071 0.000001
vn -0.100000 0.000071 0.000001
vn -0.100000 0.000072 -0.000000
vn -0.100000 0.000072 -0.000000
vn -0.100000 0.000072 -0.000000
vn -0.100000 0.000072 -0.000001
vn -0.100000 0.000072 -0.000001
vn -0.100000 0.000072 -0.000001
vn -0.100000 0.000072 0.000002
vn -0.100000 0.000072 0.000002
vn -0.100000 0.000072 0.000002
vn -0.100000 0.000072 -0.000001
vn -0.100000 0.000072 -0.000001
vn -0.100000 0.000072 -0.000001
vn -0.100000 0.000072 -0.000002
vn -0.100000 0.000072 -0.000002
vn -0.100000 0.000072 -0.000002
vn -0.100000 0.000071 -0.000001
vn -0.100000 0.000071 -0.000001
vn -0.100000 0.000071 -0.000001
vn -0.100000 0.000071 -0.000000
vn -0.100000 0.000071 -0.000000
vn -0.100000 0.000071 -0.000000
vn -0.100000 0.000071 0.000000
vn -0.100000 0.000071 0.000000
vn -0.100000 0.000071 0.000000
vn -0.100000 0.000071 -0.000000
vn -0.100000 0.000071 -0.000000
vn -0.100000 0.000071 -0.000000
vn -0.100000 0.000071 0.000000
vn -0.100000 0.000071 0.000000
vn -0.100000 0.000071 0.000000
vn -0.100000 0.000072 0.000001
vn -0.100000 0.000072 0.000001
vn -0.100000 0.000072 0.000001
vn -0.100000 0.000073 0.000000
vn -0.100000 0.000073 0.000000
vn -0.100000 0.000073 0.000000
vn -0.100000 0.000071 0.000000
vn -0.100000 0.000071 0.000000
vn -0.100000 0.000071 0.000000
vn -0.100000 0.000072 0.000000
vn -0.100000 0.000072 0.000000
vn -0.100000 0.000072 0.000000
vn -0.100000 0.000072 0.000000
vn -0.100000 0.000072 0.000000
vn -0.100000 0.000072 0.000000
vn -0.100000 0.000073 -0.000000
vn -0.100000 0.000073 -0.000000
vn -0.100000 0.000073 -0.000000
vn -0.100000 0.000071 0.000000
vn -0.100000 0.000071 0.000000
vn -0.100000 0.000071 0.000000
vn -0.100000 0.000072 -0.000000
vn -0.100000 0.000072 -0.000000
vn -0.100000 0.000072 -0.000000
vn -0.100000 0.000072 -0.000001
vn -0.100000 0.000072 -0.000001
vn -0.100000 0.000072 -0.000001
vn -0.100000 0.000071 0.000001
vn -0.100000 0.000071 0.000001
vn -0.100000 0.000071 0.000001
vn -0.100000 0.000072 -0.000001
vn -0.100000 0.000072 -0.000001
vn -0.100000 0.000072 0.000002
vn -0.100000 0.000072 0.000002
vn -0.100000 0.000072 0.000000
vn -0.100000 0.000072 0.000000
vn -0.100000 0.000072 0.000000
vn -0.100000 0.000072 -0.000000
vn -0.100000 0.000072 -0.000000
vn -0.100000 0.000072 -0.000000
vn -0.100000 0.000073 0.000001
vn -0.100000 0.000073 0.000001
vn -0.100000 0.000073 0.000001
vn -0.100000 0.000072 -0.000002
vn -0.100000 0.000072 -0.000002
vn -0.100000 0.000072 -0.000002
vn -0.100000 0.000073 0.000001
vn -0.100000 0.000073 0.000001
vn -0.100000 0.000073 0.000001
vn -0.100000 0.000073 0.000000
vn -0.100000 0.000073 0.000000
vn -0.100000 0.000073 0.000000
vn -0.100000 0.000072 -0.000001
vn -0.100000 0.000072 -0.000001
vn -0.100000 0.000072 -0.000001
vn -0.100000 0.000073 0.000000
vn -0.100000 0.000073 0.000000
vn -0.100000 0.000073 0.000000
vn -0.100000 0.000071 0.000000
vn -0.100000 0.000071 0.000000
vn -0.100000 0.000071 0.000000
vn -0.100000 0.000072 0.000000
vn -0.100000 0.000072 0.000000
vn -0.100000 0.000072 0.000000
vn -0.025796 -0.008403 -0.096249
vn -0.025796 -0.008403 -0.096249
vn -0.025796 -0.008403 -0.096249
vn -0.025796 -0.008402 -0.096249
vn -0.025796 -0.008402 -0.096249
vn -0.025796 -0.008402 -0.096249
vn -0.025784 0.008440 -0.096249
vn -0.025784 0.008440 -0.096249
vn -0.025784 0.008440 -0.096249
vn -0.025784 0.008439 -0.096250
vn -0.025784 0.008439 -0.096250
vn -0.025784 0.008439 -0.096250
vn -0.025772 0.025025 -0.093325
vn -0.025772 0.025025 -0.093325
vn -0.025772 0.025025 -0.093325
vn -0.025772 0.025026 -0.093325
vn -0.025772 0.025026 -0.093325
vn -0.025772 0.025026 -0.093325
vn -0.025761 0.040850 -0.087565
vn -0.025761 0.040850 -0.087565
vn -0.025761 0.040850 -0.087565
vn -0.025761 0.040850 -0.087565
vn -0.025761 0.040850 -0.087565
vn -0.025761 0.040850 -0.087565
vn -0.025750 0.055437 -0.079143
vn -0.025750 0.055437 -0.079143
vn -0.025750 0.055437 -0.079143
vn -0.025750 0.055438 -0.079143
vn -0.025750 0.055438 -0.079143
vn -0.025750 0.055438 -0.079143
vn -0.025741 0.068335 -0.068321
vn -0.025741 0.068335 -0.068321
vn -0.025741 0.068335 -0.068321
vn -0.025741 0.068335 -0.068321
vn -0.025741 0.068335 -0.068321
vn -0.025741 0.068335 -0.068321
vn -0.025733 0.079163 -0.055417
vn -0.025733 0.079163 -0.055417
vn -0.025733 0.079163 -0.055417
vn -0.025733 0.079163 -0.055417
vn -0.025733 0.079163 -0.055417
vn -0.025733 0.079163 -0.055417
vn -0.025727 0.087584 -0.040831
vn -0.025727 0.087584 -0.040831
vn -0.025727 0.087584 -0.040831
vn -0.025727 0.087585 -0.040830
vn -0.025727 0.087585 -0.040830
vn -0.025727 0.087585 -0.040830
vn -0.025723 0.093344 -0.025006
vn -0.025723 0.093344 -0.025006
vn -0.025723 0.093344 -0.025006
vn -0.025723 0.093343 -0.025009
vn -0.025723 0.093343 -0.025009
vn -0.025723 0.093343 -0.025009
vn -0.025721 0.096268 -0.008421
vn -0.025721 0.096268 -0.008421
vn -0.025721 0.096268 -0.008421
vn -0.025721 0.096268 -0.008418
vn -0.025721 0.096268 -0.008418
vn -0.025721 0.096268 -0.008418
vn -0.025721 0.096268 0.008421
vn -0.025721 0.096268 0.008421
vn -0.025721 0.096268 0.008421
vn -0.025721 0.096268 0.008418
vn -0.025721 0.096268 0.008418
vn -0.025721 0.096268 0.008418
vn -0.025723 0.093343 0.025007
vn -0.025723 0.093343 0.025007
vn -0.025723 0.093343 0.025007
vn -0.025723 0.093343 0.025009
vn -0.025723 0.093343 0.025009
vn -0.025723 0.093343 0.025009
vn -0.025727 0.087584 0.040830
vn -0.025727 0.087584 0.040830
vn -0.025727 0.087584 0.040830
vn -0.025727 0.087584 0.040830
vn -0.025727 0.087584 0.040830
vn -0.025727 0.087584 0.040830
vn -0.025733 0.079162 0.055418
vn -0.025733 0.079162 0.055418
vn -0.025733 0.079162 0.055418
vn -0.025733 0.079162 0.055418
vn -0.025733 0.079162 0.055418
vn -0.025733 0.079162 0.055418
vn -0.025741 0.068336 0.068320
vn -0.025741 0.068336 0.068320
vn -0.025741 0.068336 0.068320
vn -0.025741 0.068335 0.068321
vn -0.025741 0.068335 0.068321
vn -0.025741 0.068335 0.068321
vn -0.025750 0.055437 0.079143
vn -0.025750 0.055437 0.079143
vn -0.025750 0.055437 0.079143
vn -0.025750 0.055438 0.079142
vn -0.025750 0.055438 0.079142
vn -0.025750 0.055438 0.079142
vn -0.025761 0.040850 0.087565
vn -0.025761 0.040850 0.087565
vn -0.025761 0.040850 0.087565
vn -0.025761 0.040850 0.087565
vn -0.025761 0.040850 0.087565
vn -0.025761 0.040850 0.087565
vn -0.025772 0.025026 0.093325
vn -0.025772 0.025026 0.093325
vn -0.025772 0.025026 0.093325
vn -0.025772 0.025025 0.093325
vn -0.025772 0.025025 0.093325
vn -0.025772 0.025025 0.093325
vn -0.025784 0.008438 0.096250
vn -0.025784 0.008438 0.096250
vn -0.025784 0.008438 0.096250
vn -0.025784 0.008439 0.096250
vn -0.025784 0.008439 0.096250
vn -0.025784 0.008439 0.096250
vn -0.025796 -0.008401 0.096250
vn -0.025796 -0.008401 0.096250
vn -0.025796 -0.008401 0.096250
vn -0.025796 -0.008403 0.096249
vn -0.025796 -0.008403 0.096249
vn -0.025796 -0.008403 0.096249
vn -0.025808 -0.024988 0.093325
vn -0.025808 -0.024988 0.093325
vn -0.025808 -0.024988 0.093325
vn -0.025808 -0.024987 0.093325
vn -0.025808 -0.024987 0.093325
vn -0.025808 -0.024987 0.093325
vn -0.025819 -0.040813 0.087565
vn -0.025819 -0.040813 0.087565
vn -0.025819 -0.040813 0.087565
vn -0.025819 -0.040813 0.087565
vn -0.025819 -0.040813 0.087565
vn -0.025819 -0.040813 0.087565
vn -0.025830 -0.055401 0.079143
vn -0.025830 -0.055401 0.079143
vn -0.025830 -0.055401 0.079143
vn -0.025830 -0.055402 0.079142
vn -0.025830 -0.055402 0.079142
vn -0.025830 -0.055402 0.079142
vn -0.025839 -0.068300 0.068319
vn -0.025839 -0.068300 0.068319
vn -0.025839 -0.068300 0.068319
vn -0.025839 -0.068300 0.068319
vn -0.025839 -0.068300 0.068319
vn -0.025839 -0.068300 0.068319
vn -0.025847 -0.079126 0.055417
vn -0.025847 -0.079126 0.055417
vn -0.025847 -0.079126 0.055417
vn -0.025847 -0.079126 0.055418
vn -0.025847 -0.079126 0.055418
vn -0.025847 -0.079126 0.055418
vn -0.025853 -0.087546 0.040832
vn -0.025853 -0.087546 0.040832
vn -0.025853 -0.087546 0.040832
vn -0.025853 -0.087546 0.040833
vn -0.025853 -0.087546 0.040833
vn -0.025853 -0.087546 0.040833
vn -0.025857 -0.093306 0.025007
vn -0.025857 -0.093306 0.025007
vn -0.025857 -0.093306 0.025007
vn -0.025857 -0.093307 0.025005
vn -0.025857 -0.093307 0.025005
vn -0.025857 -0.093307 0.025005
vn -0.025859 -0.096231 0.008421
vn -0.025859 -0.096231 0.008421
vn -0.025859 -0.096231 0.008421
vn -0.025859 -0.096231 0.008422
vn -0.025859 -0.096231 0.008422
vn -0.025859 -0.096231 0.008422
vn -0.025859 -0.096231 -0.008421
vn -0.025859 -0.096231 -0.008421
vn -0.025859 -0.096231 -0.008421
vn -0.025859 -0.096231 -0.008422
vn -0.025859 -0.096231 -0.008422
vn -0.025859 -0.096231 -0.008422
vn -0.025857 -0.093307 -0.025006
vn -0.025857 -0.093307 -0.025006
vn -0.025857 -0.093307 -0.025006
vn -0.025857 -0.093307 -0.025006
vn -0.025857 -0.093307 -0.025006
vn -0.025857 -0.093307 -0.025006
vn -0.025853 -0.087546 -0.040834
vn -0.025853 -0.087546 -0.040834
vn -0.025853 -0.087546 -0.040834
vn -0.025853 -0.087546 -0.040833
vn -0.025853 -0.087546 -0.040833
vn -0.025853 -0.087546 -0.040833
vn -0.025847 -0.079126 -0.055417
vn -0.025847 -0.079126 -0.055417
vn -0.025847 -0.079126 -0.055417
vn -0.025847 -0.079126 -0.055417
vn -0.025847 -0.079126 -0.055417
vn -0.025847 -0.079126 -0.055417
vn -0.025839 -0.068299 -0.068319
vn -0.025839 -0.068299 -0.068319
vn -0.025839 -0.068299 -0.068319
vn -0.025839 -0.068299 -0.068319
vn -0.025839 -0.068299 -0.068319
vn -0.025839 -0.068299 -0.068319
vn -0.025830 -0.055400 -0.079143
vn -0.025830 -0.055400 -0.079143
vn -0.025830 -0.055400 -0.079143
vn -0.025830 -0.055400 -0.079143
vn -0.025830 -0.055400 -0.079143
vn -0.025830 -0.055400 -0.079143
vn -0.025819 -0.040813 -0.087565
vn -0.025819 -0.040813 -0.087565
vn -0.025819 -0.040813 -0.087565
vn -0.025819 -0.040812 -0.087565
vn -0.025819 -0.040812 -0.087565
vn -0.025819 -0.040812 -0.087565
vn -0.025808 -0.024987 -0.093325
vn -0.025808 -0.024987 -0.093325
vn -0.025808 -0.024987 -0.093325
vn -0.025808 -0.024987 -0.093325
vn -0.025808 -0.024987 -0.093325
vn -0.025808 -0.024987 -0.093325
vn -0.100000 0.000070 0.000001
vn -0.100000 0.000070 0.000001
vn -0.100000 0.000070 0.000001
vn -0.100000 0.000074 -0.000001
vn -0.100000 0.000074 -0.000001
vn -0.100000 0.000074 -0.000001
vn -0.100000 0.000072 -0.000000
vn -0.100000 0.000072 -0.000000
vn -0.100000 0.000072 -0.000000
vn -0.100000 0.000072 -0.000000
vn -0.100000 0.000072 -0.000000
vn -0.100000 0.000072 -0.000000
vn -0.100000 0.000072 -0.000000
vn -0.100000 0.000072 -0.000000
vn -0.100000 0.000072 -0.000000
vn -0.100000 0.000072 -0.000001
vn -0.100000 0.000072 -0.000001
vn -0.100000 0.000072 -0.000001
vn -0.100000 0.000072 0.000002
vn -0.100000 0.000072 0.000002
vn -0.100000 0.000072 0.000002
vn -0.100000 0.000072 -0.000001
vn -0.100000 0.000072 -0.000001
vn -0.100000 0.000072 -0.000001
vn -0.100000 0.000071 0.000001
vn -0.100000 0.000071 0.000001
vn -0.100000 0.000071 0.000001
vn -0.100000 0.000072 0.000001
vn -0.100000 0.000072 0.000001
vn -0.100000 0.000072 0.000001
vn -0.100000 0.000072 0.000001
vn -0.100000 0.000072 0.000001
vn -0.100000 0.000072 0.000001
vn -0.100000 0.000071 -0.000002
vn -0.100000 0.000071 -0.000002
vn -0.100000 0.000071 -0.000002
vn -0.100000 0.000071 -0.000000
vn -0.100000 0.000071 -0.000000
vn -0.100000 0.000071 -0.000000
vn -0.100000 0.000071 -0.000000
vn -0.100000 0.000071 -0.000000
vn -0.100000 0.000071 -0.000000
vn -0.100000 0.000071 -0.000000
vn -0.100000 0.000071 -0.000000
vn -0.100000 0.000071 -0.000000
vn -0.100000 0.000073 0.000000
vn -0.100000 0.000073 0.000000
vn -0.100000 0.000073 0.000000
vn -0.100000 0.000071 0.000000
vn -0.100000 0.000071 0.000000
vn -0.100000 0.000071 0.000000
vn -0.100000 0.000073 0.000000
vn -0.100000 0.000073 0.000000
vn -0.100000 0.000073 0.000000
vn -0.100000 0.000072 -0.000000
vn -0.100000 0.000072 -0.000000
vn -0.100000 0.000072 -0.000000
vn -0.100000 0.000073 -0.000000
vn -0.100000 0.000073 -0.000000
vn -0.100000 0.000073 -0.000000
vn -0.100000 0.000070 0.000000
vn -0.100000 0.000070 0.000000
vn -0.100000 0.000070 0.000000
vn -0.100000 0.000071 0.000001
vn -0.100000 0.000071 0.000001
vn -0.100000 0.000071 0.000001
vn -0.100000 0.000071 0.000001
vn -0.100000 0.000071 0.000001
vn -0.100000 0.000071 0.000001
vn -0.100000 0.000072 -0.000000
vn -0.100000 0.000072 -0.000000
vn -0.100000 0.000072 -0.000000
vn -0.100000 0.000072 -0.000001
vn -0.100000 0.000072 -0.000001
vn -0.100000 0.000072 0.000002
vn -0.100000 0.000072 0.000002
vn -0.100000 0.000072 -0.000002
vn -0.100000 0.000072 -0.000002
vn -0.100000 0.000072 -0.000002
vn -0.100000 0.000072 -0.000000
vn -0.100000 0.000072 -0.000000
vn -0.100000 0.000072 -0.000000
vn -0.100000 0.000072 -0.000000
vn -0.100000 0.000072 -0.000000
vn -0.100000 0.000072 -0.000000
vn -0.100000 0.000072 0.000001
vn -0.100000 0.000072 0.000001
vn -0.100000 0.000072 0.000001
vn -0.100000 0.000069 -0.000001
vn -0.100000 0.000069 -0.000001
vn -0.100000 0.000069 -0.000001
vn -0.100000 0.000074 0.000001
vn -0.100000 0.000074 0.000001
vn -0.100000 0.000074 0.000001
vn -0.100000 0.000071 -0.000001
vn -0.100000 0.000071 -0.000001
vn -0.100000 0.000071 -0.000001
vn -0.100000 0.000072 -0.000000
vn -0.100000 0.000072 -0.000000
vn -0.100000 0.000072 -0.000000
vn -0.100000 0.000072 -0.000000
vn -0.100000 0.000072 -0.000000
vn -0.100000 0.000072 -0.000000
vn -0.100000 0.000072 -0.000000
vn -0.100000 0.000072 -0.000000
vn -0.100000 0.000072 -0.000000
vn -0.025796 -0.008402 -0.096250
vn -0.025796 -0.008402 -0.096250
vn -0.025796 -0.008402 -0.096250
vn -0.025796 -0.008402 -0.096250
vn -0.025796 -0.008402 -0.096250
vn -0.025796 -0.008402 -0.096250
vn -0.025784 0.008439 -0.096250
vn -0.025784 0.008439 -0.096250
vn -0.025784 0.008439 -0.096250
vn -0.025784 0.008439 -0.096250
vn -0.025784 0.008439 -0.096250
vn -0.025784 0.008439 -0.096250
vn -0.025772 0.025026 -0.093325
vn -0.025772 0.025026 -0.093325
vn -0.025772 0.025026 -0.093325
vn -0.025772 0.025027 -0.093324
vn -0.025772 0.025027 -0.093324
vn -0.025772 0.025027 -0.093324
vn -0.025761 0.040851 -0.087565
vn -0.025761 0.040851 -0.087565
vn -0.025761 0.040851 -0.087565
vn -0.025761 0.040850 -0.087565
vn -0.025761 0.040850 -0.087565
vn -0.025761 0.040850 -0.087565
vn -0.025750 0.055437 -0.079143
vn -0.025750 0.055437 -0.079143
vn -0.025750 0.055437 -0.079143
vn -0.025750 0.055436 -0.079144
vn -0.025750 0.055436 -0.079144
vn -0.025750 0.055436 -0.079144
vn -0.025741 0.068335 -0.068320
vn -0.025741 0.068335 -0.068320
vn -0.025741 0.068335 -0.068320
vn -0.025741 0.068337 -0.068319
vn -0.025741 0.068337 -0.068319
vn -0.025741 0.068337 -0.068319
vn -0.025733 0.079163 -0.055417
vn -0.025733 0.079163 -0.055417
vn -0.025733 0.079163 -0.055417
vn -0.025733 0.079163 -0.055417
vn -0.025733 0.079163 -0.055417
vn -0.025733 0.079163 -0.055417
vn -0.025727 0.087584 -0.040831
vn -0.025727 0.087584 -0.040831
vn -0.025727 0.087584 -0.040831
vn -0.025727 0.087585 -0.040829
vn -0.025727 0.087585 -0.040829
vn -0.025727 0.087585 -0.040829
vn -0.025723 0.093344 -0.025006
vn -0.025723 0.093344 -0.025006
vn -0.025723 0.093344 -0.025006
vn -0.025723 0.093344 -0.025006
vn -0.025723 0.093344 -0.025006
vn -0.025723 0.093344 -0.025006
vn -0.025721 0.096268 -0.008421
vn -0.025721 0.096268 -0.008421
vn -0.025721 0.096268 -0.008421
vn -0.025721 0.096268 -0.008422
vn -0.025721 0.096268 -0.008422
vn -0.025721 0.096268 -0.008422
vn -0.025721 0.096268 0.008421
vn -0.025721 0.096268 0.008421
vn -0.025721 0.096268 0.008421
vn -0.025721 0.096268 0.008422
vn -0.025721 0.096268 0.008422
vn -0.025721 0.096268 0.008422
vn -0.025723 0.093343 0.025007
vn -0.025723 0.093343 0.025007
vn -0.025723 0.093343 0.025007
vn -0.025723 0.093344 0.025006
vn -0.025723 0.093344 0.025006
vn -0.025723 0.093344 0.025006
vn -0.025727 0.087584 0.040831
vn -0.025727 0.087584 0.040831
vn -0.025727 0.087584 0.040831
vn -0.025727 0.087585 0.040830
vn -0.025727 0.087585 0.040830
vn -0.025727 0.087585 0.040830
vn -0.025733 0.079163 0.055417
vn -0.025733 0.079163 0.055417
vn -0.025733 0.079163 0.055417
vn -0.025733 0.079162 0.055418
vn -0.025733 0.079162 0.055418
vn -0.025733 0.079162 0.055418
vn -0.025741 0.068336 0.068320
vn -0.025741 0.068336 0.068320
vn -0.025741 0.068336 0.068320
vn -0.025741 0.068337 0.068319
vn -0.025741 0.068337 0.068319
vn -0.025741 0.068337 0.068319
vn -0.025750 0.055436 0.079144
vn -0.025750 0.055436 0.079144
vn -0.025750 0.055436 0.079144
vn -0.025750 0.055435 0.079144
vn -0.025750 0.055435 0.079144
vn -0.025750 0.055435 0.079144
vn -0.025761 0.040852 0.087564
vn -0.025761 0.040852 0.087564
vn -0.025761 0.040852 0.087564
vn -0.025761 0.040851 0.087565
vn -0.025761 0.040851 0.087565
vn -0.025761 0.040851 0.087565
vn -0.025772 0.025025 0.093325
vn -0.025772 0.025025 0.093325
vn -0.025772 0.025025 0.093325
vn -0.025772 0.025024 0.093325
vn -0.025772 0.025024 0.093325
vn -0.025772 0.025024 0.093325
vn -0.025784 0.008438 0.096250
vn -0.025784 0.008438 0.096250
vn -0.025784 0.008438 0.096250
vn -0.025784 0.008441 0.096249
vn -0.025784 0.008441 0.096249
vn -0.025784 0.008441 0.096249
vn -0.025796 -0.008401 0.096250
vn -0.025796 -0.008401 0.096250
vn -0.025796 -0.008401 0.096250
vn -0.025796 -0.008404 0.096249
vn -0.025796 -0.008404 0.096249
vn -0.025796 -0.008404 0.096249
vn -0.025808 -0.024988 0.093325
vn -0.025808 -0.024988 0.093325
vn -0.025808 -0.024988 0.093325
vn -0.025808 -0.024987 0.093325
vn -0.025808 -0.024987 0.093325
vn -0.025808 -0.024987 0.093325
vn -0.025819 -0.040814 0.087565
vn -0.025819 -0.040814 0.087565
vn -0.025819 -0.040814 0.087565
vn -0.025819 -0.040816 0.087564
vn -0.025819 -0.040816 0.087564
vn -0.025819 -0.040816 0.087564
vn -0.025830 -0.055399 0.079144
vn -0.025830 -0.055399 0.079144
vn -0.025830 -0.055399 0.079144
vn -0.025830 -0.055399 0.079144
vn -0.025830 -0.055399 0.079144
vn -0.025830 -0.055399 0.079144
vn -0.025839 -0.068301 0.068318
vn -0.025839 -0.068301 0.068318
vn -0.025839 -0.068301 0.068318
vn -0.025839 -0.068300 0.068319
vn -0.025839 -0.068300 0.068319
vn -0.025839 -0.068300 0.068319
vn -0.025847 -0.079126 0.055417
vn -0.025847 -0.079126 0.055417
vn -0.025847 -0.079126 0.055417
vn -0.025847 -0.079126 0.055418
vn -0.025847 -0.079126 0.055418
vn -0.025847 -0.079126 0.055418
vn -0.025853 -0.087546 0.040833
vn -0.025853 -0.087546 0.040833
vn -0.025853 -0.087546 0.040833
vn -0.025853 -0.087546 0.040833
vn -0.025853 -0.087546 0.040833
vn -0.025853 -0.087546 0.040833
vn -0.025857 -0.093306 0.025006
vn -0.025857 -0.093306 0.025006
vn -0.025857 -0.093306 0.025006
vn -0.025857 -0.093307 0.025005
vn -0.025857 -0.093307 0.025005
vn -0.025857 -0.093307 0.025005
vn -0.025859 -0.096231 0.008421
vn -0.025859 -0.096231 0.008421
vn -0.025859 -0.096231 0.008421
vn -0.025859 -0.096231 0.008422
vn -0.025859 -0.096231 0.008422
vn -0.025859 -0.096231 0.008422
vn -0.025859 -0.096231 -0.008421
vn -0.025859 -0.096231 -0.008421
vn -0.025859 -0.096231 -0.008421
vn -0.025859 -0.096231 -0.008422
vn -0.025859 -0.096231 -0.008422
vn -0.025859 -0.096231 -0.008422
vn -0.025857 -0.093307 -0.025006
vn -0.025857 -0.093307 -0.025006
vn -0.025857 -0.093307 -0.025006
vn -0.025857 -0.093306 -0.025006
vn -0.025857 -0.093306 -0.025006
vn -0.025857 -0.093306 -0.025006
vn -0.025853 -0.087546 -0.040833
vn -0.025853 -0.087546 -0.040833
vn -0.025853 -0.087546 -0.040833
vn -0.025853 -0.087546 -0.040833
vn -0.025853 -0.087546 -0.040833
vn -0.025853 -0.087546 -0.040833
vn -0.025847 -0.079126 -0.055417
vn -0.025847 -0.079126 -0.055417
vn -0.025847 -0.079126 -0.055417
vn -0.025847 -0.079126 -0.055417
vn -0.025847 -0.079126 -0.055417
vn -0.025847 -0.079126 -0.055417
vn -0.025839 -0.068300 -0.068319
vn -0.025839 -0.068300 -0.068319
vn -0.025839 -0.068300 -0.068319
vn -0.025839 -0.068299 -0.068319
vn -0.025839 -0.068299 -0.068319
vn -0.025839 -0.068299 -0.068319
vn -0.025830 -0.055400 -0.079144
vn -0.025830 -0.055400 -0.079144
vn -0.025830 -0.055400 -0.079144
vn -0.025830 -0.055398 -0.079144
vn -0.025830 -0.055398 -0.079144
vn -0.025830 -0.055398 -0.079144
vn -0.025819 -0.040812 -0.087565
vn -0.025819 -0.040812 -0.087565
vn -0.025819 -0.040812 -0.087565
vn -0.025819 -0.040814 -0.087565
vn -0.025819 -0.040814 -0.087565
vn -0.025819 -0.040814 -0.087565
vn -0.025808 -0.024989 -0.093325
vn -0.025808 -0.024989 -0.093325
vn -0.025808 -0.024989 -0.093325
vn -0.025808 -0.024990 -0.093324
vn -0.025808 -0.024990 -0.093324
vn -0.025808 -0.024990 -0.093324
vn -0.100000 0.000072 0.000000
vn -0.100000 0.000072 0.000000
vn -0.100000 0.000072 0.000000
vn -0.100000 0.000073 -0.000000
vn -0.100000 0.000073 -0.000000
vn -0.100000 0.000073 -0.000000
vn -0.100000 0.000071 0.000000
vn -0.100000 0.000071 0.000000
vn -0.100000 0.000071 0.000000
vn -0.100000 0.000072 -0.000000
vn -0.100000 0.000072 -0.000000
vn -0.100000 0.000072 -0.000000
vn -0.100000 0.000072 -0.000001
vn -0.100000 0.000072 -0.000001
vn -0.100000 0.000072 -0.000001
vn -0.100000 0.000071 0.000001
vn -0.100000 0.000071 0.000001
vn -0.100000 0.000071 0.000001
vn -0.100000 0.000072 -0.000001
vn -0.100000 0.000072 -0.000001
vn -0.100000 0.000072 -0.000001
vn -0.100000 0.000072 0.000002
vn -0.100000 0.000072 0.000002
vn -0.100000 0.000072 0.000002
vn -0.100000 0.000072 0.000000
vn -0.100000 0.000072 0.000000
vn -0.100000 0.000072 0.000000
vn -0.100000 0.000072 -0.000000
vn -0.100000 0.000072 -0.000000
vn -0.100000 0.000072 -0.000000
vn -0.100000 0.000073 0.000001
vn -0.100000 0.000073 0.000001
vn -0.100000 0.000073 0.000001
vn -0.100000 0.000072 -0.000002
vn -0.100000 0.000072 -0.000002
vn -0.100000 0.000072 -0.000002
vn -0.100000 0.000073 0.000001
vn -0.100000 0.000073 0.000001
vn -0.100000 0.000073 0.000001
vn -0.100000 0.000073 0.000000
vn -0.100000 0.000073 0.000000
vn -0.100000 0.000073 0.000000
vn -0.100000 0.000072 -0.000001
vn -0.100000 0.000072 -0.000001
vn -0.100000 0.000072 -0.000001
vn -0.100000 0.000073 0.000000
vn -0.100000 0.000073 0.000000
vn -0.100000 0.000073 0.000000
vn -0.100000 0.000071 0.000000
vn -0.100000 0.000071 0.000000
vn -0.100000 0.000071 0.000000
vn -0.100000 0.000072 0.000000
vn -0.100000 0.000072 0.000000
vn -0.100000 0.000072 0.000000
vn -0.100000 0.000071 0.000000
vn -0.100000 0.000071 0.000000
vn -0.100000 0.000071 0.000000
vn -0.100000 0.000070 0.000001
vn -0.100000 0.000070 0.000001
vn -0.100000 0.000070 0.000001
vn -0.100000 0.000071 0.000000
vn -0.100000 0.000071 0.000000
vn -0.100000 0.000071 0.000000
vn -0.100000 0.000071 0.000001
vn -0.100000 0.000071 0.000001
vn -0.100000 0.000071 0.000001
vn -0.100000 0.000072 -0.000000
vn -0.100000 0.000072 -0.000000
vn -0.100000 0.000072 -0.000000
vn -0.100000 0.000072 -0.000001
vn -0.100000 0.000072 -0.000001
vn -0.100000 0.000072 -0.000001
vn -0.100000 0.000072 0.000002
vn -0.100000 0.000072 0.000002
vn -0.100000 0.000072 -0.000001
vn -0.100000 0.000072 -0.000001
vn -0.100000 0.000072 -0.000002
vn -0.100000 0.000072 -0.000002
vn -0.100000 0.000072 -0.000002
vn -0.100000 0.000071 -0.000001
vn -0.100000 0.000071 -0.000001
vn -0.100000 0.000071 -0.000001
vn -0.100000 0.000071 -0.000000
vn -0.100000 0.000071 -0.000000
vn -0.100000 0.000071 -0.000000
vn -0.100000 0.000071 0.000000
vn -0.100000 0.000071 0.000000
vn -0.100000 0.000071 0.000000
vn -0.100000 0.000071 -0.000000
vn -0.100000 0.000071 -0.000000
vn -0.100000 0.000071 -0.000000
vn -0.100000 0.000071 0.000000
vn -0.100000 0.000071 0.000000
vn -0.100000 0.000071 0.000000
vn -0.100000 0.000072 0.000001
vn -0.100000 0.000072 0.000001
vn -0.100000 0.000072 0.000001
vn -0.100000 0.000073 0.000000
vn -0.100000 0.000073 0.000000
vn -0.100000 0.000073 0.000000
vn -0.100000 0.000071 0.000000
vn -0.100000 0.000071 0.000000
vn -0.100000 0.000071 0.000000
vn -0.100000 0.000072 0.000000
vn -0.100000 0.000072 0.000000
vn -0.100000 0.000072 0.000000
vn -0.025784 0.008438 0.096250
vn -0.025784 0.008438 0.096250
vn -0.025784 0.008438 0.096250
vn -0.025784 0.008439 0.096250
vn -0.025784 0.008439 0.096250
vn -0.025784 0.008439 0.096250
vn -0.025796 -0.008401 0.096250
vn -0.025796 -0.008401 0.096250
vn -0.025796 -0.008401 0.096250
vn -0.025796 -0.008403 0.096249
vn -0.025796 -0.008403 0.096249
vn -0.025796 -0.008403 0.096249
vn -0.025808 -0.024989 0.093325
vn -0.025808 -0.024989 0.093325
vn -0.025808 -0.024989 0.093325
vn -0.025808 -0.024988 0.093325
vn -0.025808 -0.024988 0.093325
vn -0.025808 -0.024988 0.093325
vn -0.025819 -0.040813 0.087565
vn -0.025819 -0.040813 0.087565
vn -0.025819 -0.040813 0.087565
vn -0.025819 -0.040814 0.087565
vn -0.025819 -0.040814 0.087565
vn -0.025819 -0.040814 0.087565
vn -0.025830 -0.055400 0.079143
vn -0.025830 -0.055400 0.079143
vn -0.025830 -0.055400 0.079143
vn -0.025830 -0.055400 0.079143
vn -0.025830 -0.055400 0.079143
vn -0.025830 -0.055400 0.079143
vn -0.025839 -0.068300 0.068319
vn -0.025839 -0.068300 0.068319
vn -0.025839 -0.068300 0.068319
vn -0.025839 -0.068299 0.068319
vn -0.025839 -0.068299 0.068319
vn -0.025839 -0.068299 0.068319
vn -0.025847 -0.079125 0.055418
vn -0.025847 -0.079125 0.055418
vn -0.025847 -0.079125 0.055418
vn -0.025847 -0.079125 0.055418
vn -0.025847 -0.079125 0.055418
vn -0.025847 -0.079125 0.055418
vn -0.025853 -0.087547 0.040831
vn -0.025853 -0.087547 0.040831
vn -0.025853 -0.087547 0.040831
vn -0.025853 -0.087547 0.040832
vn -0.025853 -0.087547 0.040832
vn -0.025853 -0.087547 0.040832
vn -0.025857 -0.093306 0.025007
vn -0.025857 -0.093306 0.025007
vn -0.025857 -0.093306 0.025007
vn -0.025857 -0.093307 0.025006
vn -0.025857 -0.093307 0.025006
vn -0.025857 -0.093307 0.025006
vn -0.025859 -0.096231 0.008420
vn -0.025859 -0.096231 0.008420
vn -0.025859 -0.096231 0.008420
vn -0.025859 -0.096231 0.008420
vn -0.025859 -0.096231 0.008420
vn -0.025859 -0.096231 0.008420
vn -0.025859 -0.096231 -0.008421
vn -0.025859 -0.096231 -0.008421
vn -0.025859 -0.096231 -0.008421
vn -0.025859 -0.096231 -0.008420
vn -0.025859 -0.096231 -0.008420
vn -0.025859 -0.096231 -0.008420
vn -0.025857 -0.093307 -0.025006
vn -0.025857 -0.093307 -0.025006
vn -0.025857 -0.093307 -0.025006
vn -0.025857 -0.093306 -0.025006
vn -0.025857 -0.093306 -0.025006
vn -0.025857 -0.093306 -0.025006
vn -0.025853 -0.087546 -0.040833
vn -0.025853 -0.087546 -0.040833
vn -0.025853 -0.087546 -0.040833
vn -0.025853 -0.087547 -0.040831
vn -0.025853 -0.087547 -0.040831
vn -0.025853 -0.087547 -0.040831
vn -0.025847 -0.079126 -0.055417
vn -0.025847 -0.079126 -0.055417
vn -0.025847 -0.079126 -0.055417
vn -0.025847 -0.079126 -0.055417
vn -0.025847 -0.079126 -0.055417
vn -0.025847 -0.079126 -0.055417
vn -0.025839 -0.068299 -0.068320
vn -0.025839 -0.068299 -0.068320
vn -0.025839 -0.068299 -0.068320
vn -0.025839 -0.068299 -0.068320
vn -0.025839 -0.068299 -0.068320
vn -0.025839 -0.068299 -0.068320
vn -0.025830 -0.055400 -0.079143
vn -0.025830 -0.055400 -0.079143
vn -0.025830 -0.055400 -0.079143
vn -0.025830 -0.055399 -0.079144
vn -0.025830 -0.055399 -0.079144
vn -0.025830 -0.055399 -0.079144
vn -0.025819 -0.040813 -0.087565
vn -0.025819 -0.040813 -0.087565
vn -0.025819 -0.040813 -0.087565
vn -0.025819 -0.040813 -0.087565
vn -0.025819 -0.040813 -0.087565
vn -0.025819 -0.040813 -0.087565
vn -0.025808 -0.024988 -0.093325
vn -0.025808 -0.024988 -0.093325
vn -0.025808 -0.024988 -0.093325
vn -0.025808 -0.024988 -0.093325
vn -0.025808 -0.024988 -0.093325
vn -0.025808 -0.024988 -0.093325
vn -0.025796 -0.008403 -0.096249
vn -0.025796 -0.008403 -0.096249
vn -0.025796 -0.008403 -0.096249
vn -0.025796 -0.008402 -0.096250
vn -0.025796 -0.008402 -0.096250
vn -0.025796 -0.008402 -0.096250
vn -0.025784 0.008440 -0.096249
vn -0.025784 0.008440 -0.096249
vn -0.025784 0.008440 -0.096249
vn -0.025784 0.008439 -0.096250
vn -0.025784 0.008439 -0.096250
vn -0.025784 0.008439 -0.096250
vn -0.025772 0.025024 -0.093325
vn -0.025772 0.025024 -0.093325
vn -0.025772 0.025024 -0.093325
vn -0.025772 0.025025 -0.093325
vn -0.025772 0.025025 -0.093325
vn -0.025772 0.025025 -0.093325
vn -0.025761 0.040850 -0.087565
vn -0.025761 0.040850 -0.087565
vn -0.025761 0.040850 -0.087565
vn -0.025761 0.040850 -0.087565
vn -0.025761 0.040850 -0.087565
vn -0.025761 0.040850 -0.087565
vn -0.025750 0.055437 -0.079143
vn -0.025750 0.055437 -0.079143
vn -0.025750 0.055437 -0.079143
vn -0.025750 0.055436 -0.079144
vn -0.025750 0.055436 -0.079144
vn -0.025750 0.055436 -0.079144
vn -0.025741 0.068337 -0.068319
vn -0.025741 0.068337 -0.068319
vn -0.025741 0.068337 -0.068319
vn -0.025741 0.068337 -0.068319
vn -0.025741 0.068337 -0.068319
vn -0.025741 0.068337 -0.068319
vn -0.025733 0.079163 -0.055417
vn -0.025733 0.079163 -0.055417
vn -0.025733 0.079163 -0.055417
vn -0.025733 0.079163 -0.055417
vn -0.025733 0.079163 -0.055417
vn -0.025733 0.079163 -0.055417
vn -0.025727 0.087584 -0.040832
vn -0.025727 0.087584 -0.040832
vn -0.025727 0.087584 -0.040832
vn -0.025727 0.087583 -0.040832
vn -0.025727 0.087583 -0.040832
vn -0.025727 0.087583 -0.040832
vn -0.025723 0.093343 -0.025007
vn -0.025723 0.093343 -0.025007
vn -0.025723 0.093343 -0.025007
vn -0.025723 0.093343 -0.025007
vn -0.025723 0.093343 -0.025007
vn -0.025723 0.093343 -0.025007
vn -0.025721 0.096268 -0.008420
vn -0.025721 0.096268 -0.008420
vn -0.025721 0.096268 -0.008420
vn -0.025721 0.096268 -0.008420
vn -0.025721 0.096268 -0.008420
vn -0.025721 0.096268 -0.008420
vn -0.025721 0.096268 0.008420
vn -0.025721 0.096268 0.008420
vn -0.025721 0.096268 0.008420
vn -0.025721 0.096268 0.008420
vn -0.025721 0.096268 0.008420
vn -0.025721 0.096268 0.008420
vn -0.025723 0.093343 0.025007
vn -0.025723 0.093343 0.025007
vn -0.025723 0.093343 0.025007
vn -0.025723 0.093343 0.025007
vn -0.025723 0.093343 0.025007
vn -0.025723 0.093343 0.025007
vn -0.025727 0.087584 0.040831
vn -0.025727 0.087584 0.040831
vn -0.025727 0.087584 0.040831
vn -0.025727 0.087583 0.040833
vn -0.025727 0.087583 0.040833
vn -0.025727 0.087583 0.040833
vn -0.025733 0.079162 0.055418
vn -0.025733 0.079162 0.055418
vn -0.025733 0.079162 0.055418
vn -0.025733 0.079162 0.055418
vn -0.025733 0.079162 0.055418
vn -0.025733 0.079162 0.055418
vn -0.025741 0.068337 0.068319
vn -0.025741 0.068337 0.068319
vn -0.025741 0.068337 0.068319
vn -0.025741 0.068337 0.068319
vn -0.025741 0.068337 0.068319
vn -0.025741 0.068337 0.068319
vn -0.025750 0.055437 0.079143
vn -0.025750 0.055437 0.079143
vn -0.025750 0.055437 0.079143
vn -0.025750 0.055437 0.079143
vn -0.025750 0.055437 0.079143
vn -0.025750 0.055437 0.079143
vn -0.025761 0.040850 0.087565
vn -0.025761 0.040850 0.087565
vn -0.025761 0.040850 0.087565
vn -0.025761 0.040850 0.087565
vn -0.025761 0.040850 0.087565
vn -0.025761 0.040850 0.087565
vn -0.025772 0.025025 0.093325
vn -0.025772 0.025025 0.093325
vn -0.025772 0.025025 0.093325
vn -0.025772 0.025025 0.093325
vn -0.025772 0.025025 0.093325
vn -0.025772 0.025025 0.093325
vn -0.100000 0.000072 0.000000
vn -0.100000 0.000072 0.000000
vn -0.100000 0.000072 0.000000
vn -0.100000 0.000072 0.000000
vn 0.000001 0.000000 -0.100000
vn 0.000001 0.000000 -0.100000
vn 0.000001 0.000000 -0.100000
vn 0.000001 0.000000 -0.100000
vn -0.000000 -0.000000 0.100000
vn -0.000000 -0.000000 0.100000
vn -0.000000 -0.000000 0.100000
vn -0.000000 -0.000000 0.100000
vn 0.000072 0.100000 0.000000
vn 0.000072 0.100000 0.000000
vn 0.000072 0.100000 0.000000
vn 0.000072 0.100000 0.000000
vn -0.100000 0.000072 0.000000
vn -0.100000 0.000072 0.000000
vn -0.100000 0.000072 0.000000
vn -0.100000 0.000072 0.000000
vn 0.000001 0.000000 -0.100000
vn 0.000001 0.000000 -0.100000
vn 0.000001 0.000000 -0.100000
vn 0.000001 0.000000 -0.100000
vn -0.000000 -0.000000 0.100000
vn -0.000000 -0.000000 0.100000
vn -0.000000 -0.000000 0.100000
vn -0.000000 -0.000000 0.100000
vn -0.100000 0.000072 0.000000
vn -0.100000 0.000072 0.000000
vn -0.100000 0.000072 0.000000
vn -0.100000 0.000072 0.000000
vn 0.000001 0.000000 -0.100000
vn 0.000001 0.000000 -0.100000
vn 0.000001 0.000000 -0.100000
vn 0.000001 0.000000 -0.100000
vn -0.000072 -0.100000 -0.000000
vn -0.000072 -0.100000 -0.000000
vn -0.000072 -0.100000 -0.000000
vn -0.000072 -0.100000 -0.000000
vn -0.000000 -0.000000 0.100000
vn -0.000000 -0.000000 0.100000
vn -0.000000 -0.000000 0.100000
vn -0.000000 -0.000000 0.100000
vn -0.100000 0.000072 0.000000
vn -0.100000 0.000072 0.000000
vn -0.100000 0.000072 0.000000
vn -0.100000 0.000072 0.000000
vn 0.000001 0.000000 -0.100000
vn 0.000001 0.000000 -0.100000
vn 0.000001 0.000000 -0.100000
vn 0.000001 0.000000 -0.100000
vn -0.000000 -0.000000 0.100000
vn -0.000000 -0.000000 0.100000
vn -0.000000 -0.000000 0.100000
vn -0.000000 -0.000000 0.100000
vn -0.100000 0.000072 0.000000
vn -0.100000 0.000072 0.000000
vn -0.100000 0.000072 0.000000
vn -0.100000 0.000072 0.000000
vn 0.000001 0.000000 -0.100000
vn 0.000001 0.000000 -0.100000
vn 0.000001 0.000000 -0.100000
vn 0.000001 0.000000 -0.100000
vn -0.000000 -0.000000 0.100000
vn -0.000000 -0.000000 0.100000
vn -0.000000 -0.000000 0.100000
vn -0.000000 -0.000000 0.100000
vn -0.100000 0.000072 0.000000
vn -0.100000 0.000072 0.000000
vn -0.100000 0.000072 0.000000
vn -0.100000 0.000072 0.000000
vn 0.000001 0.000000 -0.100000
vn 0.000001 0.000000 -0.100000
vn 0.000001 0.000000 -0.100000
vn 0.000001 0.000000 -0.100000
vn -0.000000 -0.000000 0.100000
vn -0.000000 -0.000000 0.100000
vn -0.000000 -0.000000 0.100000
vn -0.000000 -0.000000 0.100000
vn -0.100000 0.000072 0.000000
vn -0.100000 0.000072 0.000000
vn -0.100000 0.000072 0.000000
vn -0.100000 0.000072 0.000000
vn 0.000001 0.000000 -0.100000
vn 0.000001 0.000000 -0.100000
vn 0.000001 0.000000 -0.100000
vn 0.000001 0.000000 -0.100000
vn -0.000000 -0.000000 0.100000
vn -0.000000 -0.000000 0.100000
vn -0.000000 -0.000000 0.100000
vn -0.000000 -0.000000 0.100000
vn 0.100000 -0.000071 -0.000000
vn 0.100000 -0.000071 -0.000000
vn 0.100000 -0.000071 -0.000000
vn 0.100000 -0.000071 0.000000
vn 0.100000 -0.000071 0.000000
vn 0.100000 -0.000071 0.000000
vn 0.100000 -0.000072 -0.000000
vn 0.100000 -0.000072 -0.000000
vn 0.100000 -0.000072 -0.000000
vn 0.100000 -0.000072 -0.000001
vn 0.100000 -0.000072 -0.000001
vn 0.100000 -0.000072 -0.000001
vn 0.100000 -0.000071 0.000000
vn 0.100000 -0.000071 0.000000
vn 0.100000 -0.000071 0.000000
vn 0.100000 -0.000072 -0.000000
vn 0.100000 -0.000072 -0.000000
vn 0.100000 -0.000072 -0.000000
vn 0.100000 -0.000072 0.000000
vn 0.100000 -0.000072 0.000000
vn 0.100000 -0.000072 0.000000
vn 0.100000 -0.000072 -0.000001
vn 0.100000 -0.000072 -0.000001
vn 0.100000 -0.000072 -0.000001
vn 0.100000 -0.000072 0.000000
vn 0.100000 -0.000072 0.000000
vn 0.100000 -0.000072 0.000000
vn 0.100000 -0.000071 -0.000000
vn 0.100000 -0.000071 -0.000000
vn 0.100000 -0.000071 -0.000000
vn 0.100000 -0.000072 0.000001
vn 0.100000 -0.000072 0.000001
vn 0.100000 -0.000072 0.000001
vn 0.100000 -0.000072 -0.000000
vn 0.100000 -0.000072 -0.000000
vn 0.100000 -0.000072 -0.000000
vn 0.100000 -0.000073 0.000001
vn 0.100000 -0.000073 0.000001
vn 0.100000 -0.000073 0.000001
vn 0.100000 -0.000071 -0.000000
vn 0.100000 -0.000071 -0.000000
vn 0.100000 -0.000071 -0.000000
vn 0.100000 -0.000071 -0.000000
vn 0.100000 -0.000071 -0.000000
vn 0.100000 -0.000071 -0.000000
vn 0.100000 -0.000071 0.000000
vn 0.100000 -0.000071 0.000000
vn 0.100000 -0.000071 0.000000
vn 0.100000 -0.000073 0.000000
vn 0.100000 -0.000073 0.000000
vn 0.100000 -0.000073 0.000000
vn 0.100000 -0.000071 -0.000000
vn 0.100000 -0.000071 -0.000000
vn 0.100000 -0.000071 -0.000000
vn 0.100000 -0.000072 -0.000000
vn 0.100000 -0.000072 -0.000000
vn 0.100000 -0.000072 -0.000000
vn 0.100000 -0.000070 0.000001
vn 0.100000 -0.000070 0.000001
vn 0.100000 -0.000070 0.000001
vn 0.100000 -0.000073 -0.000000
vn 0.100000 -0.000073 -0.000000
vn 0.100000 -0.000073 -0.000000
vn 0.100000 -0.000071 0.000001
vn 0.100000 -0.000071 0.000001
vn 0.100000 -0.000071 0.000001
vn 0.100000 -0.000072 -0.000000
vn 0.100000 -0.000072 -0.000000
vn 0.100000 -0.000072 -0.000000
vn 0.100000 -0.000072 -0.000000
vn 0.100000 -0.000072 -0.000000
vn 0.100000 -0.000072 -0.000000
vn 0.100000 -0.000072 -0.000001
vn 0.100000 -0.000072 -0.000001
vn 0.100000 -0.000072 0.000000
vn 0.100000 -0.000072 0.000000
vn 0.100000 -0.000072 -0.000000
vn 0.100000 -0.000072 -0.000000
vn 0.100000 -0.000072 -0.000000
vn 0.100000 -0.000072 0.000000
vn 0.100000 -0.000072 0.000000
vn 0.100000 -0.000072 0.000000
vn 0.100000 -0.000071 -0.000001
vn 0.100000 -0.000071 -0.000001
vn 0.100000 -0.000071 -0.000001
vn 0.100000 -0.000072 0.000000
vn 0.100000 -0.000072 0.000000
vn 0.100000 -0.000072 0.000000
vn 0.100000 -0.000073 0.000000
vn 0.100000 -0.000073 0.000000
vn 0.100000 -0.000073 0.000000
vn 0.100000 -0.000072 -0.000000
vn 0.100000 -0.000072 -0.000000
vn 0.100000 -0.000072 -0.000000
vn 0.100000 -0.000072 -0.000000
vn 0.100000 -0.000072 -0.000000
vn 0.100000 -0.000072 -0.000000
vn 0.100000 -0.000071 -0.000000
vn 0.100000 -0.000071 -0.000000
vn 0.100000 -0.000071 -0.000000
vn 0.100000 -0.000073 -0.000000
vn 0.100000 -0.000073 -0.000000
vn 0.100000 -0.000073 -0.000000
vn 0.100000 -0.000071 -0.000000
vn 0.100000 -0.000071 -0.000000
vn 0.100000 -0.000071 -0.000000
vn 0.025784 -0.008439 0.096250
vn 0.025784 -0.008439 0.096250
vn 0.025784 -0.008439 0.096250
vn 0.025784 -0.008439 0.096250
vn 0.025784 -0.008439 0.096250
vn 0.025784 -0.008439 0.096250
vn 0.025796 0.008401 0.096250
vn 0.025796 0.008401 0.096250
vn 0.025796 0.008401 0.096250
vn 0.025796 0.008402 0.096250
vn 0.025796 0.008402 0.096250
vn 0.025796 0.008402 0.096250
vn 0.025808 0.024988 0.093325
vn 0.025808 0.024988 0.093325
vn 0.025808 0.024988 0.093325
vn 0.025808 0.024988 0.093325
vn 0.025808 0.024988 0.093325
vn 0.025808 0.024988 0.093325
vn 0.025819 0.040813 0.087565
vn 0.025819 0.040813 0.087565
vn 0.025819 0.040813 0.087565
vn 0.025819 0.040813 0.087565
vn 0.025819 0.040813 0.087565
vn 0.025819 0.040813 0.087565
vn 0.025830 0.055399 0.079144
vn 0.025830 0.055399 0.079144
vn 0.025830 0.055399 0.079144
vn 0.025829 0.055398 0.079145
vn 0.025829 0.055398 0.079145
vn 0.025829 0.055398 0.079145
vn 0.025839 0.068300 0.068319
vn 0.025839 0.068300 0.068319
vn 0.025839 0.068300 0.068319
vn 0.025839 0.068301 0.068318
vn 0.025839 0.068301 0.068318
vn 0.025839 0.068301 0.068318
vn 0.025847 0.079125 0.055418
vn 0.025847 0.079125 0.055418
vn 0.025847 0.079125 0.055418
vn 0.025847 0.079125 0.055418
vn 0.025847 0.079125 0.055418
vn 0.025847 0.079125 0.055418
vn 0.025853 0.087547 0.040832
vn 0.025853 0.087547 0.040832
vn 0.025853 0.087547 0.040832
vn 0.025853 0.087547 0.040832
vn 0.025853 0.087547 0.040832
vn 0.025853 0.087547 0.040832
vn 0.025857 0.093306 0.025007
vn 0.025857 0.093306 0.025007
vn 0.025857 0.093306 0.025007
vn 0.025857 0.093307 0.025006
vn 0.025857 0.093307 0.025006
vn 0.025857 0.093307 0.025006
vn 0.025859 0.096231 0.008421
vn 0.025859 0.096231 0.008421
vn 0.025859 0.096231 0.008421
vn 0.025859 0.096231 0.008422
vn 0.025859 0.096231 0.008422
vn 0.025859 0.096231 0.008422
vn 0.025859 0.096231 -0.008421
vn 0.025859 0.096231 -0.008421
vn 0.025859 0.096231 -0.008421
vn 0.025859 0.096231 -0.008422
vn 0.025859 0.096231 -0.008422
vn 0.025859 0.096231 -0.008422
vn 0.025857 0.093307 -0.025006
vn 0.025857 0.093307 -0.025006
vn 0.025857 0.093307 -0.025006
vn 0.025857 0.093307 -0.025006
vn 0.025857 0.093307 -0.025006
vn 0.025857 0.093307 -0.025006
vn 0.025853 0.087547 -0.040832
vn 0.025853 0.087547 -0.040832
vn 0.025853 0.087547 -0.040832
vn 0.025853 0.087547 -0.040832
vn 0.025853 0.087547 -0.040832
vn 0.025853 0.087547 -0.040832
vn 0.025847 0.079126 -0.055417
vn 0.025847 0.079126 -0.055417
vn 0.025847 0.079126 -0.055417
vn 0.025847 0.079126 -0.055417
vn 0.025847 0.079126 -0.055417
vn 0.025847 0.079126 -0.055417
vn 0.025839 0.068300 -0.068319
vn 0.025839 0.068300 -0.068319
vn 0.025839 0.068300 -0.068319
vn 0.025839 0.068301 -0.068318
vn 0.025839 0.068301 -0.068318
vn 0.025839 0.068301 -0.068318
vn 0.025830 0.055399 -0.079144
vn 0.025830 0.055399 -0.079144
vn 0.025830 0.055399 -0.079144
vn 0.025830 0.055396 -0.079146
vn 0.025830 0.055396 -0.079146
vn 0.025830 0.055396 -0.079146
vn 0.025820 0.040813 -0.087565
vn 0.025820 0.040813 -0.087565
vn 0.025820 0.040813 -0.087565
vn 0.025819 0.040816 -0.087564
vn 0.025819 0.040816 -0.087564
vn 0.025819 0.040816 -0.087564
vn 0.025808 0.024989 -0.093325
vn 0.025808 0.024989 -0.093325
vn 0.025808 0.024989 -0.093325
vn 0.025808 0.024988 -0.093325
vn 0.025808 0.024988 -0.093325
vn 0.025808 0.024988 -0.093325
vn 0.025796 0.008401 -0.096250
vn 0.025796 0.008401 -0.096250
vn 0.025796 0.008401 -0.096250
vn 0.025796 0.008403 -0.096250
vn 0.025796 0.008403 -0.096250
vn 0.025796 0.008403 -0.096250
vn 0.025784 -0.008438 -0.096250
vn 0.025784 -0.008438 -0.096250
vn 0.025784 -0.008438 -0.096250
vn 0.025784 -0.008439 -0.096249
vn 0.025784 -0.008439 -0.096249
vn 0.025784 -0.008439 -0.096249
vn 0.025772 -0.025025 -0.093325
vn 0.025772 -0.025025 -0.093325
vn 0.025772 -0.025025 -0.093325
vn 0.025772 -0.025025 -0.093325
vn 0.025772 -0.025025 -0.093325
vn 0.025772 -0.025025 -0.093325
vn 0.025761 -0.040851 -0.087565
vn 0.025761 -0.040851 -0.087565
vn 0.025761 -0.040851 -0.087565
vn 0.025761 -0.040853 -0.087564
vn 0.025761 -0.040853 -0.087564
vn 0.025761 -0.040853 -0.087564
vn 0.025751 -0.055436 -0.079144
vn 0.025751 -0.055436 -0.079144
vn 0.025751 -0.055436 -0.079144
vn 0.025750 -0.055433 -0.079146
vn 0.025750 -0.055433 -0.079146
vn 0.025750 -0.055433 -0.079146
vn 0.025741 -0.068337 -0.068319
vn 0.025741 -0.068337 -0.068319
vn 0.025741 -0.068337 -0.068319
vn 0.025741 -0.068338 -0.068318
vn 0.025741 -0.068338 -0.068318
vn 0.025741 -0.068338 -0.068318
vn 0.025733 -0.079163 -0.055417
vn 0.025733 -0.079163 -0.055417
vn 0.025733 -0.079163 -0.055417
vn 0.025733 -0.079163 -0.055417
vn 0.025733 -0.079163 -0.055417
vn 0.025733 -0.079163 -0.055417
vn 0.025727 -0.087584 -0.040832
vn 0.025727 -0.087584 -0.040832
vn 0.025727 -0.087584 -0.040832
vn 0.025727 -0.087584 -0.040832
vn 0.025727 -0.087584 -0.040832
vn 0.025727 -0.087584 -0.040832
vn 0.025723 -0.093343 -0.025006
vn 0.025723 -0.093343 -0.025006
vn 0.025723 -0.093343 -0.025006
vn 0.025723 -0.093344 -0.025006
vn 0.025723 -0.093344 -0.025006
vn 0.025723 -0.093344 -0.025006
vn 0.025721 -0.096268 -0.008421
vn 0.025721 -0.096268 -0.008421
vn 0.025721 -0.096268 -0.008421
vn 0.025721 -0.096268 -0.008422
vn 0.025721 -0.096268 -0.008422
vn 0.025721 -0.096268 -0.008422
vn 0.025721 -0.096268 0.008420
vn 0.025721 -0.096268 0.008420
vn 0.025721 -0.096268 0.008420
vn 0.025721 -0.096268 0.008422
vn 0.025721 -0.096268 0.008422
vn 0.025721 -0.096268 0.008422
vn 0.025723 -0.093343 0.025007
vn 0.025723 -0.093343 0.025007
vn 0.025723 -0.093343 0.025007
vn 0.025723 -0.093344 0.025005
vn 0.025723 -0.093344 0.025005
vn 0.025723 -0.093344 0.025005
vn 0.025727 -0.087584 0.040831
vn 0.025727 -0.087584 0.040831
vn 0.025727 -0.087584 0.040831
vn 0.025727 -0.087584 0.040831
vn 0.025727 -0.087584 0.040831
vn 0.025727 -0.087584 0.040831
vn 0.025733 -0.079162 0.055418
vn 0.025733 -0.079162 0.055418
vn 0.025733 -0.079162 0.055418
vn 0.025733 -0.079162 0.055418
vn 0.025733 -0.079162 0.055418
vn 0.025733 -0.079162 0.055418
vn 0.025741 -0.068338 0.068318
vn 0.025741 -0.068338 0.068318
vn 0.025741 -0.068338 0.068318
vn 0.025741 -0.068338 0.068318
vn 0.025741 -0.068338 0.068318
vn 0.025741 -0.068338 0.068318
vn 0.025750 -0.055437 0.079144
vn 0.025750 -0.055437 0.079144
vn 0.025750 -0.055437 0.079144
vn 0.025750 -0.055435 0.079145
vn 0.025750 -0.055435 0.079145
vn 0.025750 -0.055435 0.079145
vn 0.025761 -0.040851 0.087565
vn 0.025761 -0.040851 0.087565
vn 0.025761 -0.040851 0.087565
vn 0.025761 -0.040850 0.087565
vn 0.025761 -0.040850 0.087565
vn 0.025761 -0.040850 0.087565
vn 0.025772 -0.025025 0.093325
vn 0.025772 -0.025025 0.093325
vn 0.025772 -0.025025 0.093325
vn 0.025772 -0.025025 0.093325
vn 0.025772 -0.025025 0.093325
vn 0.025772 -0.025025 0.093325
vn 0.100000 -0.000071 0.000000
vn 0.100000 -0.000071 0.000000
vn 0.100000 -0.000071 0.000000
vn 0.100000 -0.000072 -0.000000
vn 0.100000 -0.000072 -0.000000
vn 0.100000 -0.000072 -0.000000
vn 0.100000 -0.000072 -0.000000
vn 0.100000 -0.000072 -0.000000
vn 0.100000 -0.000072 -0.000000
vn 0.100000 -0.000073 -0.000003
vn 0.100000 -0.000073 -0.000003
vn 0.100000 -0.000073 -0.000003
vn 0.100000 -0.000071 0.000001
vn 0.100000 -0.000071 0.000001
vn 0.100000 -0.000071 0.000001
vn 0.100000 -0.000071 0.000000
vn 0.100000 -0.000071 0.000000
vn 0.100000 -0.000071 0.000000
vn 0.100000 -0.000072 -0.000002
vn 0.100000 -0.000072 -0.000002
vn 0.100000 -0.000072 -0.000002
vn 0.100000 -0.000072 -0.000001
vn 0.100000 -0.000072 -0.000001
vn 0.100000 -0.000072 -0.000001
vn 0.100000 -0.000071 0.000001
vn 0.100000 -0.000071 0.000001
vn 0.100000 -0.000071 0.000001
vn 0.100000 -0.000072 0.000001
vn 0.100000 -0.000072 0.000001
vn 0.100000 -0.000072 0.000001
vn 0.100000 -0.000072 0.000000
vn 0.100000 -0.000072 0.000000
vn 0.100000 -0.000072 0.000000
vn 0.100000 -0.000072 0.000001
vn 0.100000 -0.000072 0.000001
vn 0.100000 -0.000072 0.000001
vn 0.100000 -0.000074 0.000001
vn 0.100000 -0.000074 0.000001
vn 0.100000 -0.000074 0.000001
vn 0.100000 -0.000072 -0.000000
vn 0.100000 -0.000072 -0.000000
vn 0.100000 -0.000072 -0.000000
vn 0.100000 -0.000070 -0.000002
vn 0.100000 -0.000070 -0.000002
vn 0.100000 -0.000070 -0.000002
vn 0.100000 -0.000069 0.000000
vn 0.100000 -0.000069 0.000000
vn 0.100000 -0.000069 0.000000
vn 0.100000 -0.000074 0.000000
vn 0.100000 -0.000074 0.000000
vn 0.100000 -0.000074 0.000000
vn 0.100000 -0.000069 -0.000001
vn 0.100000 -0.000069 -0.000001
vn 0.100000 -0.000069 -0.000001
vn 0.100000 -0.000071 -0.000000
vn 0.100000 -0.000071 -0.000000
vn 0.100000 -0.000071 -0.000000
vn 0.100000 -0.000069 0.000001
vn 0.100000 -0.000069 0.000001
vn 0.100000 -0.000069 0.000001
vn 0.100000 -0.000074 -0.000001
vn 0.100000 -0.000074 -0.000001
vn 0.100000 -0.000074 -0.000001
vn 0.100000 -0.000072 0.000000
vn 0.100000 -0.000072 0.000000
vn 0.100000 -0.000072 0.000000
vn 0.100000 -0.000071 0.000001
vn 0.100000 -0.000071 0.000001
vn 0.100000 -0.000071 0.000001
vn 0.100000 -0.000074 -0.000002
vn 0.100000 -0.000074 -0.000002
vn 0.100000 -0.000074 -0.000002
vn 0.100000 -0.000072 -0.000001
vn 0.100000 -0.000072 -0.000001
vn 0.100000 -0.000072 -0.000002
vn 0.100000 -0.000072 -0.000002
vn 0.100000 -0.000071 0.000001
vn 0.100000 -0.000071 0.000001
vn 0.100000 -0.000071 0.000001
vn 0.100000 -0.000073 0.000001
vn 0.100000 -0.000073 0.000001
vn 0.100000 -0.000073 0.000001
vn 0.100000 -0.000070 -0.000003
vn 0.100000 -0.000070 -0.000003
vn 0.100000 -0.000070 -0.000003
vn 0.100000 -0.000072 0.000001
vn 0.100000 -0.000072 0.000001
vn 0.100000 -0.000072 0.000001
vn 0.100000 -0.000071 -0.000000
vn 0.100000 -0.000071 -0.000000
vn 0.100000 -0.000071 -0.000000
vn 0.100000 -0.000072 0.000000
vn 0.100000 -0.000072 0.000000
vn 0.100000 -0.000072 0.000000
vn 0.100000 -0.000072 0.000000
vn 0.100000 -0.000072 0.000000
vn 0.100000 -0.000072 0.000000
vn 0.100000 -0.000069 0.000000
vn 0.100000 -0.000069 0.000000
vn 0.100000 -0.000069 0.000000
vn 0.100000 -0.000074 0.000000
vn 0.100000 -0.000074 0.000000
vn 0.100000 -0.000074 0.000000
vn 0.100000 -0.000072 -0.000000
vn 0.100000 -0.000072 -0.000000
vn 0.100000 -0.000072 -0.000000
vn 0.025796 0.008401 -0.096250
vn 0.025796 0.008401 -0.096250
vn 0.025796 0.008401 -0.096250
vn 0.025795 0.008404 -0.096250
vn 0.025795 0.008404 -0.096250
vn 0.025795 0.008404 -0.096250
vn 0.025783 -0.008438 -0.096250
vn 0.025783 -0.008438 -0.096250
vn 0.025783 -0.008438 -0.096250
vn 0.025784 -0.008441 -0.096249
vn 0.025784 -0.008441 -0.096249
vn 0.025784 -0.008441 -0.096249
vn 0.025772 -0.025026 -0.093325
vn 0.025772 -0.025026 -0.093325
vn 0.025772 -0.025026 -0.093325
vn 0.025772 -0.025027 -0.093325
vn 0.025772 -0.025027 -0.093325
vn 0.025772 -0.025027 -0.093325
vn 0.025761 -0.040850 -0.087565
vn 0.025761 -0.040850 -0.087565
vn 0.025761 -0.040850 -0.087565
vn 0.025761 -0.040849 -0.087566
vn 0.025761 -0.040849 -0.087566
vn 0.025761 -0.040849 -0.087566
vn 0.025750 -0.055437 -0.079144
vn 0.025750 -0.055437 -0.079144
vn 0.025750 -0.055437 -0.079144
vn 0.025750 -0.055437 -0.079143
vn 0.025750 -0.055437 -0.079143
vn 0.025750 -0.055437 -0.079143
vn 0.025741 -0.068336 -0.068320
vn 0.025741 -0.068336 -0.068320
vn 0.025741 -0.068336 -0.068320
vn 0.025741 -0.068337 -0.068319
vn 0.025741 -0.068337 -0.068319
vn 0.025741 -0.068337 -0.068319
vn 0.025733 -0.079162 -0.055418
vn 0.025733 -0.079162 -0.055418
vn 0.025733 -0.079162 -0.055418
vn 0.025734 -0.079163 -0.055416
vn 0.025734 -0.079163 -0.055416
vn 0.025734 -0.079163 -0.055416
vn 0.025727 -0.087583 -0.040832
vn 0.025727 -0.087583 -0.040832
vn 0.025727 -0.087583 -0.040832
vn 0.025727 -0.087582 -0.040834
vn 0.025727 -0.087582 -0.040834
vn 0.025727 -0.087582 -0.040834
vn 0.025723 -0.093343 -0.025007
vn 0.025723 -0.093343 -0.025007
vn 0.025723 -0.093343 -0.025007
vn 0.025723 -0.093344 -0.025005
vn 0.025723 -0.093344 -0.025005
vn 0.025723 -0.093344 -0.025005
vn 0.025721 -0.096268 -0.008421
vn 0.025721 -0.096268 -0.008421
vn 0.025721 -0.096268 -0.008421
vn 0.025721 -0.096268 -0.008423
vn 0.025721 -0.096268 -0.008423
vn 0.025721 -0.096268 -0.008423
vn 0.025721 -0.096268 0.008420
vn 0.025721 -0.096268 0.008420
vn 0.025721 -0.096268 0.008420
vn 0.025721 -0.096268 0.008422
vn 0.025721 -0.096268 0.008422
vn 0.025721 -0.096268 0.008422
vn 0.025723 -0.093343 0.025006
vn 0.025723 -0.093343 0.025006
vn 0.025723 -0.093343 0.025006
vn 0.025723 -0.093344 0.025006
vn 0.025723 -0.093344 0.025006
vn 0.025723 -0.093344 0.025006
vn 0.025727 -0.087583 0.040833
vn 0.025727 -0.087583 0.040833
vn 0.025727 -0.087583 0.040833
vn 0.025727 -0.087583 0.040833
vn 0.025727 -0.087583 0.040833
vn 0.025727 -0.087583 0.040833
vn 0.025733 -0.079163 0.055417
vn 0.025733 -0.079163 0.055417
vn 0.025733 -0.079163 0.055417
vn 0.025733 -0.079163 0.055417
vn 0.025733 -0.079163 0.055417
vn 0.025733 -0.079163 0.055417
vn 0.025741 -0.068337 0.068319
vn 0.025741 -0.068337 0.068319
vn 0.025741 -0.068337 0.068319
vn 0.025741 -0.068336 0.068319
vn 0.025741 -0.068336 0.068319
vn 0.025741 -0.068336 0.068319
vn 0.025750 -0.055436 0.079144
vn 0.025750 -0.055436 0.079144
vn 0.025750 -0.055436 0.079144
vn 0.025750 -0.055438 0.079143
vn 0.025750 -0.055438 0.079143
vn 0.025750 -0.055438 0.079143
vn 0.025761 -0.040852 0.087564
vn 0.025761 -0.040852 0.087564
vn 0.025761 -0.040852 0.087564
vn 0.025761 -0.040850 0.087565
vn 0.025761 -0.040850 0.087565
vn 0.025761 -0.040850 0.087565
vn 0.025772 -0.025023 0.093325
vn 0.025772 -0.025023 0.093325
vn 0.025772 -0.025023 0.093325
vn 0.025772 -0.025024 0.093325
vn 0.025772 -0.025024 0.093325
vn 0.025772 -0.025024 0.093325
vn 0.025784 -0.008438 0.096250
vn 0.025784 -0.008438 0.096250
vn 0.025784 -0.008438 0.096250
vn 0.025784 -0.008440 0.096250
vn 0.025784 -0.008440 0.096250
vn 0.025784 -0.008440 0.096250
vn 0.025796 0.008401 0.096250
vn 0.025796 0.008401 0.096250
vn 0.025796 0.008401 0.096250
vn 0.025796 0.008402 0.096249
vn 0.025796 0.008402 0.096249
vn 0.025796 0.008402 0.096249
vn 0.025808 0.024987 0.093325
vn 0.025808 0.024987 0.093325
vn 0.025808 0.024987 0.093325
vn 0.025808 0.024988 0.093325
vn 0.025808 0.024988 0.093325
vn 0.025808 0.024988 0.093325
vn 0.025819 0.040815 0.087564
vn 0.025819 0.040815 0.087564
vn 0.025819 0.040815 0.087564
vn 0.025819 0.040813 0.087565
vn 0.025819 0.040813 0.087565
vn 0.025819 0.040813 0.087565
vn 0.025830 0.055399 0.079144
vn 0.025830 0.055399 0.079144
vn 0.025830 0.055399 0.079144
vn 0.025830 0.055400 0.079143
vn 0.025830 0.055400 0.079143
vn 0.025830 0.055400 0.079143
vn 0.025839 0.068298 0.068321
vn 0.025839 0.068298 0.068321
vn 0.025839 0.068298 0.068321
vn 0.025839 0.068297 0.068322
vn 0.025839 0.068297 0.068322
vn 0.025839 0.068297 0.068322
vn 0.025847 0.079126 0.055417
vn 0.025847 0.079126 0.055417
vn 0.025847 0.079126 0.055417
vn 0.025847 0.079126 0.055417
vn 0.025847 0.079126 0.055417
vn 0.025847 0.079126 0.055417
vn 0.025853 0.087547 0.040831
vn 0.025853 0.087547 0.040831
vn 0.025853 0.087547 0.040831
vn 0.025853 0.087547 0.040830
vn 0.025853 0.087547 0.040830
vn 0.025853 0.087547 0.040830
vn 0.025857 0.093306 0.025006
vn 0.025857 0.093306 0.025006
vn 0.025857 0.093306 0.025006
vn 0.025857 0.093306 0.025009
vn 0.025857 0.093306 0.025009
vn 0.025857 0.093306 0.025009
vn 0.025859 0.096231 0.008421
vn 0.025859 0.096231 0.008421
vn 0.025859 0.096231 0.008421
vn 0.025859 0.096231 0.008418
vn 0.025859 0.096231 0.008418
vn 0.025859 0.096231 0.008418
vn 0.025859 0.096231 -0.008420
vn 0.025859 0.096231 -0.008420
vn 0.025859 0.096231 -0.008420
vn 0.025859 0.096231 -0.008419
vn 0.025859 0.096231 -0.008419
vn 0.025859 0.096231 -0.008419
vn 0.025857 0.093306 -0.025007
vn 0.025857 0.093306 -0.025007
vn 0.025857 0.093306 -0.025007
vn 0.025857 0.093306 -0.025008
vn 0.025857 0.093306 -0.025008
vn 0.025857 0.093306 -0.025008
vn 0.025853 0.087547 -0.040830
vn 0.025853 0.087547 -0.040830
vn 0.025853 0.087547 -0.040830
vn 0.025853 0.087547 -0.040831
vn 0.025853 0.087547 -0.040831
vn 0.025853 0.087547 -0.040831
vn 0.025847 0.079125 -0.055417
vn 0.025847 0.079125 -0.055417
vn 0.025847 0.079125 -0.055417
vn 0.025847 0.079126 -0.055416
vn 0.025847 0.079126 -0.055416
vn 0.025847 0.079126 -0.055416
vn 0.025839 0.068298 -0.068321
vn 0.025839 0.068298 -0.068321
vn 0.025839 0.068298 -0.068321
vn 0.025839 0.068298 -0.068321
vn 0.025839 0.068298 -0.068321
vn 0.025839 0.068298 -0.068321
vn 0.025830 0.055400 -0.079143
vn 0.025830 0.055400 -0.079143
vn 0.025830 0.055400 -0.079143
vn 0.025829 0.055401 -0.079143
vn 0.025829 0.055401 -0.079143
vn 0.025829 0.055401 -0.079143
vn 0.025819 0.040813 -0.087565
vn 0.025819 0.040813 -0.087565
vn 0.025819 0.040813 -0.087565
vn 0.025819 0.040812 -0.087566
vn 0.025819 0.040812 -0.087566
vn 0.025819 0.040812 -0.087566
vn 0.025808 0.024990 -0.093324
vn 0.025808 0.024990 -0.093324
vn 0.025808 0.024990 -0.093324
vn 0.025808 0.024991 -0.093324
vn 0.025808 0.024991 -0.093324
vn 0.025808 0.024991 -0.093324
vn 0.100000 -0.000072 -0.000000
vn 0.100000 -0.000072 -0.000000
vn 0.100000 -0.000072 -0.000000
vn 0.100000 -0.000070 0.000001
vn 0.100000 -0.000070 0.000001
vn 0.100000 -0.000070 0.000001
vn 0.100000 -0.000073 -0.000000
vn 0.100000 -0.000073 -0.000000
vn 0.100000 -0.000073 -0.000000
vn 0.100000 -0.000071 0.000001
vn 0.100000 -0.000071 0.000001
vn 0.100000 -0.000071 0.000001
vn 0.100000 -0.000072 -0.000000
vn 0.100000 -0.000072 -0.000000
vn 0.100000 -0.000072 -0.000000
vn 0.100000 -0.000072 -0.000000
vn 0.100000 -0.000072 -0.000000
vn 0.100000 -0.000072 -0.000000
vn 0.100000 -0.000072 -0.000001
vn 0.100000 -0.000072 -0.000001
vn 0.100000 -0.000072 -0.000001
vn 0.100000 -0.000072 0.000000
vn 0.100000 -0.000072 0.000000
vn 0.100000 -0.000072 0.000000
vn 0.100000 -0.000072 -0.000000
vn 0.100000 -0.000072 -0.000000
vn 0.100000 -0.000072 -0.000000
vn 0.100000 -0.000072 0.000000
vn 0.100000 -0.000072 0.000000
vn 0.100000 -0.000072 0.000000
vn 0.100000 -0.000071 -0.000001
vn 0.100000 -0.000071 -0.000001
vn 0.100000 -0.000071 -0.000001
vn 0.100000 -0.000072 0.000000
vn 0.100000 -0.000072 0.000000
vn 0.100000 -0.000072 0.000000
vn 0.100000 -0.000073 0.000000
vn 0.100000 -0.000073 0.000000
vn 0.100000 -0.000073 0.000000
vn 0.100000 -0.000072 -0.000000
vn 0.100000 -0.000072 -0.000000
vn 0.100000 -0.000072 -0.000000
vn 0.100000 -0.000072 -0.000000
vn 0.100000 -0.000072 -0.000000
vn 0.100000 -0.000072 -0.000000
vn 0.100000 -0.000071 -0.000000
vn 0.100000 -0.000071 -0.000000
vn 0.100000 -0.000071 -0.000000
vn 0.100000 -0.000073 -0.000000
vn 0.100000 -0.000073 -0.000000
vn 0.100000 -0.000073 -0.000000
vn 0.100000 -0.000071 -0.000000
vn 0.100000 -0.000071 -0.000000
vn 0.100000 -0.000071 -0.000000
vn 0.100000 -0.000071 -0.000000
vn 0.100000 -0.000071 -0.000000
vn 0.100000 -0.000071 -0.000000
vn 0.100000 -0.000071 0.000000
vn 0.100000 -0.000071 0.000000
vn 0.100000 -0.000071 0.000000
vn 0.100000 -0.000072 -0.000000
vn 0.100000 -0.000072 -0.000000
vn 0.100000 -0.000072 -0.000000
vn 0.100000 -0.000072 -0.000001
vn 0.100000 -0.000072 -0.000001
vn 0.100000 -0.000072 -0.000001
vn 0.100000 -0.000071 0.000000
vn 0.100000 -0.000071 0.000000
vn 0.100000 -0.000071 0.000000
vn 0.100000 -0.000072 -0.000000
vn 0.100000 -0.000072 -0.000000
vn 0.100000 -0.000072 -0.000000
vn 0.100000 -0.000072 0.000000
vn 0.100000 -0.000072 0.000000
vn 0.100000 -0.000072 -0.000001
vn 0.100000 -0.000072 -0.000001
vn 0.100000 -0.000072 0.000000
vn 0.100000 -0.000072 0.000000
vn 0.100000 -0.000072 0.000000
vn 0.100000 -0.000071 -0.000000
vn 0.100000 -0.000071 -0.000000
vn 0.100000 -0.000071 -0.000000
vn 0.100000 -0.000072 0.000001
vn 0.100000 -0.000072 0.000001
vn 0.100000 -0.000072 0.000001
vn 0.100000 -0.000072 -0.000000
vn 0.100000 -0.000072 -0.000000
vn 0.100000 -0.000072 -0.000000
vn 0.100000 -0.000073 0.000001
vn 0.100000 -0.000073 0.000001
vn 0.100000 -0.000073 0.000001
vn 0.100000 -0.000071 -0.000000
vn 0.100000 -0.000071 -0.000000
vn 0.100000 -0.000071 -0.000000
vn 0.100000 -0.000071 -0.000000
vn 0.100000 -0.000071 -0.000000
vn 0.100000 -0.000071 -0.000000
vn 0.100000 -0.000071 0.000000
vn 0.100000 -0.000071 0.000000
vn 0.100000 -0.000071 0.000000
vn 0.100000 -0.000073 0.000000
vn 0.100000 -0.000073 0.000000
vn 0.100000 -0.000073 0.000000
vn 0.100000 -0.000071 -0.000000
vn 0.100000 -0.000071 -0.000000
vn 0.100000 -0.000071 -0.000000
vn 0.025796 0.008401 -0.096250
vn 0.025796 0.008401 -0.096250
vn 0.025796 0.008401 -0.096250
vn 0.025796 0.008403 -0.096250
vn 0.025796 0.008403 -0.096250
vn 0.025796 0.008403 -0.096250
vn 0.025784 -0.008438 -0.096250
vn 0.025784 -0.008438 -0.096250
vn 0.025784 -0.008438 -0.096250
vn 0.025784 -0.008439 -0.096249
vn 0.025784 -0.008439 -0.096249
vn 0.025784 -0.008439 -0.096249
vn 0.025772 -0.025026 -0.093325
vn 0.025772 -0.025026 -0.093325
vn 0.025772 -0.025026 -0.093325
vn 0.025772 -0.025025 -0.093325
vn 0.025772 -0.025025 -0.093325
vn 0.025772 -0.025025 -0.093325
vn 0.025761 -0.040850 -0.087565
vn 0.025761 -0.040850 -0.087565
vn 0.025761 -0.040850 -0.087565
vn 0.025761 -0.040854 -0.087563
vn 0.025761 -0.040854 -0.087563
vn 0.025761 -0.040854 -0.087563
vn 0.025751 -0.055436 -0.079144
vn 0.025751 -0.055436 -0.079144
vn 0.025751 -0.055436 -0.079144
vn 0.025750 -0.055434 -0.079146
vn 0.025750 -0.055434 -0.079146
vn 0.025750 -0.055434 -0.079146
vn 0.025741 -0.068337 -0.068319
vn 0.025741 -0.068337 -0.068319
vn 0.025741 -0.068337 -0.068319
vn 0.025741 -0.068337 -0.068318
vn 0.025741 -0.068337 -0.068318
vn 0.025741 -0.068337 -0.068318
vn 0.025733 -0.079163 -0.055417
vn 0.025733 -0.079163 -0.055417
vn 0.025733 -0.079163 -0.055417
vn 0.025733 -0.079163 -0.055417
vn 0.025733 -0.079163 -0.055417
vn 0.025733 -0.079163 -0.055417
vn 0.025727 -0.087583 -0.040833
vn 0.025727 -0.087583 -0.040833
vn 0.025727 -0.087583 -0.040833
vn 0.025727 -0.087583 -0.040833
vn 0.025727 -0.087583 -0.040833
vn 0.025727 -0.087583 -0.040833
vn 0.025723 -0.093344 -0.025006
vn 0.025723 -0.093344 -0.025006
vn 0.025723 -0.093344 -0.025006
vn 0.025723 -0.093344 -0.025006
vn 0.025723 -0.093344 -0.025006
vn 0.025723 -0.093344 -0.025006
vn 0.025721 -0.096268 -0.008421
vn 0.025721 -0.096268 -0.008421
vn 0.025721 -0.096268 -0.008421
vn 0.025721 -0.096268 -0.008422
vn 0.025721 -0.096268 -0.008422
vn 0.025721 -0.096268 -0.008422
vn 0.025721 -0.096268 0.008421
vn 0.025721 -0.096268 0.008421
vn 0.025721 -0.096268 0.008421
vn 0.025721 -0.096268 0.008422
vn 0.025721 -0.096268 0.008422
vn 0.025721 -0.096268 0.008422
vn 0.025723 -0.093343 0.025007
vn 0.025723 -0.093343 0.025007
vn 0.025723 -0.093343 0.025007
vn 0.025723 -0.093344 0.025005
vn 0.025723 -0.093344 0.025005
vn 0.025723 -0.093344 0.025005
vn 0.025727 -0.087583 0.040833
vn 0.025727 -0.087583 0.040833
vn 0.025727 -0.087583 0.040833
vn 0.025727 -0.087583 0.040833
vn 0.025727 -0.087583 0.040833
vn 0.025727 -0.087583 0.040833
vn 0.025733 -0.079163 0.055417
vn 0.025733 -0.079163 0.055417
vn 0.025733 -0.079163 0.055417
vn 0.025733 -0.079162 0.055418
vn 0.025733 -0.079162 0.055418
vn 0.025733 -0.079162 0.055418
vn 0.025741 -0.068338 0.068318
vn 0.025741 -0.068338 0.068318
vn 0.025741 -0.068338 0.068318
vn 0.025741 -0.068338 0.068318
vn 0.025741 -0.068338 0.068318
vn 0.025741 -0.068338 0.068318
vn 0.025750 -0.055436 0.079144
vn 0.025750 -0.055436 0.079144
vn 0.025750 -0.055436 0.079144
vn 0.025750 -0.055436 0.079144
vn 0.025750 -0.055436 0.079144
vn 0.025750 -0.055436 0.079144
vn 0.025761 -0.040850 0.087565
vn 0.025761 -0.040850 0.087565
vn 0.025761 -0.040850 0.087565
vn 0.025761 -0.040851 0.087565
vn 0.025761 -0.040851 0.087565
vn 0.025761 -0.040851 0.087565
vn 0.025772 -0.025025 0.093325
vn 0.025772 -0.025025 0.093325
vn 0.025772 -0.025025 0.093325
vn 0.025772 -0.025026 0.093325
vn 0.025772 -0.025026 0.093325
vn 0.025772 -0.025026 0.093325
vn 0.025784 -0.008439 0.096250
vn 0.025784 -0.008439 0.096250
vn 0.025784 -0.008439 0.096250
vn 0.025784 -0.008439 0.096250
vn 0.025784 -0.008439 0.096250
vn 0.025784 -0.008439 0.096250
vn 0.025796 0.008401 0.096250
vn 0.025796 0.008401 0.096250
vn 0.025796 0.008401 0.096250
vn 0.025796 0.008402 0.096250
vn 0.025796 0.008402 0.096250
vn 0.025796 0.008402 0.096250
vn 0.025808 0.024988 0.093325
vn 0.025808 0.024988 0.093325
vn 0.025808 0.024988 0.093325
vn 0.025808 0.024988 0.093325
vn 0.025808 0.024988 0.093325
vn 0.025808 0.024988 0.093325
vn 0.025819 0.040814 0.087565
vn 0.025819 0.040814 0.087565
vn 0.025819 0.040814 0.087565
vn 0.025819 0.040812 0.087566
vn 0.025819 0.040812 0.087566
vn 0.025819 0.040812 0.087566
vn 0.025830 0.055399 0.079144
vn 0.025830 0.055399 0.079144
vn 0.025830 0.055399 0.079144
vn 0.025829 0.055399 0.079144
vn 0.025829 0.055399 0.079144
vn 0.025829 0.055399 0.079144
vn 0.025839 0.068300 0.068319
vn 0.025839 0.068300 0.068319
vn 0.025839 0.068300 0.068319
vn 0.025839 0.068301 0.068318
vn 0.025839 0.068301 0.068318
vn 0.025839 0.068301 0.068318
vn 0.025847 0.079126 0.055417
vn 0.025847 0.079126 0.055417
vn 0.025847 0.079126 0.055417
vn 0.025847 0.079125 0.055418
vn 0.025847 0.079125 0.055418
vn 0.025847 0.079125 0.055418
vn 0.025853 0.087547 0.040831
vn 0.025853 0.087547 0.040831
vn 0.025853 0.087547 0.040831
vn 0.025853 0.087548 0.040830
vn 0.025853 0.087548 0.040830
vn 0.025853 0.087548 0.040830
vn 0.025857 0.093306 0.025007
vn 0.025857 0.093306 0.025007
vn 0.025857 0.093306 0.025007
vn 0.025857 0.093307 0.025005
vn 0.025857 0.093307 0.025005
vn 0.025857 0.093307 0.025005
vn 0.025859 0.096231 0.008421
vn 0.025859 0.096231 0.008421
vn 0.025859 0.096231 0.008421
vn 0.025859 0.096231 0.008422
vn 0.025859 0.096231 0.008422
vn 0.025859 0.096231 0.008422
vn 0.025859 0.096231 -0.008421
vn 0.025859 0.096231 -0.008421
vn 0.025859 0.096231 -0.008421
vn 0.025859 0.096231 -0.008422
vn 0.025859 0.096231 -0.008422
vn 0.025859 0.096231 -0.008422
vn 0.025857 0.093307 -0.025006
vn 0.025857 0.093307 -0.025006
vn 0.025857 0.093307 -0.025006
vn 0.025857 0.093307 -0.025005
vn 0.025857 0.093307 -0.025005
vn 0.025857 0.093307 -0.025005
vn 0.025853 0.087547 -0.040831
vn 0.025853 0.087547 -0.040831
vn 0.025853 0.087547 -0.040831
vn 0.025853 0.087548 -0.040830
vn 0.025853 0.087548 -0.040830
vn 0.025853 0.087548 -0.040830
vn 0.025847 0.079126 -0.055417
vn 0.025847 0.079126 -0.055417
vn 0.025847 0.079126 -0.055417
vn 0.025847 0.079126 -0.055417
vn 0.025847 0.079126 -0.055417
vn 0.025847 0.079126 -0.055417
vn 0.025839 0.068299 -0.068320
vn 0.025839 0.068299 -0.068320
vn 0.025839 0.068299 -0.068320
vn 0.025839 0.068301 -0.068318
vn 0.025839 0.068301 -0.068318
vn 0.025839 0.068301 -0.068318
vn 0.025829 0.055399 -0.079144
vn 0.025829 0.055399 -0.079144
vn 0.025829 0.055399 -0.079144
vn 0.025830 0.055397 -0.079145
vn 0.025830 0.055397 -0.079145
vn 0.025830 0.055397 -0.079145
vn 0.025819 0.040814 -0.087565
vn 0.025819 0.040814 -0.087565
vn 0.025819 0.040814 -0.087565
vn 0.025819 0.040815 -0.087564
vn 0.025819 0.040815 -0.087564
vn 0.025819 0.040815 -0.087564
vn 0.025808 0.024989 -0.093325
vn 0.025808 0.024989 -0.093325
vn 0.025808 0.024989 -0.093325
vn 0.025808 0.024988 -0.093325
vn 0.025808 0.024988 -0.093325
vn 0.025808 0.024988 -0.093325
vn 0.100000 -0.000071 -0.000000
vn 0.100000 -0.000071 -0.000000
vn 0.100000 -0.000071 -0.000000
vn 0.100000 -0.000069 0.000001
vn 0.100000 -0.000069 0.000001
vn 0.100000 -0.000069 0.000001
vn 0.100000 -0.000074 -0.000001
vn 0.100000 -0.000074 -0.000001
vn 0.100000 -0.000074 -0.000001
vn 0.100000 -0.000072 0.000000
vn 0.100000 -0.000072 0.000000
vn 0.100000 -0.000072 0.000000
vn 0.100000 -0.000071 0.000001
vn 0.100000 -0.000071 0.000001
vn 0.100000 -0.000071 0.000001
vn 0.100000 -0.000074 -0.000002
vn 0.100000 -0.000074 -0.000002
vn 0.100000 -0.000074 -0.000002
vn 0.100000 -0.000072 -0.000001
vn 0.100000 -0.000072 -0.000001
vn 0.100000 -0.000072 -0.000001
vn 0.100000 -0.000072 -0.000002
vn 0.100000 -0.000072 -0.000002
vn 0.100000 -0.000072 -0.000002
vn 0.100000 -0.000071 0.000001
vn 0.100000 -0.000071 0.000001
vn 0.100000 -0.000071 0.000001
vn 0.100000 -0.000073 0.000001
vn 0.100000 -0.000073 0.000001
vn 0.100000 -0.000073 0.000001
vn 0.100000 -0.000070 -0.000003
vn 0.100000 -0.000070 -0.000003
vn 0.100000 -0.000070 -0.000003
vn 0.100000 -0.000072 0.000001
vn 0.100000 -0.000072 0.000001
vn 0.100000 -0.000072 0.000001
vn 0.100000 -0.000071 -0.000000
vn 0.100000 -0.000071 -0.000000
vn 0.100000 -0.000071 -0.000000
vn 0.100000 -0.000072 0.000000
vn 0.100000 -0.000072 0.000000
vn 0.100000 -0.000072 0.000000
vn 0.100000 -0.000072 0.000000
vn 0.100000 -0.000072 0.000000
vn 0.100000 -0.000072 0.000000
vn 0.100000 -0.000069 0.000000
vn 0.100000 -0.000069 0.000000
vn 0.100000 -0.000069 0.000000
vn 0.100000 -0.000074 0.000000
vn 0.100000 -0.000074 0.000000
vn 0.100000 -0.000074 0.000000
vn 0.100000 -0.000072 -0.000000
vn 0.100000 -0.000072 -0.000000
vn 0.100000 -0.000072 -0.000000
vn 0.100000 -0.000071 0.000000
vn 0.100000 -0.000071 0.000000
vn 0.100000 -0.000071 0.000000
vn 0.100000 -0.000072 -0.000000
vn 0.100000 -0.000072 -0.000000
vn 0.100000 -0.000072 -0.000000
vn 0.100000 -0.000072 -0.000000
vn 0.100000 -0.000072 -0.000000
vn 0.100000 -0.000072 -0.000000
vn 0.100000 -0.000073 -0.000003
vn 0.100000 -0.000073 -0.000003
vn 0.100000 -0.000073 -0.000003
vn 0.100000 -0.000071 0.000001
vn 0.100000 -0.000071 0.000001
vn 0.100000 -0.000071 0.000001
vn 0.100000 -0.000071 0.000000
vn 0.100000 -0.000071 0.000000
vn 0.100000 -0.000071 0.000000
vn 0.100000 -0.000072 -0.000002
vn 0.100000 -0.000072 -0.000002
vn 0.100000 -0.000072 -0.000001
vn 0.100000 -0.000072 -0.000001
vn 0.100000 -0.000071 0.000001
vn 0.100000 -0.000071 0.000001
vn 0.100000 -0.000071 0.000001
vn 0.100000 -0.000072 0.000001
vn 0.100000 -0.000072 0.000001
vn 0.100000 -0.000072 0.000001
vn 0.100000 -0.000072 0.000000
vn 0.100000 -0.000072 0.000000
vn 0.100000 -0.000072 0.000000
vn 0.100000 -0.000072 0.000001
vn 0.100000 -0.000072 0.000001
vn 0.100000 -0.000072 0.000001
vn 0.100000 -0.000074 0.000001
vn 0.100000 -0.000074 0.000001
vn 0.100000 -0.000074 0.000001
vn 0.100000 -0.000072 -0.000000
vn 0.100000 -0.000072 -0.000000
vn 0.100000 -0.000072 -0.000000
vn 0.100000 -0.000070 -0.000002
vn 0.100000 -0.000070 -0.000002
vn 0.100000 -0.000070 -0.000002
vn 0.100000 -0.000069 0.000000
vn 0.100000 -0.000069 0.000000
vn 0.100000 -0.000069 0.000000
vn 0.100000 -0.000074 0.000000
vn 0.100000 -0.000074 0.000000
vn 0.100000 -0.000074 0.000000
vn 0.100000 -0.000069 -0.000001
vn 0.100000 -0.000069 -0.000001
vn 0.100000 -0.000069 -0.000001
vn 0.025784 -0.008438 0.096250
vn 0.025784 -0.008438 0.096250
vn 0.025784 -0.008438 0.096250
vn 0.025784 -0.008440 0.096250
vn 0.025784 -0.008440 0.096250
vn 0.025784 -0.008440 0.096250
vn 0.025796 0.008401 0.096250
vn 0.025796 0.008401 0.096250
vn 0.025796 0.008401 0.096250
vn 0.025796 0.008402 0.096249
vn 0.025796 0.008402 0.096249
vn 0.025796 0.008402 0.096249
vn 0.025808 0.024987 0.093325
vn 0.025808 0.024987 0.093325
vn 0.025808 0.024987 0.093325
vn 0.025808 0.024987 0.093325
vn 0.025808 0.024987 0.093325
vn 0.025808 0.024987 0.093325
vn 0.025819 0.040815 0.087564
vn 0.025819 0.040815 0.087564
vn 0.025819 0.040815 0.087564
vn 0.025819 0.040813 0.087565
vn 0.025819 0.040813 0.087565
vn 0.025819 0.040813 0.087565
vn 0.025830 0.055399 0.079144
vn 0.025830 0.055399 0.079144
vn 0.025830 0.055399 0.079144
vn 0.025830 0.055399 0.079144
vn 0.025830 0.055399 0.079144
vn 0.025830 0.055399 0.079144
vn 0.025839 0.068300 0.068319
vn 0.025839 0.068300 0.068319
vn 0.025839 0.068300 0.068319
vn 0.025839 0.068300 0.068319
vn 0.025839 0.068300 0.068319
vn 0.025839 0.068300 0.068319
vn 0.025847 0.079126 0.055417
vn 0.025847 0.079126 0.055417
vn 0.025847 0.079126 0.055417
vn 0.025847 0.079126 0.055417
vn 0.025847 0.079126 0.055417
vn 0.025847 0.079126 0.055417
vn 0.025853 0.087546 0.040832
vn 0.025853 0.087546 0.040832
vn 0.025853 0.087546 0.040832
vn 0.025853 0.087546 0.040832
vn 0.025853 0.087546 0.040832
vn 0.025853 0.087546 0.040832
vn 0.025857 0.093306 0.025007
vn 0.025857 0.093306 0.025007
vn 0.025857 0.093306 0.025007
vn 0.025857 0.093306 0.025008
vn 0.025857 0.093306 0.025008
vn 0.025857 0.093306 0.025008
vn 0.025859 0.096231 0.008420
vn 0.025859 0.096231 0.008420
vn 0.025859 0.096231 0.008420
vn 0.025859 0.096231 0.008420
vn 0.025859 0.096231 0.008420
vn 0.025859 0.096231 0.008420
vn 0.025859 0.096231 -0.008420
vn 0.025859 0.096231 -0.008420
vn 0.025859 0.096231 -0.008420
vn 0.025859 0.096231 -0.008421
vn 0.025859 0.096231 -0.008421
vn 0.025859 0.096231 -0.008421
vn 0.025857 0.093306 -0.025007
vn 0.025857 0.093306 -0.025007
vn 0.025857 0.093306 -0.025007
vn 0.025857 0.093306 -0.025007
vn 0.025857 0.093306 -0.025007
vn 0.025857 0.093306 -0.025007
vn 0.025853 0.087547 -0.040830
vn 0.025853 0.087547 -0.040830
vn 0.025853 0.087547 -0.040830
vn 0.025853 0.087546 -0.040833
vn 0.025853 0.087546 -0.040833
vn 0.025853 0.087546 -0.040833
vn 0.025847 0.079125 -0.055418
vn 0.025847 0.079125 -0.055418
vn 0.025847 0.079125 -0.055418
vn 0.025847 0.079126 -0.055416
vn 0.025847 0.079126 -0.055416
vn 0.025847 0.079126 -0.055416
vn 0.025839 0.068299 -0.068320
vn 0.025839 0.068299 -0.068320
vn 0.025839 0.068299 -0.068320
vn 0.025839 0.068300 -0.068318
vn 0.025839 0.068300 -0.068318
vn 0.025839 0.068300 -0.068318
vn 0.025830 0.055400 -0.079144
vn 0.025830 0.055400 -0.079144
vn 0.025830 0.055400 -0.079144
vn 0.025830 0.055399 -0.079144
vn 0.025830 0.055399 -0.079144
vn 0.025830 0.055399 -0.079144
vn 0.025819 0.040813 -0.087565
vn 0.025819 0.040813 -0.087565
vn 0.025819 0.040813 -0.087565
vn 0.025819 0.040812 -0.087566
vn 0.025819 0.040812 -0.087566
vn 0.025819 0.040812 -0.087566
vn 0.025808 0.024990 -0.093325
vn 0.025808 0.024990 -0.093325
vn 0.025808 0.024990 -0.093325
vn 0.025808 0.024990 -0.093324
vn 0.025808 0.024990 -0.093324
vn 0.025808 0.024990 -0.093324
vn 0.025796 0.008401 -0.096250
vn 0.025796 0.008401 -0.096250
vn 0.025796 0.008401 -0.096250
vn 0.025795 0.008404 -0.096249
vn 0.025795 0.008404 -0.096249
vn 0.025795 0.008404 -0.096249
vn 0.025783 -0.008438 -0.096250
vn 0.025783 -0.008438 -0.096250
vn 0.025783 -0.008438 -0.096250
vn 0.025784 -0.008441 -0.096249
vn 0.025784 -0.008441 -0.096249
vn 0.025784 -0.008441 -0.096249
vn 0.025772 -0.025027 -0.093325
vn 0.025772 -0.025027 -0.093325
vn 0.025772 -0.025027 -0.093325
vn 0.025772 -0.025027 -0.093324
vn 0.025772 -0.025027 -0.093324
vn 0.025772 -0.025027 -0.093324
vn 0.025761 -0.040850 -0.087565
vn 0.025761 -0.040850 -0.087565
vn 0.025761 -0.040850 -0.087565
vn 0.025761 -0.040850 -0.087565
vn 0.025761 -0.040850 -0.087565
vn 0.025761 -0.040850 -0.087565
vn 0.025750 -0.055436 -0.079144
vn 0.025750 -0.055436 -0.079144
vn 0.025750 -0.055436 -0.079144
vn 0.025750 -0.055436 -0.079144
vn 0.025750 -0.055436 -0.079144
vn 0.025750 -0.055436 -0.079144
vn 0.025741 -0.068336 -0.068320
vn 0.025741 -0.068336 -0.068320
vn 0.025741 -0.068336 -0.068320
vn 0.025741 -0.068336 -0.068320
vn 0.025741 -0.068336 -0.068320
vn 0.025741 -0.068336 -0.068320
vn 0.025733 -0.079162 -0.055418
vn 0.025733 -0.079162 -0.055418
vn 0.025733 -0.079162 -0.055418
vn 0.025734 -0.079163 -0.055417
vn 0.025734 -0.079163 -0.055417
vn 0.025734 -0.079163 -0.055417
vn 0.025727 -0.087584 -0.040831
vn 0.025727 -0.087584 -0.040831
vn 0.025727 -0.087584 -0.040831
vn 0.025727 -0.087583 -0.040833
vn 0.025727 -0.087583 -0.040833
vn 0.025727 -0.087583 -0.040833
vn 0.025723 -0.093343 -0.025007
vn 0.025723 -0.093343 -0.025007
vn 0.025723 -0.093343 -0.025007
vn 0.025723 -0.093344 -0.025006
vn 0.025723 -0.093344 -0.025006
vn 0.025723 -0.093344 -0.025006
vn 0.025721 -0.096268 -0.008420
vn 0.025721 -0.096268 -0.008420
vn 0.025721 -0.096268 -0.008420
vn 0.025721 -0.096268 -0.008421
vn 0.025721 -0.096268 -0.008421
vn 0.025721 -0.096268 -0.008421
vn 0.025721 -0.096268 0.008420
vn 0.025721 -0.096268 0.008420
vn 0.025721 -0.096268 0.008420
vn 0.025721 -0.096268 0.008420
vn 0.025721 -0.096268 0.008420
vn 0.025721 -0.096268 0.008420
vn 0.025723 -0.093344 0.025006
vn 0.025723 -0.093344 0.025006
vn 0.025723 -0.093344 0.025006
vn 0.025723 -0.093343 0.025006
vn 0.025723 -0.093343 0.025006
vn 0.025723 -0.093343 0.025006
vn 0.025727 -0.087583 0.040832
vn 0.025727 -0.087583 0.040832
vn 0.025727 -0.087583 0.040832
vn 0.025727 -0.087584 0.040831
vn 0.025727 -0.087584 0.040831
vn 0.025727 -0.087584 0.040831
vn 0.025733 -0.079163 0.055417
vn 0.025733 -0.079163 0.055417
vn 0.025733 -0.079163 0.055417
vn 0.025733 -0.079163 0.055417
vn 0.025733 -0.079163 0.055417
vn 0.025733 -0.079163 0.055417
vn 0.025741 -0.068336 0.068319
vn 0.025741 -0.068336 0.068319
vn 0.025741 -0.068336 0.068319
vn 0.025741 -0.068336 0.068320
vn 0.025741 -0.068336 0.068320
vn 0.025741 -0.068336 0.068320
vn 0.025750 -0.055436 0.079144
vn 0.025750 -0.055436 0.079144
vn 0.025750 -0.055436 0.079144
vn 0.025750 -0.055436 0.079144
vn 0.025750 -0.055436 0.079144
vn 0.025750 -0.055436 0.079144
vn 0.025761 -0.040852 0.087564
vn 0.025761 -0.040852 0.087564
vn 0.025761 -0.040852 0.087564
vn 0.025761 -0.040851 0.087565
vn 0.025761 -0.040851 0.087565
vn 0.025761 -0.040851 0.087565
vn 0.025772 -0.025024 0.093325
vn 0.025772 -0.025024 0.093325
vn 0.025772 -0.025024 0.093325
vn 0.025772 -0.025025 0.093325
vn 0.025772 -0.025025 0.093325
vn 0.025772 -0.025025 0.093325
vn 0.070748 0.052271 0.047565
vn 0.070748 0.052271 0.047565
vn 0.070748 0.052271 0.047565
vn 0.070748 0.052271 0.047565
vn 0.070748 0.052271 0.047565
vn 0.070748 0.052271 0.047565
vn -0.070673 0.052372 0.047565
vn -0.070673 0.052372 0.047565
vn -0.070673 0.052372 0.047565
vn -0.070673 0.052372 0.047565
vn -0.070673 0.052372 0.047565
vn -0.070673 0.052372 0.047565
vn 0.070673 -0.052372 0.047565
vn 0.070673 -0.052372 0.047565
vn 0.070673 -0.052372 0.047565
vn 0.070673 -0.052372 0.047565
vn 0.070673 -0.052372 0.047565
vn 0.070673 -0.052372 0.047565
vn -0.070748 -0.052271 0.047565
vn -0.070748 -0.052271 0.047565
vn -0.070748 -0.052271 0.047565
vn -0.070748 -0.052271 0.047565
vn -0.070748 -0.052271 0.047565
vn -0.070748 -0.052271 0.047565
vn 0.100000 -0.000072 0.000000
vn 0.100000 -0.000072 0.000000
vn 0.100000 -0.000072 0.000000
vn 0.100000 -0.000072 0.000000
vn -0.000000 -0.000000 0.100000
vn -0.000000 -0.000000 0.100000
vn -0.000000 -0.000000 0.100000
vn -0.000000 -0.000000 0.100000
vn -0.000072 -0.100000 -0.000000
vn -0.000072 -0.100000 -0.000000
vn -0.000072 -0.100000 -0.000000
vn -0.000072 -0.100000 -0.000000
vn -0.000000 0.000000 -0.100000
vn -0.000000 0.000000 -0.100000
vn -0.000000 0.000000 -0.100000
vn -0.000000 0.000000 -0.100000
vn 0.100000 -0.000072 0.000000
vn 0.100000 -0.000072 0.000000
vn 0.100000 -0.000072 0.000000
vn 0.100000 -0.000072 0.000000
vn -0.000000 -0.000000 0.100000
vn -0.000000 -0.000000 0.100000
vn -0.000000 -0.000000 0.100000
vn -0.000000 -0.000000 0.100000
vn -0.000000 0.000000 -0.100000
vn -0.000000 0.000000 -0.100000
vn -0.000000 0.000000 -0.100000
vn -0.000000 0.000000 -0.100000
vn 0.100000 -0.000072 0.000000
vn 0.100000 -0.000072 0.000000
vn 0.100000 -0.000072 0.000000
vn 0.100000 -0.000072 0.000000
vn -0.000000 -0.000000 0.100000
vn -0.000000 -0.000000 0.100000
vn -0.000000 -0.000000 0.100000
vn -0.000000 -0.000000 0.100000
vn -0.000000 0.000000 -0.100000
vn -0.000000 0.000000 -0.100000
vn -0.000000 0.000000 -0.100000
vn -0.000000 0.000000 -0.100000
vn 0.100000 -0.000072 0.000000
vn 0.100000 -0.000072 0.000000
vn 0.100000 -0.000072 0.000000
vn 0.100000 -0.000072 0.000000
vn -0.000000 -0.000000 0.100000
vn -0.000000 -0.000000 0.100000
vn -0.000000 -0.000000 0.100000
vn -0.000000 -0.000000 0.100000
vn -0.000000 0.000000 -0.100000
vn -0.000000 0.000000 -0.100000
vn -0.000000 0.000000 -0.100000
vn -0.000000 0.000000 -0.100000
vn 0.100000 -0.000072 0.000000
vn 0.100000 -0.000072 0.000000
vn 0.100000 -0.000072 0.000000
vn 0.100000 -0.000072 0.000000
vn -0.000000 -0.000000 0.100000
vn -0.000000 -0.000000 0.100000
vn -0.000000 -0.000000 0.100000
vn -0.000000 -0.000000 0.100000
vn -0.000000 0.000000 -0.100000
vn -0.000000 0.000000 -0.100000
vn -0.000000 0.000000 -0.100000
vn -0.000000 0.000000 -0.100000
vn 0.100000 -0.000072 0.000000
vn 0.100000 -0.000072 0.000000
vn 0.100000 -0.000072 0.000000
vn 0.100000 -0.000072 0.000000
vn -0.000000 -0.000000 0.100000
vn -0.000000 -0.000000 0.100000
vn -0.000000 -0.000000 0.100000
vn -0.000000 -0.000000 0.100000
vn -0.000000 0.000000 -0.100000
vn -0.000000 0.000000 -0.100000
vn -0.000000 0.000000 -0.100000
vn -0.000000 0.000000 -0.100000
vn 0.100000 -0.000072 0.000000
vn 0.100000 -0.000072 0.000000
vn 0.100000 -0.000072 0.000000
vn 0.100000 -0.000072 0.000000
vn -0.000000 -0.000000 0.100000
vn -0.000000 -0.000000 0.100000
vn -0.000000 -0.000000 0.100000
vn -0.000000 -0.000000 0.100000
vn -0.000000 0.000000 -0.100000
vn -0.000000 0.000000 -0.100000
vn -0.000000 0.000000 -0.100000
vn -0.000000 0.000000 -0.100000
vn 0.000072 0.100000 0.000000
vn 0.000072 0.100000 0.000000
vn 0.000072 0.100000 0.000000
vn 0.000072 0.100000 0.000000
vn 0.000072 0.100000 0.000000
vn 0.000072 0.100000 0.000000
vn 0.000072 0.100000 0.000000
vn 0.000072 0.100000 0.000000
vn 0.000072 0.100000 0.000000
vn 0.000072 0.100000 0.000000
vn 0.000072 0.100000 0.000000
vn 0.000072 0.100000 0.000000
vn 0.000072 0.100000 0.000000
vn 0.000072 0.100000 0.000000
vn 0.000072 0.100000 0.000000
vn 0.000072 0.100000 0.000000
vn 0.000072 0.100000 0.000000
vn 0.000000 -0.000000 0.100000
vn 0.000000 -0.000000 0.100000
vn 0.000000 -0.000000 0.100000
vn 0.000000 -0.000000 0.100000
vn 0.100000 -0.000072 0.000000
vn 0.100000 -0.000072 0.000000
vn 0.100000 -0.000072 0.000000
vn 0.100000 -0.000072 0.000000
vn 0.067495 -0.000048 -0.073787
vn 0.067495 -0.000048 -0.073787
vn 0.067495 -0.000048 -0.073787
vn 0.067495 -0.000048 -0.073787
vn 0.054488 -0.000039 -0.083851
vn 0.054488 -0.000039 -0.083851
vn 0.054488 -0.000039 -0.083851
vn 0.054488 -0.000039 -0.083851
vn 0.040008 -0.000029 -0.091648
vn 0.040008 -0.000029 -0.091648
vn 0.040008 -0.000029 -0.091648
vn 0.040008 -0.000029 -0.091648
vn 0.024446 -0.000017 -0.096966
vn 0.024446 -0.000017 -0.096966
vn 0.024446 -0.000017 -0.096966
vn 0.024446 -0.000017 -0.096966
vn 0.008223 -0.000006 -0.099661
vn 0.008223 -0.000006 -0.099661
vn 0.008223 -0.000006 -0.099661
vn 0.008223 -0.000006 -0.099661
vn -0.008223 0.000006 -0.099661
vn -0.008223 0.000006 -0.099661
vn -0.008223 0.000006 -0.099661
vn -0.008223 0.000006 -0.099661
vn -0.024446 0.000018 -0.096966
vn -0.024446 0.000018 -0.096966
vn -0.024446 0.000018 -0.096966
vn -0.024446 0.000018 -0.096966
vn -0.040008 0.000029 -0.091648
vn -0.040008 0.000029 -0.091648
vn -0.040008 0.000029 -0.091648
vn -0.040008 0.000029 -0.091648
vn -0.054488 0.000039 -0.083851
vn -0.054488 0.000039 -0.083851
vn -0.054488 0.000039 -0.083851
vn -0.054488 0.000039 -0.083851
vn -0.067495 0.000048 -0.073787
vn -0.067495 0.000048 -0.073787
vn -0.067495 0.000048 -0.073787
vn -0.067495 0.000048 -0.073787
vn -0.100000 0.000072 -0.000000
vn -0.100000 0.000072 -0.000000
vn -0.100000 0.000072 -0.000000
vn -0.100000 0.000072 -0.000000
vn -0.000072 -0.100000 -0.000000
vn -0.000072 -0.100000 -0.000000
vn -0.000072 -0.100000 -0.000000
vn -0.000072 -0.100000 -0.000000
vn -0.000072 -0.100000 -0.000000
vn -0.000072 -0.100000 -0.000000
vn -0.000072 -0.100000 -0.000000
vn -0.000072 -0.100000 -0.000000
vn -0.000072 -0.100000 -0.000000
vn -0.000072 -0.100000 -0.000000
vn -0.000072 -0.100000 -0.000000
vn -0.000072 -0.100000 -0.000000
vn -0.000072 -0.100000 -0.000000
vn -0.067495 0.000048 -0.073787
vn -0.067495 0.000048 -0.073787
vn -0.067495 0.000048 -0.073787
vn -0.067495 0.000048 -0.073787
vn -0.054488 0.000039 -0.083851
vn -0.054488 0.000039 -0.083851
vn -0.054488 0.000039 -0.083851
vn -0.054488 0.000039 -0.083851
vn -0.040008 0.000029 -0.091648
vn -0.040008 0.000029 -0.091648
vn -0.040008 0.000029 -0.091648
vn -0.040008 0.000029 -0.091648
vn -0.024446 0.000018 -0.096966
vn -0.024446 0.000018 -0.096966
vn -0.024446 0.000018 -0.096966
vn -0.024446 0.000018 -0.096966
vn -0.008223 0.000006 -0.099661
vn -0.008223 0.000006 -0.099661
vn -0.008223 0.000006 -0.099661
vn -0.008223 0.000006 -0.099661
vn 0.008223 -0.000006 -0.099661
vn 0.008223 -0.000006 -0.099661
vn 0.008223 -0.000006 -0.099661
vn 0.008223 -0.000006 -0.099661
vn 0.024446 -0.000017 -0.096966
vn 0.024446 -0.000017 -0.096966
vn 0.024446 -0.000017 -0.096966
vn 0.024446 -0.000017 -0.096966
vn 0.040008 -0.000029 -0.091648
vn 0.040008 -0.000029 -0.091648
vn 0.040008 -0.000029 -0.091648
vn 0.040008 -0.000029 -0.091648
vn 0.054488 -0.000039 -0.083851
vn 0.054488 -0.000039 -0.083851
vn 0.054488 -0.000039 -0.083851
vn 0.054488 -0.000039 -0.083851
vn 0.067495 -0.000048 -0.073787
vn 0.067495 -0.000048 -0.073787
vn 0.067495 -0.000048 -0.073787
vn 0.067495 -0.000048 -0.073787
vn 0.100000 -0.000072 0.000000
vn 0.100000 -0.000072 0.000000
vn 0.100000 -0.000072 0.000000
vn 0.100000 -0.000072 0.000000
vn 0.000000 -0.000000 0.100000
vn 0.000000 -0.000000 0.100000
vn 0.000000 -0.000000 0.100000
vn 0.000000 -0.000000 0.100000
vn -0.100000 0.000072 -0.000000
vn -0.100000 0.000072 -0.000000
vn -0.100000 0.000072 -0.000000
vn -0.100000 0.000072 -0.000000
vn 0.070711 -0.000051 0.070711
vn 0.070711 -0.000051 0.070711
vn 0.070711 -0.000051 0.070711
vn 0.070711 -0.000051 0.070711
vn 0.070711 -0.000051 0.070711
vn 0.070711 -0.000051 0.070711
vn 0.070711 -0.000051 0.070711
vn 0.070711 -0.000051 0.070711
vn -0.070711 0.000051 0.070711
vn -0.070711 0.000051 0.070711
vn -0.070711 0.000051 0.070711
vn -0.070711 0.000051 0.070711
vn -0.070711 0.000051 0.070711
vn -0.070711 0.000051 0.070711
vn -0.070711 0.000051 0.070711
vn -0.070711 0.000051 0.070711
vn -0.085749 0.000061 0.051450
vn -0.085749 0.000061 0.051450
vn -0.085749 0.000061 0.051450
vn -0.085749 0.000061 0.051450
vn 0.085749 -0.000062 0.051450
vn 0.085749 -0.000062 0.051450
vn 0.085749 -0.000062 0.051450
vn 0.085749 -0.000062 0.051450
vn -0.085749 0.000061 0.051450
vn -0.085749 0.000061 0.051450
vn -0.085749 0.000061 0.051450
vn -0.085749 0.000061 0.051450
vn 0.085749 -0.000062 0.051450
vn 0.085749 -0.000062 0.051450
vn 0.085749 -0.000062 0.051450
vn 0.085749 -0.000062 0.051450
vn -0.085749 0.000061 0.051450
vn -0.085749 0.000061 0.051450
vn -0.085749 0.000061 0.051450
vn -0.085749 0.000061 0.051450
vn -0.085749 0.000061 0.051450
vn -0.085749 0.000061 0.051450
vn -0.085749 0.000061 0.051450
vn -0.085749 0.000061 0.051450
vn 0.085749 -0.000062 0.051450
vn 0.085749 -0.000062 0.051450
vn 0.085749 -0.000062 0.051450
vn 0.085749 -0.000062 0.051450
vn 0.085749 -0.000062 0.051450
vn 0.085749 -0.000062 0.051450
vn 0.085749 -0.000062 0.051450
vn 0.085749 -0.000062 0.051450
vn 0.100000 -0.000072 -0.000000
vn 0.100000 -0.000072 -0.000000
vn 0.100000 -0.000072 -0.000000
vn 0.100000 -0.000072 -0.000000
vn 0.100000 -0.000072 -0.000000
vn -0.000072 -0.100000 -0.000000
vn -0.000072 -0.100000 -0.000000
vn -0.000072 -0.100000 -0.000000
vn -0.000072 -0.100000 -0.000000
vn -0.000072 -0.100000 -0.000000
vn -0.000072 -0.100000 -0.000000
vn -0.000072 -0.100000 -0.000000
vn -0.000072 -0.100000 -0.000000
vn -0.000072 -0.100000 -0.000000
vn 0.000000 -0.000000 0.100000
vn 0.000000 -0.000000 0.100000
vn 0.000000 -0.000000 0.100000
vn 0.000000 -0.000000 0.100000
vn 0.000072 0.100000 0.000000
vn 0.000072 0.100000 0.000000
vn 0.000072 0.100000 0.000000
vn 0.000072 0.100000 0.000000
vn 0.000072 0.100000 0.000000
vn 0.000072 0.100000 0.000000
vn 0.000072 0.100000 0.000000
vn 0.000072 0.100000 0.000000
vn 0.000072 0.100000 0.000000
vn 0.100000 -0.000072 -0.000000
vn 0.100000 -0.000072 -0.000000
vn 0.100000 -0.000072 -0.000000
vn 0.100000 -0.000072 -0.000000
vn -0.000072 -0.100000 -0.000000
vn -0.000072 -0.100000 -0.000000
vn -0.000072 -0.100000 -0.000000
vn -0.000072 -0.100000 -0.000000
vn -0.000072 -0.100000 -0.000000
vn -0.000072 -0.100000 -0.000000
vn -0.000072 -0.100000 -0.000000
vn -0.000072 -0.100000 -0.000000
vn -0.000072 -0.100000 -0.000000
vn 0.000000 -0.000000 0.100000
vn 0.000000 -0.000000 0.100000
vn 0.000000 -0.000000 0.100000
vn 0.000000 -0.000000 0.100000
vn 0.000072 0.100000 0.000000
vn 0.000072 0.100000 0.000000
vn 0.000072 0.100000 0.000000
vn 0.000072 0.100000 0.000000
vn 0.000072 0.100000 0.000000
vn 0.000072 0.100000 0.000000
vn 0.000072 0.100000 0.000000
vn 0.000072 0.100000 0.000000
vn 0.000072 0.100000 0.000000
vn 0.100000 -0.000072 -0.000000
vn 0.100000 -0.000072 -0.000000
vn 0.100000 -0.000072 -0.000000
vn 0.100000 -0.000072 -0.000000
vn -0.000072 -0.100000 -0.000000
vn -0.000072 -0.100000 -0.000000
vn -0.000072 -0.100000 -0.000000
vn -0.000072 -0.100000 -0.000000
vn -0.000072 -0.100000 -0.000000
vn -0.000072 -0.100000 -0.000000
vn -0.000072 -0.100000 -0.000000
vn -0.000072 -0.100000 -0.000000
vn -0.000000 -0.000000 0.100000
vn -0.000000 -0.000000 0.100000
vn -0.000000 -0.000000 0.100000
vn -0.000000 -0.000000 0.100000
vn 0.000072 0.100000 0.000000
vn 0.000072 0.100000 0.000000
vn 0.000072 0.100000 0.000000
vn 0.000072 0.100000 0.000000
vn 0.000072 0.100000 0.000000
vn 0.000072 0.100000 0.000000
vn 0.000072 0.100000 0.000000
vn 0.000072 0.100000 0.000000
vn -0.100000 0.000072 0.000000
vn -0.100000 0.000072 0.000000
vn -0.100000 0.000072 0.000000
vn -0.100000 0.000072 0.000000
vn 0.000072 0.100000 0.000000
vn 0.000072 0.100000 0.000000
vn 0.000072 0.100000 0.000000
vn 0.000072 0.100000 0.000000
vn 0.000072 0.100000 0.000000
vn 0.000072 0.100000 0.000000
vn 0.000072 0.100000 0.000000
vn 0.000072 0.100000 0.000000
vn -0.000000 -0.000000 0.100000
vn -0.000000 -0.000000 0.100000
vn -0.000000 -0.000000 0.100000
vn -0.000000 -0.000000 0.100000
vn -0.000072 -0.100000 -0.000000
vn -0.000072 -0.100000 -0.000000
vn -0.000072 -0.100000 -0.000000
vn -0.000072 -0.100000 -0.000000
vn -0.000072 -0.100000 -0.000000
vn -0.000072 -0.100000 -0.000000
vn -0.000072 -0.100000 -0.000000
vn -0.000072 -0.100000 -0.000000
vn 0.100000 -0.000072 -0.000000
vn 0.100000 -0.000072 -0.000000
vn 0.100000 -0.000072 -0.000000
vn 0.100000 -0.000072 -0.000000
vn 0.000072 0.100000 0.000000
vn 0.000072 0.100000 0.000000
vn 0.000072 0.100000 0.000000
vn 0.000072 0.100000 0.000000
vn 0.000072 0.100000 0.000000
vn 0.000072 0.100000 0.000000
vn 0.000072 0.100000 0.000000
vn 0.000072 0.100000 0.000000
vn -0.000072 -0.100000 -0.000000
vn -0.000072 -0.100000 -0.000000
vn -0.000072 -0.100000 -0.000000
vn -0.000072 -0.100000 -0.000000
vn -0.000072 -0.100000 -0.000000
vn -0.000072 -0.100000 -0.000000
vn -0.000072 -0.100000 -0.000000
vn -0.000072 -0.100000 -0.000000
vn -0.000000 -0.000000 0.100000
vn -0.000000 -0.000000 0.100000
vn -0.000000 -0.000000 0.100000
vn -0.000000 -0.000000 0.100000
vn -0.000000 -0.000000 0.100000
vn -0.000000 -0.000000 0.100000
vn -0.000000 -0.000000 0.100000
vn -0.000000 -0.000000 0.100000
vn -0.000072 -0.100000 -0.000000
vn -0.000072 -0.100000 -0.000000
vn -0.000072 -0.100000 -0.000000
vn -0.000072 -0.100000 -0.000000
vn -0.000072 -0.100000 -0.000000
vn -0.000072 -0.100000 -0.000000
vn -0.000072 -0.100000 -0.000000
vn -0.000072 -0.100000 -0.000000
vn 0.000072 0.100000 0.000000
vn 0.000072 0.100000 0.000000
vn 0.000072 0.100000 0.000000
vn 0.000072 0.100000 0.000000
vn 0.000072 0.100000 0.000000
vn 0.000072 0.100000 0.000000
vn 0.000072 0.100000 0.000000
vn 0.000072 0.100000 0.000000
vn -0.100000 0.000072 0.000000
vn -0.100000 0.000072 0.000000
vn -0.100000 0.000072 0.000000
vn -0.100000 0.000072 0.000000
vn -0.100000 0.000072 0.000000
vn -0.100000 0.000072 0.000000
vn -0.100000 0.000072 0.000000
vn -0.100000 0.000072 0.000000
vn -0.000072 -0.100000 -0.000000
vn -0.000072 -0.100000 -0.000000
vn -0.000072 -0.100000 -0.000000
vn -0.000072 -0.100000 -0.000000
vn -0.000072 -0.100000 -0.000000
vn -0.000072 -0.100000 -0.000000
vn -0.000072 -0.100000 -0.000000
vn -0.000072 -0.100000 -0.000000
vn -0.000072 -0.100000 -0.000000
vn 0.000072 0.100000 0.000000
vn 0.000072 0.100000 0.000000
vn 0.000072 0.100000 0.000000
vn 0.000072 0.100000 0.000000
vn 0.000072 0.100000 0.000000
vn 0.000072 0.100000 0.000000
vn 0.000072 0.100000 0.000000
vn 0.000072 0.100000 0.000000
vn 0.000072 0.100000 0.000000
vn 0.000001 -0.000000 0.100000
vn 0.000001 -0.000000 0.100000
vn 0.000001 -0.000000 0.100000
vn 0.000001 -0.000000 0.100000
vn 0.000001 -0.000000 0.100000
vn 0.000001 -0.000000 0.100000
vn 0.000001 -0.000000 0.100000
vn 0.000001 -0.000000 0.100000
vn -0.000072 -0.100000 -0.000000
vn -0.000072 -0.100000 -0.000000
vn -0.000072 -0.100000 -0.000000
vn -0.000072 -0.100000 -0.000000
vn -0.000072 -0.100000 -0.000000
vn -0.000072 -0.100000 -0.000000
vn -0.000072 -0.100000 -0.000000
vn -0.000072 -0.100000 -0.000000
vn -0.000072 -0.100000 -0.000000
vn 0.000072 0.100000 0.000000
vn 0.000072 0.100000 0.000000
vn 0.000072 0.100000 0.000000
vn 0.000072 0.100000 0.000000
vn 0.000072 0.100000 0.000000
vn 0.000072 0.100000 0.000000
vn 0.000072 0.100000 0.000000
vn 0.000072 0.100000 0.000000
vn 0.000072 0.100000 0.000000
vn -0.100000 0.000072 0.000000
vn -0.100000 0.000072 0.000000
vn -0.100000 0.000072 0.000000
vn -0.100000 0.000072 0.000000
vn -0.100000 0.000072 0.000000
vn 0.000053 0.073994 0.067267
vn 0.000053 0.073994 0.067267
vn 0.000053 0.073994 0.067267
vn 0.000053 0.073994 0.067267
vn 0.000053 0.073994 0.067267
vn 0.000053 0.073994 0.067267
vn 0.000053 0.073994 0.067267
vn 0.000053 0.073994 0.067267
vn 0.000053 0.073994 0.067267
vn 0.000053 0.073994 0.067267
vn 0.000053 0.073994 0.067267
vn 0.000053 0.073994 0.067267
vn 0.000053 0.073994 0.067267
vn 0.000053 0.073994 0.067267
vn 0.000053 0.073994 0.067267
vn 0.000053 0.073994 0.067267
vn 0.000053 0.073994 0.067267
vn 0.000053 0.073994 0.067267
vn -0.000000 -0.000000 0.100000
vn -0.000000 -0.000000 0.100000
vn -0.000000 -0.000000 0.100000
vn -0.000000 -0.000000 0.100000
vn -0.000000 -0.000000 0.100000
vn -0.000000 -0.000000 0.100000
vn -0.000000 -0.000000 0.100000
vn -0.000000 -0.000000 0.100000
vn -0.000053 -0.073994 0.067267
vn -0.000053 -0.073994 0.067267
vn -0.000053 -0.073994 0.067267
vn -0.000053 -0.073994 0.067267
vn -0.000053 -0.073994 0.067267
vn -0.000053 -0.073994 0.067267
vn -0.000053 -0.073994 0.067267
vn -0.000053 -0.073994 0.067267
vn -0.000053 -0.073994 0.067267
vn -0.000053 -0.073994 0.067267
vn -0.000053 -0.073994 0.067267
vn -0.000053 -0.073994 0.067267
vn -0.000053 -0.073994 0.067267
vn -0.000053 -0.073994 0.067267
vn -0.000053 -0.073994 0.067267
vn -0.000053 -0.073994 0.067267
vn -0.000053 -0.073994 0.067267
vn -0.000053 -0.073994 0.067267
vn -0.000072 -0.100000 -0.000000
vn -0.000072 -0.100000 -0.000000
vn -0.000072 -0.100000 -0.000000
vn -0.000072 -0.100000 -0.000000
vn -0.000072 -0.100000 -0.000000
vn -0.000072 -0.100000 -0.000000
vn -0.000072 -0.100000 -0.000000
vn -0.000072 -0.100000 -0.000000
vn -0.000072 -0.100000 -0.000000
vn -0.000072 -0.100000 -0.000000
vn -0.000072 -0.100000 -0.000000
vn -0.000072 -0.100000 -0.000000
vn -0.000072 -0.100000 -0.000000
vn -0.000072 -0.100000 -0.000000
vn -0.000072 -0.100000 -0.000000
vn -0.000072 -0.100000 -0.000000
vn -0.000072 -0.100000 -0.000000
vn -0.000072 -0.100000 -0.000000
vn -0.000072 -0.100000 -0.000000
vn -0.000072 -0.100000 -0.000000
vn -0.000072 -0.100000 -0.000000
vn -0.000072 -0.100000 -0.000000
vn -0.000072 -0.100000 -0.000000
vn -0.000072 -0.100000 -0.000000
vn -0.000072 -0.100000 -0.000000
vn -0.000072 -0.100000 -0.000000
vn -0.000072 -0.100000 -0.000000
vn -0.000072 -0.100000 -0.000000
vn -0.000072 -0.100000 -0.000000
vn -0.000072 -0.100000 -0.000000
vn -0.000072 -0.100000 -0.000000
vn -0.000072 -0.100000 -0.000000
vn -0.000072 -0.100000 -0.000000
vn -0.000072 -0.100000 -0.000000
vn -0.000072 -0.100000 -0.000000
vn -0.000072 -0.100000 -0.000000
vn -0.000072 -0.100000 -0.000000
vn -0.000072 -0.100000 -0.000000
vn -0.000072 -0.100000 -0.000000
vn -0.000072 -0.100000 -0.000000
vn -0.000072 -0.100000 -0.000000
vn -0.000072 -0.100000 -0.000000
vn -0.000072 -0.100000 -0.000000
vn -0.000072 -0.100000 -0.000000
vn -0.000072 -0.100000 -0.000000
vn -0.000072 -0.100000 -0.000000
vn -0.000072 -0.100000 -0.000000
vn -0.000072 -0.100000 -0.000000
vn -0.000072 -0.100000 -0.000000
vn -0.000072 -0.100000 -0.000000
vn -0.000072 -0.100000 -0.000000
vn -0.000072 -0.100000 -0.000000
vn -0.000072 -0.100000 -0.000000
vn -0.000072 -0.100000 -0.000000
vn -0.000072 -0.100000 -0.000000
vn -0.000072 -0.100000 -0.000000
vn -0.000072 -0.100000 -0.000000
vn -0.000072 -0.100000 -0.000000
vn -0.000072 -0.100000 -0.000000
vn -0.000072 -0.100000 -0.000000
vn -0.000072 -0.100000 -0.000000
vn -0.000072 -0.100000 -0.000000
vn -0.000072 -0.100000 -0.000000
vn -0.000072 -0.100000 -0.000000
vn -0.000072 -0.100000 -0.000000
vn -0.000072 -0.100000 -0.000000
vn -0.000072 -0.100000 -0.000000
vn -0.000072 -0.100000 -0.000000
vn -0.000072 -0.100000 -0.000000
vn -0.000072 -0.100000 -0.000000
vn -0.099619 0.000071 0.008715
vn -0.099619 0.000071 0.008715
vn -0.099619 0.000071 0.008715
vn -0.099619 0.000071 0.008715
vn -0.096593 0.000069 0.025882
vn -0.096593 0.000069 0.025882
vn -0.096593 0.000069 0.025882
vn -0.096593 0.000069 0.025882
vn -0.090631 0.000065 0.042262
vn -0.090631 0.000065 0.042262
vn -0.090631 0.000065 0.042262
vn -0.090631 0.000065 0.042262
vn -0.081915 0.000059 0.057358
vn -0.081915 0.000059 0.057358
vn -0.081915 0.000059 0.057358
vn -0.081915 0.000059 0.057358
vn -0.070711 0.000051 0.070711
vn -0.070711 0.000051 0.070711
vn -0.070711 0.000051 0.070711
vn -0.070711 0.000051 0.070711
vn -0.057358 0.000041 0.081915
vn -0.057358 0.000041 0.081915
vn -0.057358 0.000041 0.081915
vn -0.057358 0.000041 0.081915
vn -0.042262 0.000030 0.090631
vn -0.042262 0.000030 0.090631
vn -0.042262 0.000030 0.090631
vn -0.042262 0.000030 0.090631
vn -0.025882 0.000018 0.096593
vn -0.025882 0.000018 0.096593
vn -0.025882 0.000018 0.096593
vn -0.025882 0.000018 0.096593
vn -0.008716 0.000006 0.099619
vn -0.008716 0.000006 0.099619
vn -0.008716 0.000006 0.099619
vn -0.008716 0.000006 0.099619
vn 0.008716 -0.000006 0.099619
vn 0.008716 -0.000006 0.099619
vn 0.008716 -0.000006 0.099619
vn 0.008716 -0.000006 0.099619
vn 0.025882 -0.000019 0.096593
vn 0.025882 -0.000019 0.096593
vn 0.025882 -0.000019 0.096593
vn 0.025882 -0.000019 0.096593
vn 0.042262 -0.000030 0.090631
vn 0.042262 -0.000030 0.090631
vn 0.042262 -0.000030 0.090631
vn 0.042262 -0.000030 0.090631
vn 0.057358 -0.000041 0.081915
vn 0.057358 -0.000041 0.081915
vn 0.057358 -0.000041 0.081915
vn 0.057358 -0.000041 0.081915
vn 0.070711 -0.000051 0.070711
vn 0.070711 -0.000051 0.070711
vn 0.070711 -0.000051 0.070711
vn 0.070711 -0.000051 0.070711
vn 0.081915 -0.000059 0.057358
vn 0.081915 -0.000059 0.057358
vn 0.081915 -0.000059 0.057358
vn 0.081915 -0.000059 0.057358
vn 0.090631 -0.000065 0.042262
vn 0.090631 -0.000065 0.042262
vn 0.090631 -0.000065 0.042262
vn 0.090631 -0.000065 0.042262
vn 0.096593 -0.000069 0.025882
vn 0.096593 -0.000069 0.025882
vn 0.096593 -0.000069 0.025882
vn 0.096593 -0.000069 0.025882
vn 0.099619 -0.000071 0.008716
vn 0.099619 -0.000071 0.008716
vn 0.099619 -0.000071 0.008716
vn 0.099619 -0.000071 0.008716
vn 0.099619 -0.000071 -0.008716
vn 0.099619 -0.000071 -0.008716
vn 0.099619 -0.000071 -0.008716
vn 0.099619 -0.000071 -0.008716
vn 0.096593 -0.000069 -0.025882
vn 0.096593 -0.000069 -0.025882
vn 0.096593 -0.000069 -0.025882
vn 0.096593 -0.000069 -0.025882
vn 0.090631 -0.000065 -0.042262
vn 0.090631 -0.000065 -0.042262
vn 0.090631 -0.000065 -0.042262
vn 0.090631 -0.000065 -0.042262
vn 0.081915 -0.000059 -0.057358
vn 0.081915 -0.000059 -0.057358
vn 0.081915 -0.000059 -0.057358
vn 0.081915 -0.000059 -0.057358
vn 0.070711 -0.000051 -0.070711
vn 0.070711 -0.000051 -0.070711
vn 0.070711 -0.000051 -0.070711
vn 0.070711 -0.000051 -0.070711
vn 0.057358 -0.000041 -0.081915
vn 0.057358 -0.000041 -0.081915
vn 0.057358 -0.000041 -0.081915
vn 0.057358 -0.000041 -0.081915
vn 0.042262 -0.000030 -0.090631
vn 0.042262 -0.000030 -0.090631
vn 0.042262 -0.000030 -0.090631
vn 0.042262 -0.000030 -0.090631
vn 0.025882 -0.000018 -0.096593
vn 0.025882 -0.000018 -0.096593
vn 0.025882 -0.000018 -0.096593
vn 0.025882 -0.000018 -0.096593
vn 0.008715 -0.000006 -0.099619
vn 0.008715 -0.000006 -0.099619
vn 0.008715 -0.000006 -0.099619
vn 0.008715 -0.000006 -0.099619
vn -0.008715 0.000006 -0.099619
vn -0.008715 0.000006 -0.099619
vn -0.008715 0.000006 -0.099619
vn -0.008715 0.000006 -0.099619
vn -0.025882 0.000019 -0.096593
vn -0.025882 0.000019 -0.096593
vn -0.025882 0.000019 -0.096593
vn -0.025882 0.000019 -0.096593
vn -0.042262 0.000030 -0.090631
vn -0.042262 0.000030 -0.090631
vn -0.042262 0.000030 -0.090631
vn -0.042262 0.000030 -0.090631
vn -0.057358 0.000041 -0.081915
vn -0.057358 0.000041 -0.081915
vn -0.057358 0.000041 -0.081915
vn -0.057358 0.000041 -0.081915
vn -0.070711 0.000051 -0.070711
vn -0.070711 0.000051 -0.070711
vn -0.070711 0.000051 -0.070711
vn -0.070711 0.000051 -0.070711
vn -0.081915 0.000059 -0.057358
vn -0.081915 0.000059 -0.057358
vn -0.081915 0.000059 -0.057358
vn -0.081915 0.000059 -0.057358
vn -0.090631 0.000065 -0.042262
vn -0.090631 0.000065 -0.042262
vn -0.090631 0.000065 -0.042262
vn -0.090631 0.000065 -0.042262
vn -0.096593 0.000069 -0.025882
vn -0.096593 0.000069 -0.025882
vn -0.096593 0.000069 -0.025882
vn -0.096593 0.000069 -0.025882
vn -0.099619 0.000071 -0.008716
vn -0.099619 0.000071 -0.008716
vn -0.099619 0.000071 -0.008716
vn -0.099619 0.000071 -0.008716
vn -0.099619 0.000071 0.008715
vn 0.099619 -0.000071 0.008716
vn 0.099857 0.005342 -0.000000
vn 0.099857 0.005342 -0.000000
vn 0.099857 0.005342 -0.000000
vn -0.099849 0.005486 -0.000000
vn -0.099849 0.005486 -0.000000
vn -0.099849 0.005486 -0.000000
vn -0.099849 0.005486 -0.000000
vn -0.099849 0.005485 0.000000
vn -0.099849 0.005485 0.000000
vn -0.099849 0.005485 0.000000
vn -0.098671 0.016249 0.000000
vn -0.098671 0.016249 0.000000
vn -0.098671 0.016249 0.000000
vn -0.098671 0.016249 0.000000
vn -0.098671 0.016249 0.000000
vn -0.098671 0.016249 0.000000
vn -0.098671 0.016249 0.000000
vn -0.096336 0.026822 0.000000
vn -0.096336 0.026822 0.000000
vn -0.096336 0.026822 0.000000
vn -0.096336 0.026822 0.000000
vn -0.096336 0.026822 -0.000000
vn -0.096336 0.026822 -0.000000
vn -0.096336 0.026822 -0.000000
vn -0.092871 0.037080 -0.000000
vn -0.092871 0.037080 -0.000000
vn -0.092871 0.037080 -0.000000
vn -0.092871 0.037080 -0.000000
vn -0.092871 0.037080 0.000000
vn -0.092871 0.037080 0.000000
vn -0.092871 0.037080 0.000000
vn -0.088318 0.046904 0.000000
vn -0.088318 0.046904 0.000000
vn -0.088318 0.046904 0.000000
vn -0.088318 0.046904 0.000000
vn -0.088318 0.046904 -0.000000
vn -0.088318 0.046904 -0.000000
vn -0.088318 0.046904 -0.000000
vn -0.082729 0.056178 0.000000
vn -0.082729 0.056178 0.000000
vn -0.082729 0.056178 0.000000
vn -0.082729 0.056178 0.000000
vn -0.082729 0.056178 0.000000
vn -0.076170 0.064793 0.000000
vn -0.076170 0.064793 0.000000
vn -0.076170 0.064793 0.000000
vn -0.076170 0.064793 0.000000
vn -0.076170 0.064793 0.000000
vn -0.076170 0.064793 0.000000
vn -0.076170 0.064793 0.000000
vn -0.068718 0.072649 0.000000
vn -0.068718 0.072649 0.000000
vn -0.068718 0.072649 0.000000
vn -0.068718 0.072649 0.000000
vn -0.068718 0.072649 -0.000000
vn -0.068718 0.072649 -0.000000
vn -0.068718 0.072649 -0.000000
vn -0.060460 0.079653 -0.000000
vn -0.060460 0.079653 -0.000000
vn -0.060460 0.079653 -0.000000
vn -0.060460 0.079653 -0.000000
vn -0.060460 0.079653 0.000000
vn -0.060460 0.079653 0.000000
vn -0.060460 0.079653 0.000000
vn -0.051494 0.085723 0.000000
vn -0.051494 0.085723 0.000000
vn -0.051494 0.085723 0.000000
vn -0.051494 0.085723 0.000000
vn -0.051494 0.085723 0.000000
vn -0.051494 0.085723 0.000000
vn -0.051494 0.085723 0.000000
vn -0.041924 0.090788 0.000000
vn -0.041924 0.090788 0.000000
vn -0.041924 0.090788 0.000000
vn -0.041924 0.090788 0.000000
vn -0.041924 0.090788 0.000000
vn -0.031862 0.094788 0.000000
vn -0.031862 0.094788 0.000000
vn -0.031862 0.094788 0.000000
vn -0.031862 0.094788 0.000000
vn -0.031862 0.094788 0.000000
vn -0.031862 0.094788 0.000000
vn -0.031862 0.094788 0.000000
vn -0.021427 0.097677 0.000000
vn -0.021427 0.097677 0.000000
vn -0.021427 0.097677 0.000000
vn -0.021427 0.097677 0.000000
vn -0.021427 0.097677 0.000000
vn -0.021427 0.097677 0.000000
vn -0.021427 0.097677 0.000000
vn -0.010741 0.099422 0.000000
vn -0.010741 0.099422 0.000000
vn -0.010741 0.099422 0.000000
vn -0.010741 0.099422 0.000000
vn -0.010741 0.099422 0.000000
vn -0.010741 0.099422 0.000000
vn -0.010741 0.099422 0.000000
vn 0.000072 0.100000 0.000000
vn 0.000072 0.100000 0.000000
vn 0.000072 0.100000 0.000000
vn 0.000072 0.100000 0.000000
vn 0.000072 0.100000 0.000000
vn 0.010883 0.099406 0.000000
vn 0.010883 0.099406 0.000000
vn 0.010883 0.099406 0.000000
vn 0.010883 0.099406 0.000000
vn 0.010883 0.099406 0.000000
vn 0.010883 0.099406 0.000000
vn 0.010883 0.099406 0.000000
vn 0.021567 0.097647 0.000000
vn 0.021567 0.097647 0.000000
vn 0.021567 0.097647 0.000000
vn 0.021567 0.097647 0.000000
vn 0.021567 0.097647 0.000000
vn 0.021567 0.097647 0.000000
vn 0.021567 0.097647 0.000000
vn 0.031998 0.094742 0.000000
vn 0.031998 0.094742 0.000000
vn 0.031998 0.094742 0.000000
vn 0.031998 0.094742 0.000000
vn 0.031998 0.094742 0.000000
vn 0.031998 0.094742 0.000000
vn 0.031998 0.094742 0.000000
vn 0.042054 0.090727 0.000000
vn 0.042054 0.090727 0.000000
vn 0.042054 0.090727 0.000000
vn 0.042054 0.090727 0.000000
vn 0.042054 0.090727 0.000000
vn 0.042054 0.090727 0.000000
vn 0.042054 0.090727 0.000000
vn 0.051617 0.085649 0.000000
vn 0.051617 0.085649 0.000000
vn 0.051617 0.085649 0.000000
vn 0.051617 0.085649 0.000000
vn 0.051617 0.085649 0.000000
vn 0.051617 0.085649 0.000000
vn 0.051617 0.085649 0.000000
vn 0.060575 0.079566 0.000000
vn 0.060575 0.079566 0.000000
vn 0.060575 0.079566 0.000000
vn 0.060575 0.079566 0.000000
vn 0.060574 0.079566 0.000000
vn 0.060574 0.079566 0.000000
vn 0.060574 0.079566 0.000000
vn 0.068822 0.072550 0.000000
vn 0.068822 0.072550 0.000000
vn 0.068822 0.072550 0.000000
vn 0.068822 0.072550 0.000000
vn 0.068822 0.072550 0.000000
vn 0.068822 0.072550 0.000000
vn 0.068822 0.072550 0.000000
vn 0.076263 0.064684 0.000000
vn 0.076263 0.064684 0.000000
vn 0.076263 0.064684 0.000000
vn 0.076263 0.064684 0.000000
vn 0.076263 0.064684 0.000000
vn 0.076263 0.064684 0.000000
vn 0.076263 0.064684 0.000000
vn 0.082809 0.056059 0.000000
vn 0.082809 0.056059 0.000000
vn 0.082809 0.056059 0.000000
vn 0.082809 0.056059 0.000000
vn 0.082809 0.056059 0.000000
vn 0.088385 0.046778 0.000000
vn 0.088385 0.046778 0.000000
vn 0.088385 0.046778 0.000000
vn 0.088385 0.046778 0.000000
vn 0.088385 0.046778 0.000000
vn 0.092924 0.036947 0.000000
vn 0.092924 0.036947 0.000000
vn 0.092924 0.036947 0.000000
vn 0.092924 0.036947 0.000000
vn 0.092924 0.036947 0.000000
vn 0.096374 0.026684 0.000000
vn 0.096374 0.026684 0.000000
vn 0.096374 0.026684 0.000000
vn 0.096374 0.026684 0.000000
vn 0.096374 0.026684 0.000000
vn 0.096374 0.026684 0.000000
vn 0.096374 0.026684 0.000000
vn 0.098694 0.016107 0.000000
vn 0.098694 0.016107 0.000000
vn 0.098694 0.016107 0.000000
vn 0.098694 0.016107 0.000000
vn 0.098694 0.016107 0.000000
vn 0.098694 0.016107 0.000000
vn 0.098694 0.016107 0.000000
vn 0.099857 0.005342 0.000000
vn 0.099857 0.005342 0.000000
vn 0.099857 0.005342 0.000000
vn 0.099857 0.005342 0.000000
vn 0.099619 -0.000071 0.008716
vn 0.099619 -0.000071 0.008716
vn 0.099619 -0.000071 0.008716
vn 0.099619 -0.000071 0.008716
vn 0.096593 -0.000069 0.025882
vn 0.096593 -0.000069 0.025882
vn 0.096593 -0.000069 0.025882
vn 0.096593 -0.000069 0.025882
vn 0.090631 -0.000065 0.042262
vn 0.090631 -0.000065 0.042262
vn 0.090631 -0.000065 0.042262
vn 0.090631 -0.000065 0.042262
vn 0.081915 -0.000059 0.057358
vn 0.081915 -0.000059 0.057358
vn 0.081915 -0.000059 0.057358
vn 0.081915 -0.000059 0.057358
vn 0.070711 -0.000051 0.070711
vn 0.070711 -0.000051 0.070711
vn 0.070711 -0.000051 0.070711
vn 0.070711 -0.000051 0.070711
vn 0.057358 -0.000041 0.081915
vn 0.057358 -0.000041 0.081915
vn 0.057358 -0.000041 0.081915
vn 0.057358 -0.000041 0.081915
vn 0.042262 -0.000030 0.090631
vn 0.042262 -0.000030 0.090631
vn 0.042262 -0.000030 0.090631
vn 0.042262 -0.000030 0.090631
vn 0.025882 -0.000019 0.096593
vn 0.025882 -0.000019 0.096593
vn 0.025882 -0.000019 0.096593
vn 0.025882 -0.000019 0.096593
vn 0.008716 -0.000006 0.099619
vn 0.008716 -0.000006 0.099619
vn 0.008716 -0.000006 0.099619
vn 0.008716 -0.000006 0.099619
vn -0.008716 0.000006 0.099619
vn -0.008716 0.000006 0.099619
vn -0.008716 0.000006 0.099619
vn -0.008716 0.000006 0.099619
vn -0.025882 0.000018 0.096593
vn -0.025882 0.000018 0.096593
vn -0.025882 0.000018 0.096593
vn -0.025882 0.000018 0.096593
vn -0.042262 0.000030 0.090631
vn -0.042262 0.000030 0.090631
vn -0.042262 0.000030 0.090631
vn -0.042262 0.000030 0.090631
vn -0.057358 0.000041 0.081915
vn -0.057358 0.000041 0.081915
vn -0.057358 0.000041 0.081915
vn -0.057358 0.000041 0.081915
vn -0.070711 0.000051 0.070711
vn -0.070711 0.000051 0.070711
vn -0.070711 0.000051 0.070711
vn -0.070711 0.000051 0.070711
vn -0.081915 0.000059 0.057358
vn -0.081915 0.000059 0.057358
vn -0.081915 0.000059 0.057358
vn -0.081915 0.000059 0.057358
vn -0.090631 0.000065 0.042262
vn -0.090631 0.000065 0.042262
vn -0.090631 0.000065 0.042262
vn -0.090631 0.000065 0.042262
vn -0.096593 0.000069 0.025882
vn -0.096593 0.000069 0.025882
vn -0.096593 0.000069 0.025882
vn -0.096593 0.000069 0.025882
vn -0.099619 0.000071 0.008715
vn -0.099619 0.000071 0.008715
vn -0.099619 0.000071 0.008715
vn -0.099619 0.000071 0.008715
vn -0.099619 0.000071 -0.008716
vn -0.099619 0.000071 -0.008716
vn -0.099619 0.000071 -0.008716
vn -0.099619 0.000071 -0.008716
vn -0.096593 0.000069 -0.025882
vn -0.096593 0.000069 -0.025882
vn -0.096593 0.000069 -0.025882
vn -0.096593 0.000069 -0.025882
vn -0.090631 0.000065 -0.042262
vn -0.090631 0.000065 -0.042262
vn -0.090631 0.000065 -0.042262
vn -0.090631 0.000065 -0.042262
vn -0.081915 0.000059 -0.057358
vn -0.081915 0.000059 -0.057358
vn -0.081915 0.000059 -0.057358
vn -0.081915 0.000059 -0.057358
vn -0.070711 0.000051 -0.070711
vn -0.070711 0.000051 -0.070711
vn -0.070711 0.000051 -0.070711
vn -0.070711 0.000051 -0.070711
vn -0.057358 0.000041 -0.081915
vn -0.057358 0.000041 -0.081915
vn -0.057358 0.000041 -0.081915
vn -0.057358 0.000041 -0.081915
vn -0.042262 0.000030 -0.090631
vn -0.042262 0.000030 -0.090631
vn -0.042262 0.000030 -0.090631
vn -0.042262 0.000030 -0.090631
vn -0.025882 0.000019 -0.096593
vn -0.025882 0.000019 -0.096593
vn -0.025882 0.000019 -0.096593
vn -0.025882 0.000019 -0.096593
vn -0.008715 0.000006 -0.099619
vn -0.008715 0.000006 -0.099619
vn -0.008715 0.000006 -0.099619
vn -0.008715 0.000006 -0.099619
vn 0.008715 -0.000006 -0.099619
vn 0.008715 -0.000006 -0.099619
vn 0.008715 -0.000006 -0.099619
vn 0.008715 -0.000006 -0.099619
vn 0.025882 -0.000018 -0.096593
vn 0.025882 -0.000018 -0.096593
vn 0.025882 -0.000018 -0.096593
vn 0.025882 -0.000018 -0.096593
vn 0.042262 -0.000030 -0.090631
vn 0.042262 -0.000030 -0.090631
vn 0.042262 -0.000030 -0.090631
vn 0.042262 -0.000030 -0.090631
vn 0.057358 -0.000041 -0.081915
vn 0.057358 -0.000041 -0.081915
vn 0.057358 -0.000041 -0.081915
vn 0.057358 -0.000041 -0.081915
vn 0.070711 -0.000051 -0.070711
vn 0.070711 -0.000051 -0.070711
vn 0.070711 -0.000051 -0.070711
vn 0.070711 -0.000051 -0.070711
vn 0.081915 -0.000059 -0.057358
vn 0.081915 -0.000059 -0.057358
vn 0.081915 -0.000059 -0.057358
vn 0.081915 -0.000059 -0.057358
vn 0.090631 -0.000065 -0.042262
vn 0.090631 -0.000065 -0.042262
vn 0.090631 -0.000065 -0.042262
vn 0.090631 -0.000065 -0.042262
vn 0.096593 -0.000069 -0.025882
vn 0.096593 -0.000069 -0.025882
vn 0.096593 -0.000069 -0.025882
vn 0.096593 -0.000069 -0.025882
vn 0.099619 -0.000071 -0.008716
vn 0.099619 -0.000071 -0.008716
vn 0.099619 -0.000071 -0.008716
vn 0.099619 -0.000071 -0.008716
vn 0.099619 -0.000071 0.008716
vn -0.099619 0.000071 0.008715
vn -0.000072 -0.100000 -0.000000
vn -0.000072 -0.100000 -0.000000
vn -0.000072 -0.100000 -0.000000
vn -0.000072 -0.100000 -0.000000
vn -0.000072 -0.100000 -0.000000
vn -0.000072 -0.100000 -0.000000
vn -0.000072 -0.100000 -0.000000
vn -0.000072 -0.100000 -0.000000
vn -0.000072 -0.100000 -0.000000
vn -0.000072 -0.100000 -0.000000
vn -0.000072 -0.100000 -0.000000
vn -0.000072 -0.100000 -0.000000
vn -0.000072 -0.100000 -0.000000
vn -0.000072 -0.100000 -0.000000
vn -0.000072 -0.100000 -0.000000
vn -0.000072 -0.100000 -0.000000
vn -0.000072 -0.100000 -0.000000
vn -0.000072 -0.100000 -0.000000
vn -0.000072 -0.100000 -0.000000
vn -0.000072 -0.100000 -0.000000
vn -0.000072 -0.100000 -0.000000
vn -0.000072 -0.100000 -0.000000
vn -0.000072 -0.100000 -0.000000
vn -0.000072 -0.100000 -0.000000
vn -0.000072 -0.100000 -0.000000
vn -0.000072 -0.100000 -0.000000
vn -0.000072 -0.100000 -0.000000
vn -0.000072 -0.100000 -0.000000
vn -0.000072 -0.100000 -0.000000
vn -0.000072 -0.100000 -0.000000
vn -0.000072 -0.100000 -0.000000
vn -0.000072 -0.100000 -0.000000
vn -0.000072 -0.100000 -0.000000
vn -0.000072 -0.100000 -0.000000
vn -0.000072 -0.100000 -0.000000
vn -0.000072 -0.100000 -0.000000
vn -0.000072 -0.100000 -0.000000
vn -0.000072 -0.100000 -0.000000
vn -0.000072 -0.100000 -0.000000
vn -0.000072 -0.100000 -0.000000
vn -0.000072 -0.100000 -0.000000
vn -0.000072 -0.100000 -0.000000
vn -0.000072 -0.100000 -0.000000
vn -0.000072 -0.100000 -0.000000
vn -0.000072 -0.100000 -0.000000
vn -0.000072 -0.100000 -0.000000
vn -0.000072 -0.100000 -0.000000
vn -0.000072 -0.100000 -0.000000
vn -0.000072 -0.100000 -0.000000
vn -0.000072 -0.100000 -0.000000
vn -0.000072 -0.100000 -0.000000
vn -0.000072 -0.100000 -0.000000
vn -0.000072 -0.100000 -0.000000
vn -0.000072 -0.100000 -0.000000
vn -0.000072 -0.100000 -0.000000
vn -0.000072 -0.100000 -0.000000
vn -0.000072 -0.100000 -0.000000
vn -0.000072 -0.100000 -0.000000
vn -0.000072 -0.100000 -0.000000
vn -0.000072 -0.100000 -0.000000
vn -0.000072 -0.100000 -0.000000
vn -0.000072 -0.100000 -0.000000
vn -0.000072 -0.100000 -0.000000
vn -0.000072 -0.100000 -0.000000
vn -0.000072 -0.100000 -0.000000
vn -0.000072 -0.100000 -0.000000
vn -0.000072 -0.100000 -0.000000
vn -0.000072 -0.100000 -0.000000
vn -0.000072 -0.100000 -0.000000
vn -0.000072 -0.100000 -0.000000
vn -0.000072 -0.100000 -0.000000
vn -0.000072 -0.100000 -0.000000
vn 0.100000 -0.000072 -0.000000
vn 0.100000 -0.000072 -0.000000
vn 0.100000 -0.000072 -0.000000
vn 0.100000 -0.000072 -0.000000
vn -0.100000 0.000072 0.000000
vn -0.100000 0.000072 0.000000
vn -0.100000 0.000072 0.000000
vn -0.100000 0.000072 0.000000
vn -0.100000 0.000072 0.000000
vn 0.000072 0.100000 0.000000
vn 0.000072 0.100000 0.000000
vn 0.000072 0.100000 0.000000
vn 0.000072 0.100000 0.000000
vn 0.000072 0.100000 0.000000
vn 0.000072 0.100000 0.000000
vn 0.000072 0.100000 0.000000
vn 0.000072 0.100000 0.000000
vn 0.000072 0.100000 0.000000
vn 0.000001 -0.000000 0.100000
vn 0.000001 -0.000000 0.100000
vn 0.000001 -0.000000 0.100000
vn 0.000001 -0.000000 0.100000
vn -0.000072 -0.100000 -0.000000
vn -0.000072 -0.100000 -0.000000
vn -0.000072 -0.100000 -0.000000
vn -0.000072 -0.100000 -0.000000
vn -0.000072 -0.100000 -0.000000
vn -0.000072 -0.100000 -0.000000
vn -0.000072 -0.100000 -0.000000
vn -0.000072 -0.100000 -0.000000
vn -0.000072 -0.100000 -0.000000
vn -0.100000 0.000072 0.000000
vn -0.100000 0.000072 0.000000
vn -0.100000 0.000072 0.000000
vn -0.100000 0.000072 0.000000
vn 0.000072 0.100000 0.000000
vn 0.000072 0.100000 0.000000
vn 0.000072 0.100000 0.000000
vn 0.000072 0.100000 0.000000
vn 0.000072 0.100000 0.000000
vn 0.000072 0.100000 0.000000
vn 0.000072 0.100000 0.000000
vn 0.000072 0.100000 0.000000
vn 0.000072 0.100000 0.000000
vn 0.000001 -0.000000 0.100000
vn 0.000001 -0.000000 0.100000
vn 0.000001 -0.000000 0.100000
vn 0.000001 -0.000000 0.100000
vn -0.000072 -0.100000 -0.000000
vn -0.000072 -0.100000 -0.000000
vn -0.000072 -0.100000 -0.000000
vn -0.000072 -0.100000 -0.000000
vn -0.000072 -0.100000 -0.000000
vn -0.000072 -0.100000 -0.000000
vn -0.000072 -0.100000 -0.000000
vn -0.000072 -0.100000 -0.000000
vn -0.000072 -0.100000 -0.000000
vn 0.100000 -0.000072 -0.000000
vn 0.100000 -0.000072 -0.000000
vn 0.100000 -0.000072 -0.000000
vn 0.100000 -0.000072 -0.000000
vn 0.000072 0.100000 0.000000
vn 0.000072 0.100000 0.000000
vn 0.000072 0.100000 0.000000
vn 0.000072 0.100000 0.000000
vn 0.000072 0.100000 0.000000
vn 0.000072 0.100000 0.000000
vn 0.000072 0.100000 0.000000
vn 0.000072 0.100000 0.000000
vn 0.000072 0.100000 0.000000
vn -0.000072 -0.100000 -0.000000
vn -0.000072 -0.100000 -0.000000
vn -0.000072 -0.100000 -0.000000
vn -0.000072 -0.100000 -0.000000
vn -0.000072 -0.100000 -0.000000
vn -0.000072 -0.100000 -0.000000
vn -0.000072 -0.100000 -0.000000
vn -0.000072 -0.100000 -0.000000
vn -0.000072 -0.100000 -0.000000
vn 0.000000 -0.000000 0.100000
vn 0.000000 -0.000000 0.100000
vn 0.000000 -0.000000 0.100000
vn 0.000000 -0.000000 0.100000
vn 0.100000 -0.000072 -0.000000
vn 0.100000 -0.000072 -0.000000
vn 0.100000 -0.000072 -0.000000
vn 0.100000 -0.000072 -0.000000
vn 0.100000 -0.000072 -0.000000
vn 0.000072 0.100000 0.000000
vn 0.000072 0.100000 0.000000
vn 0.000072 0.100000 0.000000
vn 0.000072 0.100000 0.000000
vn 0.000072 0.100000 0.000000
vn 0.000072 0.100000 0.000000
vn 0.000072 0.100000 0.000000
vn 0.000072 0.100000 0.000000
vn 0.000072 0.100000 0.000000
vn -0.000072 -0.100000 -0.000000
vn -0.000072 -0.100000 -0.000000
vn -0.000072 -0.100000 -0.000000
vn -0.000072 -0.100000 -0.000000
vn -0.000072 -0.100000 -0.000000
vn -0.000072 -0.100000 -0.000000
vn -0.000072 -0.100000 -0.000000
vn -0.000072 -0.100000 -0.000000
vn -0.000072 -0.100000 -0.000000
vn 0.000000 -0.000000 0.100000
vn 0.000000 -0.000000 0.100000
vn 0.000000 -0.000000 0.100000
vn 0.000000 -0.000000 0.100000
vn 0.000072 0.100000 0.000000
vn 0.000072 0.100000 0.000000
vn 0.000072 0.100000 0.000000
vn 0.000072 0.100000 0.000000
vn 0.000072 0.100000 0.000000
vn 0.000072 0.100000 0.000000
vn 0.000072 0.100000 0.000000
vn 0.000072 0.100000 0.000000
vn 0.000072 0.100000 0.000000
vn 0.000072 0.100000 0.000000
vn 0.000072 0.100000 0.000000
vn 0.000072 0.100000 0.000000
vn 0.000072 0.100000 0.000000
vn 0.000072 0.100000 0.000000
vn 0.000072 0.100000 0.000000
vn 0.000072 0.100000 0.000000
vn 0.000072 0.100000 0.000000
vn 0.000072 0.100000 0.000000
vn 0.000072 0.100000 0.000000
vn 0.000072 0.100000 0.000000
vn 0.000072 0.100000 0.000000
vn 0.000072 0.100000 0.000000
vn 0.000072 0.100000 0.000000
vn 0.000072 0.100000 0.000000
vn 0.000072 0.100000 0.000000
vn 0.000072 0.100000 0.000000
vn 0.000072 0.100000 0.000000
vn 0.000072 0.100000 0.000000
vn 0.000072 0.100000 0.000000
vn 0.000072 0.100000 0.000000
vn 0.000072 0.100000 0.000000
vn 0.000072 0.100000 0.000000
vn 0.000072 0.100000 0.000000
vn 0.000072 0.100000 0.000000
vn 0.000072 0.100000 0.000000
vn 0.000072 0.100000 0.000000
vn 0.000072 0.100000 0.000000
vn 0.000072 0.100000 0.000000
vn 0.000072 0.100000 0.000000
vn 0.000072 0.100000 0.000000
vn 0.000072 0.100000 0.000000
vn 0.000072 0.100000 0.000000
vn 0.000072 0.100000 0.000000
vn 0.000072 0.100000 0.000000
vn 0.000072 0.100000 0.000000
vn 0.000072 0.100000 0.000000
vn 0.000072 0.100000 0.000000
vn 0.000072 0.100000 0.000000
vn 0.000072 0.100000 0.000000
vn 0.000072 0.100000 0.000000
vn 0.000072 0.100000 0.000000
vn 0.000072 0.100000 0.000000
vn 0.000072 0.100000 0.000000
vn 0.000072 0.100000 0.000000
vn 0.000072 0.100000 0.000000
vn 0.000072 0.100000 0.000000
vn 0.000072 0.100000 0.000000
vn 0.000072 0.100000 0.000000
vn 0.000072 0.100000 0.000000
vn 0.000072 0.100000 0.000000
vn 0.000072 0.100000 0.000000
vn 0.000072 0.100000 0.000000
vn 0.000072 0.100000 0.000000
vn 0.000072 0.100000 0.000000
vn 0.000072 0.100000 0.000000
vn 0.000072 0.100000 0.000000
vn 0.000072 0.100000 0.000000
vn 0.000072 0.100000 0.000000
vn 0.000072 0.100000 0.000000
vn 0.000072 0.100000 0.000000
vn 0.100000 -0.000072 -0.000000
vn 0.100000 -0.000072 -0.000000
vn 0.100000 -0.000072 -0.000000
vn 0.100000 -0.000072 -0.000000
vn 0.100000 -0.000072 -0.000000
vn 0.100000 -0.000072 -0.000000
vn 0.100000 -0.000072 -0.000000
vn 0.100000 -0.000072 -0.000000
vn 0.100000 -0.000072 -0.000000
vn 0.100000 -0.000072 -0.000000
vn 0.100000 -0.000072 -0.000000
vn 0.100000 -0.000072 -0.000000
vn 0.100000 -0.000072 -0.000000
vn 0.100000 -0.000072 -0.000000
vn 0.100000 -0.000072 -0.000000
vn 0.100000 -0.000072 -0.000000
vn -0.100000 0.000072 -0.000000
vn -0.100000 0.000072 -0.000000
vn -0.100000 0.000072 -0.000000
vn -0.100000 0.000072 -0.000000
vn -0.100000 0.000072 -0.000000
vn -0.100000 0.000072 -0.000000
vn -0.100000 0.000072 -0.000000
vn -0.100000 0.000072 -0.000000
vn -0.100000 0.000072 -0.000000
vn -0.100000 0.000072 -0.000000
vn -0.100000 0.000072 -0.000000
vn -0.100000 0.000072 -0.000000
vn -0.100000 0.000072 -0.000000
vn -0.100000 0.000072 -0.000000
vn -0.100000 0.000072 -0.000000
vn -0.100000 0.000072 -0.000000
vn -0.100000 0.000072 -0.000000
vn -0.100000 0.000072 -0.000000
vn -0.100000 0.000072 -0.000000
vn -0.100000 0.000072 -0.000000
vn -0.000000 -0.000000 0.100000
vn -0.000000 -0.000000 0.100000
vn -0.000000 -0.000000 0.100000
vn -0.000000 -0.000000 0.100000
vn -0.000000 -0.000000 0.100000
vn -0.000000 -0.000000 0.100000
vn -0.000000 -0.000000 0.100000
vn -0.000000 -0.000000 0.100000
vn -0.000000 -0.000000 0.100000
vn 0.000000 -0.000000 0.100000
vn 0.000000 -0.000000 0.100000
vn 0.000000 -0.000000 0.100000
vn 0.000000 0.000000 0.100000
vn 0.000000 0.000000 0.100000
vn 0.000000 0.000000 0.100000
vn -0.000000 -0.000000 0.100000
vn -0.000000 -0.000000 0.100000
vn -0.000000 -0.000000 0.100000
vn 0.000000 -0.000000 0.100000
vn 0.000000 -0.000000 0.100000
vn 0.000000 -0.000000 0.100000
vn 0.000000 -0.000000 0.100000
vn 0.000000 -0.000000 0.100000
vn 0.000000 -0.000000 0.100000
vn -0.000000 -0.000000 0.100000
vn -0.000000 -0.000000 0.100000
vn -0.000000 -0.000000 0.100000
vn -0.000000 -0.000000 0.100000
vn -0.000000 -0.000000 0.100000
vn -0.000000 -0.000000 0.100000
vn -0.000000 -0.000000 0.100000
vn -0.000000 -0.000000 0.100000
vn -0.000000 -0.000000 0.100000
vn -0.000000 -0.000000 0.100000
vn 0.000000 0.000000 0.100000
vn 0.000000 0.000000 0.100000
vn 0.000000 0.000000 0.100000
vn -0.000000 -0.000000 0.100000
vn -0.000000 -0.000000 0.100000
vn -0.000000 -0.000000 0.100000
vn -0.000000 -0.000000 0.100000
vn -0.000000 -0.000000 0.100000
vn -0.000000 -0.000000 0.100000
vn -0.000000 -0.000000 0.100000
vn -0.000000 -0.000000 0.100000
vn -0.000000 -0.000000 0.100000
vn -0.000000 -0.000000 0.100000
vn -0.000000 -0.000000 0.100000
vn -0.000000 -0.000000 0.100000
vn 0.000000 -0.000000 0.100000
vn 0.000000 -0.000000 0.100000
vn 0.000000 -0.000000 0.100000
vn -0.000000 -0.000000 0.100000
vn -0.000000 -0.000000 0.100000
vn -0.000000 -0.000000 0.100000
vn 0.000000 -0.000000 0.100000
vn 0.000000 -0.000000 0.100000
vn 0.000000 -0.000000 0.100000
vn 0.000000 -0.000000 0.100000
vn 0.000000 -0.000000 0.100000
vn 0.000000 -0.000000 0.100000
vn -0.000000 -0.000000 0.100000
vn -0.000000 -0.000000 0.100000
vn -0.000000 -0.000000 0.100000
vn 0.000000 -0.000000 0.100000
vn 0.000000 -0.000000 0.100000
vn 0.000000 -0.000000 0.100000
vn -0.000000 -0.000000 0.100000
vn -0.000000 -0.000000 0.100000
vn -0.000000 -0.000000 0.100000
vn 0.000000 -0.000000 0.100000
vn 0.000000 -0.000000 0.100000
vn 0.000000 -0.000000 0.100000
vn -0.000000 -0.000000 0.100000
vn -0.000000 -0.000000 0.100000
vn -0.000000 -0.000000 0.100000
vn 0.000000 -0.000000 0.100000
vn 0.000000 -0.000000 0.100000
vn 0.000000 -0.000000 0.100000
vn 0.000000 -0.000000 0.100000
vn 0.000000 -0.000000 0.100000
vn 0.000000 -0.000000 0.100000
vn -0.000000 0.000000 0.100000
vn -0.000000 0.000000 0.100000
vn -0.000000 0.000000 0.100000
vn -0.000000 -0.000000 0.100000
vn -0.000000 -0.000000 0.100000
vn -0.000000 -0.000000 0.100000
vn 0.000000 -0.000000 0.100000
vn 0.000000 -0.000000 0.100000
vn 0.000000 -0.000000 0.100000
vn -0.000000 -0.000000 0.100000
vn -0.000000 -0.000000 0.100000
vn -0.000000 -0.000000 0.100000
vn 0.000000 -0.000000 0.100000
vn 0.000000 -0.000000 0.100000
vn 0.000000 -0.000000 0.100000
vn 0.000000 -0.000000 0.100000
vn 0.000000 -0.000000 0.100000
vn 0.000000 -0.000000 0.100000
vn -0.000000 -0.000000 0.100000
vn -0.000000 -0.000000 0.100000
vn -0.000000 -0.000000 0.100000
vn 0.000000 -0.000000 0.100000
vn 0.000000 -0.000000 0.100000
vn 0.000000 -0.000000 0.100000
vn -0.000000 -0.000000 0.100000
vn -0.000000 -0.000000 0.100000
vn -0.000000 -0.000000 0.100000
vn 0.000000 -0.000000 0.100000
vn 0.000000 -0.000000 0.100000
vn 0.000000 -0.000000 0.100000
vn 0.000000 -0.000000 0.100000
vn 0.000000 -0.000000 0.100000
vn 0.000000 -0.000000 0.100000
vn 0.000000 -0.000000 0.100000
vn 0.000000 -0.000000 0.100000
vn 0.000000 -0.000000 0.100000
vn -0.000000 -0.000000 0.100000
vn -0.000000 -0.000000 0.100000
vn -0.000000 -0.000000 0.100000
vn -0.000000 -0.000000 0.100000
vn -0.000000 -0.000000 0.100000
vn -0.000000 -0.000000 0.100000
vn -0.000000 -0.000000 0.100000
vn -0.000000 -0.000000 0.100000
vn -0.000000 -0.000000 0.100000
vn -0.000000 -0.000000 0.100000
vn -0.000000 -0.000000 0.100000
vn -0.000000 -0.000000 0.100000
vn -0.000000 -0.000000 0.100000
vn -0.000000 -0.000000 0.100000
vn -0.000000 -0.000000 0.100000
vn 0.000000 -0.000000 0.100000
vn 0.000000 -0.000000 0.100000
vn 0.000000 -0.000000 0.100000
vn 0.000000 -0.000000 0.100000
vn 0.000000 -0.000000 0.100000
vn 0.000000 -0.000000 0.100000
vn 0.000000 -0.000000 0.100000
vn 0.000000 -0.000000 0.100000
vn 0.000000 -0.000000 0.100000
vn 0.000000 -0.000000 0.100000
vn 0.000000 -0.000000 0.100000
vn 0.000000 -0.000000 0.100000
vn -0.000000 -0.000000 0.100000
vn -0.000000 -0.000000 0.100000
vn -0.000000 -0.000000 0.100000
vn -0.000000 -0.000000 0.100000
vn -0.000000 -0.000000 0.100000
vn -0.000000 -0.000000 0.100000
vn 0.000000 -0.000000 0.100000
vn 0.000000 -0.000000 0.100000
vn 0.000000 -0.000000 0.100000
vn 0.000000 -0.000000 0.100000
vn 0.000000 -0.000000 0.100000
vn 0.000000 -0.000000 0.100000
vn -0.000000 -0.000000 0.100000
vn -0.000000 -0.000000 0.100000
vn -0.000000 -0.000000 0.100000
vn -0.000000 -0.000000 0.100000
vn -0.000000 -0.000000 0.100000
vn -0.000000 -0.000000 0.100000
vn -0.000000 -0.000000 0.100000
vn -0.000000 -0.000000 0.100000
vn -0.000000 -0.000000 0.100000
vn -0.000000 -0.000000 0.100000
vn -0.000000 -0.000000 0.100000
vn -0.000000 -0.000000 0.100000
vn -0.000000 -0.000000 0.100000
vn -0.000000 -0.000000 0.100000
vn -0.000000 -0.000000 0.100000
vn -0.000000 -0.000000 0.100000
vn -0.000000 -0.000000 0.100000
vn -0.000000 -0.000000 0.100000
vn 0.000000 -0.000000 0.100000
vn 0.000000 -0.000000 0.100000
vn 0.000000 -0.000000 0.100000
vn 0.000000 -0.000000 0.100000
vn 0.000000 -0.000000 0.100000
vn 0.000000 -0.000000 0.100000
vn -0.000000 -0.000000 0.100000
vn -0.000000 -0.000000 0.100000
vn -0.000000 -0.000000 0.100000
vn -0.000000 -0.000000 0.100000
vn -0.000000 -0.000000 0.100000
vn -0.000000 -0.000000 0.100000
vn -0.000000 -0.000000 0.100000
vn -0.000000 -0.000000 0.100000
vn -0.000000 -0.000000 0.100000
vn -0.000000 -0.000000 0.100000
vn -0.000000 -0.000000 0.100000
vn -0.000000 -0.000000 0.100000
vn -0.000000 -0.000000 0.100000
vn -0.000000 -0.000000 0.100000
vn -0.000000 -0.000000 0.100000
vn -0.000000 -0.000000 0.100000
vn -0.000000 -0.000000 0.100000
vn -0.000000 -0.000000 0.100000
vn 0.000000 -0.000000 0.100000
vn 0.000000 -0.000000 0.100000
vn 0.000000 -0.000000 0.100000
vn 0.000000 -0.000000 0.100000
vn 0.000000 -0.000000 0.100000
vn 0.000000 -0.000000 0.100000
vn 0.000000 -0.000000 0.100000
vn 0.000000 -0.000000 0.100000
vn 0.000000 -0.000000 0.100000
vn 0.000000 -0.000000 0.100000
vn 0.000000 -0.000000 0.100000
vn 0.000000 -0.000000 0.100000
vn -0.000000 -0.000000 0.100000
vn -0.000000 -0.000000 0.100000
vn -0.000000 -0.000000 0.100000
vn -0.000000 -0.000000 0.100000
vn -0.000000 -0.000000 0.100000
vn -0.000000 -0.000000 0.100000
vn 0.000000 -0.000000 0.100000
vn 0.000000 -0.000000 0.100000
vn 0.000000 -0.000000 0.100000
vn -0.000000 -0.000000 0.100000
vn -0.000000 -0.000000 0.100000
vn -0.000000 -0.000000 0.100000
vn -0.000000 -0.000000 0.100000
vn -0.000000 -0.000000 0.100000
vn -0.000000 -0.000000 0.100000
vn -0.000000 -0.000000 0.100000
vn -0.000000 -0.000000 0.100000
vn -0.000000 -0.000000 0.100000
vn 0.000000 -0.000000 0.100000
vn 0.000000 -0.000000 0.100000
vn 0.000000 -0.000000 0.100000
vn -0.000000 -0.000000 0.100000
vn -0.000000 -0.000000 0.100000
vn -0.000000 -0.000000 0.100000
vn -0.000000 -0.000000 0.100000
vn -0.000000 -0.000000 0.100000
vn -0.000000 -0.000000 0.100000
vn 0.000000 -0.000000 0.100000
vn 0.000000 -0.000000 0.100000
vn 0.000000 -0.000000 0.100000
vn 0.000000 -0.000000 0.100000
vn 0.000000 -0.000000 0.100000
vn 0.000000 -0.000000 0.100000
vn 0.000000 -0.000000 0.100000
vn 0.000000 -0.000000 0.100000
vn 0.000000 -0.000000 0.100000
vn 0.000000 -0.000000 0.100000
vn 0.000000 -0.000000 0.100000
vn 0.000000 -0.000000 0.100000
vn -0.000000 -0.000000 0.100000
vn -0.000000 -0.000000 0.100000
vn -0.000000 -0.000000 0.100000
vn -0.000000 -0.000000 0.100000
vn -0.000000 -0.000000 0.100000
vn -0.000000 -0.000000 0.100000
vn -0.000000 -0.000000 0.100000
vn -0.000000 -0.000000 0.100000
vn -0.000000 -0.000000 0.100000
vn -0.000000 -0.000000 0.100000
vn -0.000000 -0.000000 0.100000
vn -0.000000 -0.000000 0.100000
vn -0.000000 -0.000000 0.100000
vn -0.000000 -0.000000 0.100000
vn -0.000000 -0.000000 0.100000
vn -0.000000 -0.000000 0.100000
vn -0.000000 -0.000000 0.100000
vn -0.000000 -0.000000 0.100000
vn -0.000000 -0.000000 0.100000
vn -0.000000 -0.000000 0.100000
vn -0.000000 -0.000000 0.100000
vn -0.000000 -0.000000 0.100000
vn -0.000000 -0.000000 0.100000
vn -0.000000 -0.000000 0.100000
vn 0.000000 -0.000000 0.100000
vn 0.000000 -0.000000 0.100000
vn 0.000000 -0.000000 0.100000
vn 0.000000 -0.000000 0.100000
vn 0.000000 -0.000000 0.100000
vn 0.000000 -0.000000 0.100000
vn 0.000000 -0.000000 0.100000
vn 0.000000 -0.000000 0.100000
vn 0.000000 -0.000000 0.100000
vn 0.000000 -0.000000 0.100000
vn 0.000000 -0.000000 0.100000
vn 0.000000 -0.000000 0.100000
vn -0.000000 -0.000000 0.100000
vn -0.000000 -0.000000 0.100000
vn -0.000000 -0.000000 0.100000
vn -0.000000 -0.000000 0.100000
vn -0.000000 -0.000000 0.100000
vn -0.000000 -0.000000 0.100000
vn 0.000000 -0.000000 0.100000
vn 0.000000 -0.000000 0.100000
vn 0.000000 -0.000000 0.100000
vn -0.000000 -0.000000 0.100000
vn -0.000000 -0.000000 0.100000
vn -0.000000 -0.000000 0.100000
vn -0.000000 -0.000000 0.100000
vn -0.000000 -0.000000 0.100000
vn -0.000000 -0.000000 0.100000
vn -0.000000 -0.000000 0.100000
vn -0.000000 -0.000000 0.100000
vn -0.000000 -0.000000 0.100000
vn 0.000000 -0.000000 0.100000
vn 0.000000 -0.000000 0.100000
vn 0.000000 -0.000000 0.100000
vn -0.000000 -0.000000 0.100000
vn -0.000000 -0.000000 0.100000
vn -0.000000 -0.000000 0.100000
vn -0.000000 -0.000000 0.100000
vn -0.000000 -0.000000 0.100000
vn -0.000000 -0.000000 0.100000
vn -0.000000 -0.000000 0.100000
vn -0.000000 -0.000000 0.100000
vn -0.000000 -0.000000 0.100000
vn 0.000000 -0.000000 0.100000
vn 0.000000 -0.000000 0.100000
vn 0.000000 -0.000000 0.100000
vn -0.000000 -0.000000 0.100000
vn -0.000000 -0.000000 0.100000
vn -0.000000 -0.000000 0.100000
vn -0.000000 -0.000000 0.100000
vn -0.000000 -0.000000 0.100000
vn -0.000000 -0.000000 0.100000
vn 0.000000 -0.000000 0.100000
vn 0.000000 -0.000000 0.100000
vn 0.000000 -0.000000 0.100000
vn 0.000000 -0.000000 0.100000
vn 0.000000 -0.000000 0.100000
vn 0.000000 -0.000000 0.100000
vn -0.000000 -0.000000 0.100000
vn -0.000000 -0.000000 0.100000
vn -0.000000 -0.000000 0.100000
vn -0.000000 -0.000000 0.100000
vn -0.000000 -0.000000 0.100000
vn -0.000000 -0.000000 0.100000
vn -0.000000 -0.000000 0.100000
vn -0.000000 -0.000000 0.100000
vn -0.000000 -0.000000 0.100000
vn -0.000000 -0.000000 0.100000
vn -0.000000 -0.000000 0.100000
vn -0.000000 -0.000000 0.100000
vn -0.000000 -0.000000 0.100000
vn -0.000000 -0.000000 0.100000
vn -0.000000 -0.000000 0.100000
vn -0.000000 -0.000000 0.100000
vn -0.000000 -0.000000 0.100000
vn -0.000000 -0.000000 0.100000
vn -0.000000 -0.000000 0.100000
vn -0.000000 -0.000000 0.100000
vn -0.000000 -0.000000 0.100000
vn -0.000000 -0.000000 0.100000
vn -0.000000 -0.000000 0.100000
vn -0.000000 -0.000000 0.100000
vn -0.000000 -0.000000 0.100000
vn -0.000000 -0.000000 0.100000
vn -0.000000 -0.000000 0.100000
vn -0.000000 -0.000000 0.100000
vn -0.000000 -0.000000 0.100000
vn -0.000000 -0.000000 0.100000
vn 0.000000 -0.000000 0.100000
vn 0.000000 -0.000000 0.100000
vn 0.000000 -0.000000 0.100000
vn 0.000000 -0.000000 0.100000
vn 0.000000 -0.000000 0.100000
vn 0.000000 -0.000000 0.100000
vn 0.000000 -0.000000 0.100000
vn 0.000000 -0.000000 0.100000
vn 0.000000 -0.000000 0.100000
vn 0.000000 -0.000000 0.100000
vn 0.000000 -0.000000 0.100000
vn 0.000000 -0.000000 0.100000
vn -0.000000 -0.000000 0.100000
vn 0.000000 -0.000000 0.100000
vn 0.000000 -0.000000 0.100000
vn 0.000000 -0.000000 0.100000
vn 0.000000 -0.000000 0.100000
vn -0.000000 -0.000000 0.100000
vn -0.000000 -0.000000 0.100000
vn -0.000000 -0.000000 0.100000
vn -0.000000 -0.000000 0.100000
vn -0.100000 0.000072 0.000000
vn -0.100000 0.000072 0.000000
vn -0.100000 0.000072 0.000000
vn 0.100000 -0.000072 0.000000
vn 0.100000 -0.000072 0.000000
vn 0.100000 -0.000072 0.000000
vn -0.090631 0.000065 0.042262
vn -0.090631 0.000065 0.042262
vn -0.090631 0.000065 0.042262
vn -0.090631 0.000065 0.042262
vn -0.096592 0.000069 0.025882
vn -0.096592 0.000069 0.025882
vn -0.096592 0.000069 0.025882
vn -0.096592 0.000069 0.025882
vn -0.099619 0.000071 0.008716
vn -0.099619 0.000071 0.008716
vn -0.099619 0.000071 0.008716
vn -0.099619 0.000071 0.008716
vn -0.099619 0.000071 -0.008717
vn -0.099619 0.000071 -0.008717
vn -0.099619 0.000071 -0.008717
vn -0.099619 0.000071 -0.008717
vn -0.096593 0.000069 -0.025882
vn -0.096593 0.000069 -0.025882
vn -0.096593 0.000069 -0.025882
vn -0.096593 0.000069 -0.025882
vn -0.090631 0.000065 -0.042262
vn -0.090631 0.000065 -0.042262
vn -0.090631 0.000065 -0.042262
vn -0.090631 0.000065 -0.042262
vn -0.081915 0.000059 -0.057358
vn -0.081915 0.000059 -0.057358
vn -0.081915 0.000059 -0.057358
vn -0.081915 0.000059 -0.057358
vn -0.070711 0.000051 -0.070711
vn -0.070711 0.000051 -0.070711
vn -0.070711 0.000051 -0.070711
vn -0.070711 0.000051 -0.070711
vn -0.057358 0.000041 -0.081915
vn -0.057358 0.000041 -0.081915
vn -0.057358 0.000041 -0.081915
vn -0.057358 0.000041 -0.081915
vn -0.042262 0.000030 -0.090631
vn -0.042262 0.000030 -0.090631
vn -0.042262 0.000030 -0.090631
vn -0.042262 0.000030 -0.090631
vn -0.025882 0.000019 -0.096593
vn -0.025882 0.000019 -0.096593
vn -0.025882 0.000019 -0.096593
vn -0.025882 0.000019 -0.096593
vn -0.008715 0.000006 -0.099619
vn -0.008715 0.000006 -0.099619
vn -0.008715 0.000006 -0.099619
vn -0.008715 0.000006 -0.099619
vn 0.008715 -0.000006 -0.099619
vn 0.008715 -0.000006 -0.099619
vn 0.008715 -0.000006 -0.099619
vn 0.008715 -0.000006 -0.099619
vn 0.025882 -0.000018 -0.096593
vn 0.025882 -0.000018 -0.096593
vn 0.025882 -0.000018 -0.096593
vn 0.025882 -0.000018 -0.096593
vn 0.042262 -0.000030 -0.090631
vn 0.042262 -0.000030 -0.090631
vn 0.042262 -0.000030 -0.090631
vn 0.042262 -0.000030 -0.090631
vn 0.057357 -0.000041 -0.081915
vn 0.057357 -0.000041 -0.081915
vn 0.057357 -0.000041 -0.081915
vn 0.057357 -0.000041 -0.081915
vn 0.070711 -0.000051 -0.070710
vn 0.070711 -0.000051 -0.070710
vn 0.070711 -0.000051 -0.070710
vn 0.070711 -0.000051 -0.070710
vn 0.081915 -0.000059 -0.057358
vn 0.081915 -0.000059 -0.057358
vn 0.081915 -0.000059 -0.057358
vn 0.081915 -0.000059 -0.057358
vn 0.090631 -0.000065 -0.042261
vn 0.090631 -0.000065 -0.042261
vn 0.090631 -0.000065 -0.042261
vn 0.090631 -0.000065 -0.042261
vn 0.096592 -0.000069 -0.025882
vn 0.096592 -0.000069 -0.025882
vn 0.096592 -0.000069 -0.025882
vn 0.096592 -0.000069 -0.025882
vn 0.099619 -0.000071 -0.008715
vn 0.099619 -0.000071 -0.008715
vn 0.099619 -0.000071 -0.008715
vn 0.099619 -0.000071 -0.008715
vn 0.099619 -0.000071 0.008715
vn 0.099619 -0.000071 0.008715
vn 0.099619 -0.000071 0.008715
vn 0.099619 -0.000071 0.008715
vn 0.096593 -0.000069 0.025882
vn 0.096593 -0.000069 0.025882
vn 0.096593 -0.000069 0.025882
vn 0.096593 -0.000069 0.025882
vn 0.090631 -0.000065 0.042262
vn 0.090631 -0.000065 0.042262
vn 0.090631 -0.000065 0.042262
vn 0.090631 -0.000065 0.042262
vn 0.081915 -0.000059 0.057357
vn 0.081915 -0.000059 0.057357
vn 0.081915 -0.000059 0.057357
vn 0.081915 -0.000059 0.057357
vn 0.070710 -0.000051 0.070711
vn 0.070710 -0.000051 0.070711
vn 0.070710 -0.000051 0.070711
vn 0.070710 -0.000051 0.070711
vn 0.057358 -0.000041 0.081915
vn 0.057358 -0.000041 0.081915
vn 0.057358 -0.000041 0.081915
vn 0.057358 -0.000041 0.081915
vn 0.042262 -0.000030 0.090631
vn 0.042262 -0.000030 0.090631
vn 0.042262 -0.000030 0.090631
vn 0.042262 -0.000030 0.090631
vn 0.025882 -0.000019 0.096593
vn 0.025882 -0.000019 0.096593
vn 0.025882 -0.000019 0.096593
vn 0.025882 -0.000019 0.096593
vn 0.008716 -0.000006 0.099619
vn 0.008716 -0.000006 0.099619
vn 0.008716 -0.000006 0.099619
vn 0.008716 -0.000006 0.099619
vn -0.008716 0.000006 0.099619
vn -0.008716 0.000006 0.099619
vn -0.008716 0.000006 0.099619
vn -0.008716 0.000006 0.099619
vn -0.025882 0.000018 0.096593
vn -0.025882 0.000018 0.096593
vn -0.025882 0.000018 0.096593
vn -0.025882 0.000018 0.096593
vn -0.042261 0.000030 0.090631
vn -0.042261 0.000030 0.090631
vn -0.042261 0.000030 0.090631
vn -0.042261 0.000030 0.090631
vn -0.057358 0.000041 0.081915
vn -0.057358 0.000041 0.081915
vn -0.057358 0.000041 0.081915
vn -0.057358 0.000041 0.081915
vn -0.070711 0.000051 0.070710
vn -0.070711 0.000051 0.070710
vn -0.070711 0.000051 0.070710
vn -0.070711 0.000051 0.070710
vn -0.081915 0.000059 0.057358
vn -0.081915 0.000059 0.057358
vn -0.081915 0.000059 0.057358
vn -0.081915 0.000059 0.057358
vn -0.090631 0.000065 0.042262
vn -0.090631 0.000065 0.042262
vn -0.090631 0.000065 0.042262
vn -0.090631 0.000065 0.042262
vn -0.096592 0.000069 0.025882
vn -0.096592 0.000069 0.025882
vn -0.096592 0.000069 0.025882
vn -0.096592 0.000069 0.025882
vn -0.099619 0.000071 0.008716
vn -0.099619 0.000071 0.008716
vn -0.099619 0.000071 0.008716
vn -0.099619 0.000071 0.008716
vn -0.099619 0.000071 -0.008717
vn -0.099619 0.000071 -0.008717
vn -0.099619 0.000071 -0.008717
vn -0.099619 0.000071 -0.008717
vn -0.096593 0.000069 -0.025882
vn -0.096593 0.000069 -0.025882
vn -0.096593 0.000069 -0.025882
vn -0.096593 0.000069 -0.025882
vn -0.090631 0.000065 -0.042262
vn -0.090631 0.000065 -0.042262
vn -0.090631 0.000065 -0.042262
vn -0.090631 0.000065 -0.042262
vn -0.081915 0.000059 -0.057358
vn -0.081915 0.000059 -0.057358
vn -0.081915 0.000059 -0.057358
vn -0.081915 0.000059 -0.057358
vn -0.070711 0.000051 -0.070711
vn -0.070711 0.000051 -0.070711
vn -0.070711 0.000051 -0.070711
vn -0.070711 0.000051 -0.070711
vn -0.057358 0.000041 -0.081915
vn -0.057358 0.000041 -0.081915
vn -0.057358 0.000041 -0.081915
vn -0.057358 0.000041 -0.081915
vn -0.042262 0.000030 -0.090631
vn -0.042262 0.000030 -0.090631
vn -0.042262 0.000030 -0.090631
vn -0.042262 0.000030 -0.090631
vn -0.025882 0.000019 -0.096593
vn -0.025882 0.000019 -0.096593
vn -0.025882 0.000019 -0.096593
vn -0.025882 0.000019 -0.096593
vn -0.008715 0.000006 -0.099619
vn -0.008715 0.000006 -0.099619
vn -0.008715 0.000006 -0.099619
vn -0.008715 0.000006 -0.099619
vn 0.008715 -0.000006 -0.099619
vn 0.008715 -0.000006 -0.099619
vn 0.008715 -0.000006 -0.099619
vn 0.008715 -0.000006 -0.099619
vn 0.025882 -0.000018 -0.096593
vn 0.025882 -0.000018 -0.096593
vn 0.025882 -0.000018 -0.096593
vn 0.025882 -0.000018 -0.096593
vn 0.042262 -0.000030 -0.090631
vn 0.042262 -0.000030 -0.090631
vn 0.042262 -0.000030 -0.090631
vn 0.042262 -0.000030 -0.090631
vn 0.057357 -0.000041 -0.081915
vn 0.057357 -0.000041 -0.081915
vn 0.057357 -0.000041 -0.081915
vn 0.057357 -0.000041 -0.081915
vn 0.070711 -0.000051 -0.070710
vn 0.070711 -0.000051 -0.070710
vn 0.070711 -0.000051 -0.070710
vn 0.070711 -0.000051 -0.070710
vn 0.081915 -0.000059 -0.057358
vn 0.081915 -0.000059 -0.057358
vn 0.081915 -0.000059 -0.057358
vn 0.081915 -0.000059 -0.057358
vn 0.090631 -0.000065 -0.042261
vn 0.090631 -0.000065 -0.042261
vn 0.090631 -0.000065 -0.042261
vn 0.090631 -0.000065 -0.042261
vn 0.096592 -0.000069 -0.025882
vn 0.096592 -0.000069 -0.025882
vn 0.096592 -0.000069 -0.025882
vn 0.096592 -0.000069 -0.025882
vn 0.099619 -0.000071 -0.008715
vn 0.099619 -0.000071 -0.008715
vn 0.099619 -0.000071 -0.008715
vn 0.099619 -0.000071 -0.008715
vn 0.099619 -0.000071 0.008715
vn 0.099619 -0.000071 0.008715
vn 0.099619 -0.000071 0.008715
vn 0.099619 -0.000071 0.008715
vn 0.096593 -0.000069 0.025882
vn 0.096593 -0.000069 0.025882
vn 0.096593 -0.000069 0.025882
vn 0.096593 -0.000069 0.025882
vn 0.090631 -0.000065 0.042262
vn 0.090631 -0.000065 0.042262
vn 0.090631 -0.000065 0.042262
vn 0.090631 -0.000065 0.042262
vn 0.081915 -0.000059 0.057357
vn 0.081915 -0.000059 0.057357
vn 0.081915 -0.000059 0.057357
vn 0.081915 -0.000059 0.057357
vn 0.070710 -0.000051 0.070711
vn 0.070710 -0.000051 0.070711
vn 0.070710 -0.000051 0.070711
vn 0.070710 -0.000051 0.070711
vn 0.057358 -0.000041 0.081915
vn 0.057358 -0.000041 0.081915
vn 0.057358 -0.000041 0.081915
vn 0.057358 -0.000041 0.081915
vn 0.042262 -0.000030 0.090631
vn 0.042262 -0.000030 0.090631
vn 0.042262 -0.000030 0.090631
vn 0.042262 -0.000030 0.090631
vn 0.025882 -0.000019 0.096593
vn 0.025882 -0.000019 0.096593
vn 0.025882 -0.000019 0.096593
vn 0.025882 -0.000019 0.096593
vn 0.008716 -0.000006 0.099619
vn 0.008716 -0.000006 0.099619
vn 0.008716 -0.000006 0.099619
vn 0.008716 -0.000006 0.099619
vn -0.008716 0.000006 0.099619
vn -0.008716 0.000006 0.099619
vn -0.008716 0.000006 0.099619
vn -0.008716 0.000006 0.099619
vn -0.025882 0.000018 0.096593
vn -0.025882 0.000018 0.096593
vn -0.025882 0.000018 0.096593
vn -0.025882 0.000018 0.096593
vn -0.042261 0.000030 0.090631
vn -0.042261 0.000030 0.090631
vn -0.042261 0.000030 0.090631
vn -0.042261 0.000030 0.090631
vn -0.057358 0.000041 0.081915
vn -0.057358 0.000041 0.081915
vn -0.057358 0.000041 0.081915
vn -0.057358 0.000041 0.081915
vn -0.070711 0.000051 0.070710
vn -0.070711 0.000051 0.070710
vn -0.070711 0.000051 0.070710
vn -0.070711 0.000051 0.070710
vn -0.081915 0.000059 0.057358
vn -0.081915 0.000059 0.057358
vn -0.081915 0.000059 0.057358
vn -0.081915 0.000059 0.057358
vn 0.000072 0.100000 0.000000
vn 0.000072 0.100000 0.000000
vn 0.000072 0.100000 0.000000
vn 0.000072 0.100000 0.000000
vn 0.000072 0.100000 0.000000
vn 0.000072 0.100000 0.000000
vn 0.000072 0.100000 0.000000
vn 0.000072 0.100000 0.000000
vn 0.000072 0.100000 0.000000
vn 0.000072 0.100000 0.000000
vn 0.000072 0.100000 0.000000
vn 0.000072 0.100000 0.000000
vn 0.000072 0.100000 0.000000
vn 0.000072 0.100000 0.000000
vn 0.000072 0.100000 0.000000
vn 0.000072 0.100000 0.000000
vn 0.000072 0.100000 0.000000
vn 0.000072 0.100000 0.000000
vn 0.000072 0.100000 0.000000
vn 0.000072 0.100000 0.000000
vn 0.000072 0.100000 0.000000
vn 0.000072 0.100000 0.000000
vn 0.000072 0.100000 0.000000
vn 0.000072 0.100000 0.000000
vn 0.000072 0.100000 0.000000
vn 0.000072 0.100000 0.000000
vn 0.000072 0.100000 0.000000
vn 0.000072 0.100000 0.000000
vn 0.000072 0.100000 0.000000
vn 0.000072 0.100000 0.000000
vn 0.000072 0.100000 0.000000
vn 0.000072 0.100000 0.000000
vn 0.000072 0.100000 0.000000
vn 0.000072 0.100000 0.000000
vn 0.000072 0.100000 0.000000
vn 0.000072 0.100000 0.000000
vn 0.000072 0.100000 0.000000
vn 0.000072 0.100000 0.000000
vn 0.000072 0.100000 0.000000
vn 0.000072 0.100000 0.000000
vn 0.000072 0.100000 0.000000
vn 0.000072 0.100000 0.000000
vn 0.000072 0.100000 0.000000
vn 0.000072 0.100000 0.000000
vn 0.000072 0.100000 0.000000
vn 0.000072 0.100000 0.000000
vn 0.000072 0.100000 0.000000
vn 0.000072 0.100000 0.000000
vn 0.000072 0.100000 0.000000
vn 0.000072 0.100000 0.000000
vn 0.000072 0.100000 0.000000
vn 0.000072 0.100000 0.000000
vn 0.000072 0.100000 0.000000
vn 0.000072 0.100000 0.000000
vn 0.000072 0.100000 0.000000
vn 0.000072 0.100000 0.000000
vn 0.000072 0.100000 0.000000
vn 0.000072 0.100000 0.000000
vn 0.000072 0.100000 0.000000
vn 0.000072 0.100000 0.000000
vn 0.000072 0.100000 0.000000
vn 0.000072 0.100000 0.000000
vn 0.000072 0.100000 0.000000
vn 0.000072 0.100000 0.000000
vn 0.000072 0.100000 0.000000
vn 0.000072 0.100000 0.000000
vn 0.000072 0.100000 0.000000
vn 0.000072 0.100000 0.000000
vn 0.000072 0.100000 0.000000
vn 0.000072 0.100000 0.000000
vn 0.000072 0.100000 0.000000
vn 0.000072 0.100000 0.000000
vn 0.100000 -0.000073 0.000000
vn 0.100000 -0.000073 0.000000
vn 0.100000 -0.000073 0.000000
vn 0.100000 -0.000069 -0.000001
vn 0.100000 -0.000069 -0.000001
vn 0.100000 -0.000069 -0.000001
vn 0.100000 -0.000074 0.000001
vn 0.100000 -0.000074 0.000001
vn 0.100000 -0.000074 0.000001
vn 0.100000 -0.000072 0.000000
vn 0.100000 -0.000072 0.000000
vn 0.100000 -0.000072 0.000000
vn 0.100000 -0.000072 -0.000002
vn 0.100000 -0.000072 -0.000002
vn 0.100000 -0.000072 -0.000002
vn 0.100000 -0.000072 0.000002
vn 0.100000 -0.000072 0.000002
vn 0.100000 -0.000072 0.000002
vn 0.100000 -0.000070 0.000001
vn 0.100000 -0.000070 0.000001
vn 0.100000 -0.000070 0.000001
vn 0.100000 -0.000074 -0.000001
vn 0.100000 -0.000074 -0.000001
vn 0.100000 -0.000074 -0.000001
vn 0.100000 -0.000071 0.000000
vn 0.100000 -0.000071 0.000000
vn 0.100000 -0.000071 0.000000
vn 0.100000 -0.000074 -0.000001
vn 0.100000 -0.000074 -0.000001
vn 0.100000 -0.000074 -0.000001
vn 0.100000 -0.000066 0.000002
vn 0.100000 -0.000066 0.000002
vn 0.100000 -0.000066 0.000002
vn 0.100000 -0.000072 0.000000
vn 0.100000 -0.000072 0.000000
vn 0.100000 -0.000072 0.000000
vn 0.100000 -0.000067 -0.000001
vn 0.100000 -0.000067 -0.000001
vn 0.100000 -0.000067 -0.000001
vn 0.100000 -0.000076 0.000001
vn 0.100000 -0.000076 0.000001
vn 0.100000 -0.000076 0.000001
vn 0.100000 -0.000071 -0.000000
vn 0.100000 -0.000071 -0.000000
vn 0.100000 -0.000071 -0.000000
vn 0.100000 -0.000069 -0.000001
vn 0.100000 -0.000069 -0.000001
vn 0.100000 -0.000069 -0.000001
vn 0.100000 -0.000072 0.000002
vn 0.100000 -0.000072 0.000002
vn 0.100000 -0.000072 0.000002
vn 0.100000 -0.000072 -0.000000
vn 0.100000 -0.000072 -0.000000
vn 0.100000 -0.000072 -0.000000
vn 0.100000 -0.000072 -0.000009
vn 0.100000 -0.000072 -0.000009
vn 0.100000 -0.000072 -0.000009
vn 0.100000 -0.000067 0.000001
vn 0.100000 -0.000067 0.000001
vn 0.100000 -0.000067 0.000001
vn 0.100000 -0.000076 -0.000001
vn 0.100000 -0.000076 -0.000001
vn 0.100000 -0.000076 -0.000001
vn 0.100000 -0.000071 0.000000
vn 0.100000 -0.000071 0.000000
vn 0.100000 -0.000071 0.000000
vn 0.100000 -0.000077 0.000002
vn 0.100000 -0.000077 0.000002
vn 0.100000 -0.000077 0.000002
vn 0.100000 -0.000069 -0.000001
vn 0.100000 -0.000069 -0.000001
vn 0.100000 -0.000069 -0.000001
vn 0.100000 -0.000071 0.000000
vn 0.100000 -0.000071 0.000000
vn 0.100000 -0.000071 0.000000
vn 0.100000 -0.000071 -0.000000
vn 0.100000 -0.000071 -0.000000
vn 0.100000 -0.000071 -0.000000
vn 0.100000 -0.000073 0.000000
vn 0.100000 -0.000073 0.000000
vn 0.100000 -0.000073 0.000000
vn 0.100000 -0.000068 -0.000002
vn 0.100000 -0.000068 -0.000002
vn 0.100000 -0.000068 -0.000002
vn 0.100000 -0.000071 -0.000001
vn 0.100000 -0.000071 -0.000001
vn 0.100000 -0.000071 -0.000001
vn 0.100000 -0.000072 0.000000
vn 0.100000 -0.000072 0.000000
vn 0.100000 -0.000072 0.000000
vn 0.100000 -0.000072 0.000000
vn 0.100000 -0.000072 0.000000
vn 0.100000 -0.000072 0.000000
vn 0.100000 -0.000072 0.000000
vn 0.100000 -0.000072 0.000000
vn 0.100000 -0.000072 0.000000
vn 0.100000 -0.000072 0.000000
vn 0.100000 -0.000072 0.000000
vn 0.100000 -0.000072 0.000000
vn 0.100000 -0.000069 -0.000003
vn 0.100000 -0.000069 -0.000003
vn 0.100000 -0.000069 -0.000003
vn 0.100000 -0.000072 0.000000
vn 0.100000 -0.000072 0.000000
vn 0.100000 -0.000072 0.000000
vn 0.100000 -0.000072 0.000000
vn 0.100000 -0.000072 0.000000
vn 0.100000 -0.000072 0.000000
vn 0.100000 -0.000070 -0.000001
vn 0.100000 -0.000070 -0.000001
vn 0.100000 -0.000070 -0.000001
vn 0.100000 -0.000072 0.000000
vn 0.100000 -0.000072 0.000000
vn 0.100000 -0.000072 0.000000
vn 0.100000 -0.000072 0.000000
vn 0.100000 -0.000072 0.000000
vn 0.100000 -0.000072 0.000000
vn 0.100000 -0.000072 0.000000
vn 0.100000 -0.000069 -0.000001
vn 0.100000 -0.000069 -0.000001
vn 0.100000 -0.000069 -0.000001
vn 0.100000 -0.000075 0.000002
vn 0.100000 -0.000075 0.000002
vn 0.100000 -0.000075 0.000002
vn 0.100000 -0.000071 -0.000003
vn 0.100000 -0.000071 -0.000003
vn 0.100000 -0.000071 -0.000003
vn 0.100000 -0.000073 0.000004
vn 0.100000 -0.000073 0.000004
vn 0.100000 -0.000073 0.000004
vn 0.100000 -0.000071 -0.000002
vn 0.100000 -0.000071 -0.000002
vn 0.100000 -0.000071 -0.000002
vn 0.100000 -0.000072 0.000002
vn 0.100000 -0.000072 0.000002
vn 0.100000 -0.000072 0.000002
vn 0.100000 -0.000072 -0.000001
vn 0.100000 -0.000072 -0.000001
vn 0.100000 -0.000072 -0.000001
vn 0.100000 -0.000072 0.000001
vn 0.100000 -0.000072 0.000001
vn 0.100000 -0.000072 0.000001
vn 0.100000 -0.000072 0.000001
vn 0.100000 -0.000072 0.000001
vn 0.100000 -0.000072 0.000001
vn 0.100000 -0.000071 -0.000001
vn 0.100000 -0.000071 -0.000001
vn 0.100000 -0.000071 -0.000001
vn 0.100000 -0.000072 0.000000
vn 0.100000 -0.000072 0.000000
vn 0.100000 -0.000072 0.000000
vn 0.100000 -0.000073 0.000001
vn 0.100000 -0.000073 0.000001
vn 0.100000 -0.000073 0.000001
vn 0.100000 -0.000070 -0.000002
vn 0.100000 -0.000070 -0.000002
vn 0.100000 -0.000070 -0.000002
vn 0.100000 -0.000073 0.000001
vn 0.100000 -0.000073 0.000001
vn 0.100000 -0.000073 0.000001
vn 0.100000 -0.000073 0.000001
vn 0.100000 -0.000073 0.000001
vn 0.100000 -0.000073 0.000001
vn 0.100000 -0.000072 -0.000000
vn 0.100000 -0.000072 -0.000000
vn 0.100000 -0.000072 -0.000000
vn 0.100000 -0.000073 -0.000002
vn 0.100000 -0.000073 -0.000002
vn 0.100000 -0.000073 -0.000002
vn 0.100000 -0.000072 -0.000001
vn 0.100000 -0.000072 -0.000001
vn 0.100000 -0.000072 -0.000001
vn 0.100000 -0.000072 0.000000
vn 0.100000 -0.000072 -0.000009
vn 0.100000 -0.000072 -0.000009
vn 0.100000 -0.000072 -0.000009
vn 0.100000 -0.000070 0.000000
vn 0.100000 -0.000070 0.000000
vn 0.100000 -0.000070 0.000000
vn 0.100000 -0.000072 -0.000000
vn 0.100000 -0.000072 -0.000000
vn 0.100000 -0.000072 -0.000000
vn 0.100000 -0.000074 -0.000001
vn 0.100000 -0.000074 -0.000001
vn 0.100000 -0.000074 -0.000001
vn 0.100000 -0.000073 0.000002
vn 0.100000 -0.000073 0.000002
vn 0.100000 -0.000073 0.000002
vn 0.100000 -0.000076 0.000007
vn 0.100000 -0.000076 0.000007
vn 0.100000 -0.000076 0.000007
vn 0.100000 -0.000072 -0.000000
vn 0.100000 -0.000072 -0.000000
vn 0.100000 -0.000072 -0.000000
vn 0.100000 -0.000072 -0.000000
vn 0.100000 -0.000072 -0.000000
vn 0.100000 -0.000072 -0.000000
vn 0.100000 -0.000072 0.000002
vn 0.100000 -0.000072 0.000002
vn 0.100000 -0.000072 0.000002
vn 0.100000 -0.000071 0.000002
vn 0.100000 -0.000071 0.000002
vn 0.100000 -0.000071 0.000002
vn 0.100000 -0.000072 -0.000002
vn 0.100000 -0.000072 -0.000002
vn 0.100000 -0.000072 -0.000002
vn 0.100000 -0.000071 0.000004
vn 0.100000 -0.000071 0.000004
vn 0.100000 -0.000071 0.000004
vn 0.100000 -0.000073 -0.000003
vn 0.100000 -0.000073 -0.000003
vn 0.100000 -0.000073 -0.000003
vn 0.100000 -0.000072 -0.000001
vn 0.100000 -0.000072 -0.000001
vn 0.100000 -0.000072 -0.000001
vn 0.100000 -0.000070 0.000004
vn 0.100000 -0.000070 0.000004
vn 0.100000 -0.000070 0.000004
vn 0.100000 -0.000080 -0.000023
vn 0.100000 -0.000080 -0.000023
vn 0.100000 -0.000080 -0.000023
vn 0.100000 -0.000072 0.000000
vn 0.100000 -0.000072 0.000000
vn 0.100000 -0.000072 0.000000
vn 0.100000 -0.000072 0.000000
vn 0.100000 -0.000072 0.000000
vn 0.100000 -0.000072 0.000000
vn 0.100000 -0.000072 0.000000
vn 0.100000 -0.000072 0.000000
vn 0.100000 -0.000072 0.000000
vn 0.100000 -0.000073 0.000001
vn 0.100000 -0.000073 0.000001
vn 0.100000 -0.000073 0.000001
vn 0.100000 -0.000072 0.000000
vn 0.100000 -0.000072 -0.000000
vn 0.100000 -0.000072 -0.000000
vn 0.100000 -0.000072 -0.000000
vn 0.100000 -0.000071 0.000001
vn 0.100000 -0.000071 0.000001
vn 0.100000 -0.000071 0.000001
vn 0.100000 -0.000075 0.000004
vn 0.100000 -0.000075 0.000004
vn 0.100000 -0.000075 0.000004
vn 0.100000 -0.000071 -0.000001
vn 0.100000 -0.000071 -0.000001
vn 0.100000 -0.000071 -0.000001
vn 0.100000 -0.000072 0.000001
vn 0.100000 -0.000072 0.000001
vn 0.100000 -0.000072 0.000001
vn 0.100000 -0.000071 -0.000001
vn 0.100000 -0.000071 -0.000001
vn 0.100000 -0.000071 -0.000001
vn 0.100000 -0.000072 -0.000000
vn 0.100000 -0.000072 -0.000000
vn 0.100000 -0.000072 -0.000000
vn 0.100000 -0.000072 0.000001
vn 0.100000 -0.000072 0.000001
vn 0.100000 -0.000072 0.000001
vn 0.100000 -0.000072 0.000000
vn 0.100000 -0.000072 0.000000
vn 0.100000 -0.000072 0.000000
vn 0.100000 -0.000073 0.000000
vn 0.100000 -0.000073 0.000000
vn 0.100000 -0.000073 0.000000
vn 0.100000 -0.000072 0.000000
vn 0.100000 -0.000072 0.000000
vn 0.100000 -0.000072 0.000000
vn 0.100000 -0.000072 -0.000000
vn 0.100000 -0.000072 -0.000000
vn 0.100000 -0.000072 -0.000000
vn 0.100000 -0.000071 0.000000
vn 0.100000 -0.000071 0.000000
vn 0.100000 -0.000071 0.000000
vn 0.100000 -0.000072 0.000000
vn 0.100000 -0.000072 0.000000
vn 0.100000 -0.000072 0.000000
vn 0.100000 -0.000072 -0.000000
vn 0.100000 -0.000072 -0.000000
vn 0.100000 -0.000072 -0.000000
vn 0.100000 -0.000069 0.000001
vn 0.100000 -0.000069 0.000001
vn 0.100000 -0.000069 0.000001
vn 0.100000 -0.000074 -0.000001
vn 0.100000 -0.000074 -0.000001
vn 0.100000 -0.000074 -0.000001
vn 0.100000 -0.000072 -0.000002
vn 0.100000 -0.000072 -0.000002
vn 0.100000 -0.000072 -0.000002
vn 0.100000 -0.000072 0.000000
vn 0.100000 -0.000072 0.000000
vn 0.100000 -0.000072 0.000000
vn 0.100000 -0.000072 0.000001
vn 0.100000 -0.000072 0.000001
vn 0.100000 -0.000072 0.000001
vn 0.100000 -0.000071 -0.000001
vn 0.100000 -0.000071 -0.000001
vn 0.100000 -0.000071 -0.000001
vn 0.100000 -0.000070 0.000001
vn 0.100000 -0.000070 0.000001
vn 0.100000 -0.000070 0.000001
vn 0.100000 -0.000072 0.000000
vn 0.100000 -0.000072 0.000000
vn 0.100000 -0.000072 0.000000
vn 0.100000 -0.000073 -0.000001
vn 0.100000 -0.000073 -0.000001
vn 0.100000 -0.000073 -0.000001
vn 0.100000 -0.000071 0.000000
vn 0.100000 -0.000071 0.000000
vn 0.100000 -0.000071 0.000000
vn 0.100000 -0.000071 0.000001
vn 0.100000 -0.000071 0.000001
vn 0.100000 -0.000071 0.000001
vn 0.100000 -0.000072 -0.000000
vn 0.100000 -0.000072 -0.000000
vn 0.100000 -0.000072 -0.000000
vn 0.100000 -0.000072 -0.000001
vn 0.100000 -0.000072 -0.000001
vn 0.100000 -0.000072 -0.000001
vn 0.100000 -0.000072 0.000000
vn 0.100000 -0.000072 0.000000
vn 0.100000 -0.000072 0.000000
vn 0.100000 -0.000072 0.000000
vn 0.100000 -0.000072 -0.000000
vn 0.100000 -0.000072 -0.000000
vn 0.100000 -0.000072 -0.000000
vn 0.100000 -0.000072 -0.000000
vn 0.100000 -0.000071 0.000001
vn 0.100000 -0.000071 0.000001
vn 0.100000 -0.000071 0.000001
vn 0.100000 -0.000072 -0.000000
vn 0.100000 -0.000072 -0.000000
vn 0.100000 -0.000072 -0.000000
vn 0.100000 -0.000072 -0.000000
vn 0.100000 -0.000072 -0.000000
vn 0.100000 -0.000072 -0.000000
vn 0.100000 -0.000072 0.000000
vn 0.100000 -0.000072 0.000000
vn 0.100000 -0.000072 0.000000
vn 0.100000 -0.000072 -0.000000
vn 0.100000 -0.000072 -0.000000
vn 0.100000 -0.000072 -0.000000
vn 0.100000 -0.000071 -0.000000
vn 0.100000 -0.000071 -0.000000
vn 0.100000 -0.000071 -0.000000
vn 0.100000 -0.000071 -0.000000
vn 0.100000 -0.000071 -0.000000
vn 0.100000 -0.000071 -0.000000
vn 0.100000 -0.000075 -0.000002
vn 0.100000 -0.000075 -0.000002
vn 0.100000 -0.000075 -0.000002
vn 0.100000 -0.000071 0.000000
vn 0.100000 -0.000071 0.000000
vn 0.100000 -0.000071 0.000000
vn 0.100000 -0.000071 -0.000001
vn 0.100000 -0.000071 -0.000001
vn 0.100000 -0.000071 -0.000001
vn 0.100000 -0.000070 -0.000002
vn 0.100000 -0.000070 -0.000002
vn 0.100000 -0.000070 -0.000002
vn 0.100000 -0.000072 0.000002
vn 0.100000 -0.000072 0.000002
vn 0.100000 -0.000072 0.000002
vn 0.100000 -0.000068 -0.000001
vn 0.100000 -0.000068 -0.000001
vn 0.100000 -0.000068 -0.000001
vn 0.100000 -0.000082 0.000003
vn 0.100000 -0.000082 0.000003
vn 0.100000 -0.000082 0.000003
vn 0.100000 -0.000072 -0.000000
vn 0.100000 -0.000072 -0.000000
vn 0.100000 -0.000072 -0.000000
vn 0.100000 -0.000072 -0.000000
vn 0.100000 -0.000073 0.000001
vn 0.100000 -0.000073 0.000001
vn 0.100000 -0.000073 0.000001
vn 0.100000 -0.000072 0.000000
vn 0.100000 -0.000072 0.000000
vn 0.100000 -0.000072 0.000000
vn 0.100000 -0.000070 -0.000001
vn 0.100000 -0.000070 -0.000001
vn 0.100000 -0.000070 -0.000001
vn 0.100000 -0.000072 -0.000001
vn 0.100000 -0.000072 -0.000001
vn 0.100000 -0.000072 -0.000001
vn 0.100000 -0.000071 0.000001
vn 0.100000 -0.000071 0.000001
vn 0.100000 -0.000071 0.000001
vn 0.100000 -0.000072 -0.000001
vn 0.100000 -0.000072 -0.000001
vn 0.100000 -0.000072 -0.000001
vn 0.100000 -0.000072 0.000000
vn 0.100000 -0.000072 0.000000
vn 0.100000 -0.000072 0.000000
vn 0.100000 -0.000073 0.000001
vn 0.100000 -0.000073 0.000001
vn 0.100000 -0.000073 0.000001
vn 0.100000 -0.000072 0.000000
vn 0.100000 -0.000072 0.000000
vn 0.100000 -0.000072 0.000000
vn 0.100000 -0.000069 -0.000000
vn 0.100000 -0.000069 -0.000000
vn 0.100000 -0.000069 -0.000000
vn 0.100000 -0.000073 0.000000
vn 0.100000 -0.000073 0.000000
vn 0.100000 -0.000073 0.000000
vn 0.100000 -0.000070 0.000000
vn 0.100000 -0.000070 0.000000
vn 0.100000 -0.000070 0.000000
vn 0.100000 -0.000076 -0.000000
vn 0.100000 -0.000076 -0.000000
vn 0.100000 -0.000076 -0.000000
vn 0.100000 -0.000072 0.000000
vn 0.100000 -0.000072 0.000000
vn 0.100000 -0.000072 0.000000
vn 0.100000 -0.000072 -0.000000
vn 0.100000 -0.000072 -0.000000
vn 0.100000 -0.000072 -0.000000
vn 0.100000 -0.000074 0.000000
vn 0.100000 -0.000074 0.000000
vn 0.100000 -0.000074 0.000000
vn 0.100000 -0.000072 0.000000
vn 0.100000 -0.000072 0.000000
vn 0.100000 -0.000072 0.000000
vn 0.100000 -0.000072 0.000000
vn 0.100000 -0.000072 -0.000000
vn 0.100000 -0.000072 -0.000000
vn 0.100000 -0.000072 -0.000000
vn 0.100000 -0.000070 0.000000
vn 0.100000 -0.000070 0.000000
vn 0.100000 -0.000070 0.000000
vn 0.100000 -0.000073 -0.000000
vn 0.100000 -0.000073 -0.000000
vn 0.100000 -0.000073 -0.000000
vn 0.100000 -0.000070 0.000000
vn 0.100000 -0.000070 0.000000
vn 0.100000 -0.000070 0.000000
vn 0.100000 -0.000072 -0.000000
vn 0.100000 -0.000072 -0.000000
vn 0.100000 -0.000072 -0.000000
vn 0.100000 -0.000091 -0.000002
vn 0.100000 -0.000091 -0.000002
vn 0.100000 -0.000091 -0.000002
vn 0.100000 -0.000072 0.000000
vn 0.100000 -0.000072 0.000000
vn 0.100000 -0.000072 0.000000
vn 0.100000 -0.000074 0.000000
vn 0.100000 -0.000074 0.000000
vn 0.100000 -0.000074 0.000000
vn 0.100000 -0.000071 -0.000000
vn 0.100000 -0.000071 -0.000000
vn 0.100000 -0.000071 -0.000000
vn 0.100000 -0.000072 -0.000000
vn 0.100000 -0.000072 -0.000000
vn 0.100000 -0.000072 -0.000000
vn 0.100000 -0.000071 0.000000
vn 0.100000 -0.000071 0.000000
vn 0.100000 -0.000071 0.000000
vn 0.100000 -0.000072 0.000000
vn 0.100000 -0.000072 0.000000
vn 0.100000 -0.000072 0.000000
vn 0.100000 -0.000070 0.000000
vn 0.100000 -0.000070 0.000000
vn 0.100000 -0.000070 0.000000
vn 0.100000 -0.000074 -0.000000
vn 0.100000 -0.000074 -0.000000
vn 0.100000 -0.000074 -0.000000
vn 0.100000 -0.000071 0.000000
vn 0.100000 -0.000071 0.000000
vn 0.100000 -0.000071 0.000000
vn 0.100000 -0.000070 0.000000
vn 0.100000 -0.000070 0.000000
vn 0.100000 -0.000070 0.000000
vn 0.100000 -0.000075 0.000000
vn 0.100000 -0.000075 0.000000
vn 0.100000 -0.000075 0.000000
vn 0.100000 -0.000073 0.000000
vn 0.100000 -0.000073 0.000000
vn 0.100000 -0.000073 0.000000
vn 0.100000 -0.000075 -0.000000
vn 0.100000 -0.000075 -0.000000
vn 0.100000 -0.000075 -0.000000
vn 0.100000 -0.000070 0.000000
vn 0.100000 -0.000070 0.000000
vn 0.100000 -0.000070 0.000000
vn 0.100000 -0.000072 0.000000
vn 0.100000 -0.000072 0.000000
vn 0.100000 -0.000072 0.000000
vn 0.100000 -0.000069 -0.000000
vn 0.100000 -0.000069 -0.000000
vn 0.100000 -0.000069 -0.000000
vn 0.100000 -0.000073 0.000000
vn 0.100000 -0.000073 0.000000
vn 0.100000 -0.000073 0.000000
vn 0.100000 -0.000071 -0.000000
vn 0.100000 -0.000071 -0.000000
vn 0.100000 -0.000071 -0.000000
vn 0.100000 -0.000070 -0.000000
vn 0.100000 -0.000070 -0.000000
vn 0.100000 -0.000070 -0.000000
vn 0.100000 -0.000074 0.000000
vn 0.100000 -0.000074 0.000000
vn 0.100000 -0.000074 0.000000
vn 0.100000 -0.000072 0.000000
vn 0.100000 -0.000072 0.000000
vn 0.100000 -0.000072 0.000000
vn 0.100000 -0.000072 0.000000
vn 0.100000 -0.000072 0.000000
vn 0.100000 -0.000072 0.000000
vn 0.100000 -0.000073 0.000000
vn 0.100000 -0.000073 0.000000
vn 0.100000 -0.000073 0.000000
vn 0.100000 -0.000069 -0.000000
vn 0.100000 -0.000069 -0.000000
vn 0.100000 -0.000069 -0.000000
vn 0.100000 -0.000073 0.000000
vn 0.100000 -0.000073 0.000000
vn 0.100000 -0.000073 0.000000
vn 0.100000 -0.000072 0.000000
vn 0.100000 -0.000072 0.000000
vn 0.100000 -0.000072 0.000000
vn 0.100000 -0.000072 -0.000000
vn 0.100000 -0.000072 -0.000000
vn 0.100000 -0.000072 -0.000000
vn 0.100000 -0.000072 0.000000
vn 0.100000 -0.000072 0.000000
vn 0.100000 -0.000072 0.000000
vn 0.100000 -0.000072 0.000000
vn 0.100000 -0.000072 0.000000
vn 0.100000 -0.000072 0.000000
vn 0.100000 -0.000072 -0.000000
vn 0.100000 -0.000072 -0.000000
vn 0.100000 -0.000072 -0.000000
vn 0.100000 -0.000072 -0.000000
vn 0.100000 -0.000072 0.000000
vn 0.100000 -0.000072 0.000000
vn 0.100000 -0.000072 0.000000
vn 0.100000 -0.000072 -0.000000
vn 0.100000 -0.000072 -0.000000
vn 0.100000 -0.000072 -0.000000
vn 0.100000 -0.000072 -0.000000
vn 0.100000 -0.000072 -0.000000
vn 0.100000 -0.000072 -0.000000
vn -0.100000 0.000074 -0.000001
vn -0.100000 0.000074 -0.000001
vn -0.100000 0.000074 -0.000001
vn -0.100000 0.000062 0.000002
vn -0.100000 0.000062 0.000002
vn -0.100000 0.000062 0.000002
vn -0.100000 0.000072 -0.000000
vn -0.100000 0.000072 -0.000000
vn -0.100000 0.000072 -0.000000
vn -0.100000 0.000072 -0.000000
vn -0.100000 0.000072 -0.000000
vn -0.100000 0.000072 -0.000000
vn -0.100000 0.000072 -0.000000
vn -0.100000 0.000072 -0.000000
vn -0.100000 0.000072 -0.000000
vn -0.100000 0.000072 0.000000
vn -0.100000 0.000072 0.000000
vn -0.100000 0.000072 0.000000
vn -0.100000 0.000071 -0.000001
vn -0.100000 0.000071 -0.000001
vn -0.100000 0.000071 -0.000001
vn -0.100000 0.000072 0.000001
vn -0.100000 0.000072 0.000001
vn -0.100000 0.000072 0.000001
vn -0.100000 0.000071 -0.000002
vn -0.100000 0.000071 -0.000002
vn -0.100000 0.000071 -0.000002
vn -0.100000 0.000072 0.000002
vn -0.100000 0.000072 0.000002
vn -0.100000 0.000072 0.000002
vn -0.100000 0.000072 0.000000
vn -0.100000 0.000072 0.000000
vn -0.100000 0.000072 0.000000
vn -0.100000 0.000074 -0.000001
vn -0.100000 0.000074 -0.000001
vn -0.100000 0.000074 -0.000001
vn -0.100000 0.000072 0.000000
vn -0.100000 0.000072 0.000000
vn -0.100000 0.000072 0.000000
vn -0.100000 0.000076 0.000001
vn -0.100000 0.000076 0.000001
vn -0.100000 0.000076 0.000001
vn -0.100000 0.000069 -0.000001
vn -0.100000 0.000069 -0.000001
vn -0.100000 0.000069 -0.000001
vn -0.100000 0.000072 -0.000001
vn -0.100000 0.000072 -0.000001
vn -0.100000 0.000072 -0.000001
vn -0.100000 0.000072 0.000000
vn -0.100000 0.000072 0.000000
vn -0.100000 0.000072 0.000000
vn -0.100000 0.000072 -0.000001
vn -0.100000 0.000072 -0.000001
vn -0.100000 0.000072 -0.000001
vn -0.100000 0.000072 -0.000001
vn -0.100000 0.000072 -0.000001
vn -0.100000 0.000072 -0.000001
vn -0.100000 0.000072 0.000000
vn -0.100000 0.000072 0.000000
vn -0.100000 0.000072 0.000000
vn -0.100000 0.000072 0.000003
vn -0.100000 0.000072 0.000003
vn -0.100000 0.000072 0.000003
vn -0.100000 0.000072 -0.000001
vn -0.100000 0.000072 -0.000001
vn -0.100000 0.000072 -0.000001
vn -0.100000 0.000072 0.000001
vn -0.100000 0.000072 0.000001
vn -0.100000 0.000072 0.000001
vn -0.100000 0.000072 -0.000000
vn -0.100000 0.000072 -0.000000
vn -0.100000 0.000072 -0.000000
vn -0.100000 0.000073 -0.000002
vn -0.100000 0.000073 -0.000002
vn -0.100000 0.000073 -0.000002
vn -0.100000 0.000070 0.000002
vn -0.100000 0.000070 0.000002
vn -0.100000 0.000070 0.000002
vn -0.100000 0.000073 0.000000
vn -0.100000 0.000073 0.000000
vn -0.100000 0.000073 0.000000
vn -0.100000 0.000071 -0.000000
vn -0.100000 0.000071 -0.000000
vn -0.100000 0.000071 -0.000000
vn -0.100000 0.000071 -0.000000
vn -0.100000 0.000071 -0.000000
vn -0.100000 0.000071 -0.000000
vn -0.100000 0.000072 0.000000
vn -0.100000 0.000072 0.000000
vn -0.100000 0.000072 0.000000
vn -0.100000 0.000072 -0.000001
vn -0.100000 0.000072 -0.000001
vn -0.100000 0.000072 -0.000001
vn -0.100000 0.000071 0.000002
vn -0.100000 0.000071 0.000002
vn -0.100000 0.000071 0.000002
vn -0.100000 0.000073 -0.000001
vn -0.100000 0.000073 -0.000001
vn -0.100000 0.000073 -0.000001
vn -0.100000 0.000071 0.000000
vn -0.100000 0.000071 0.000000
vn -0.100000 0.000071 0.000000
vn -0.100000 0.000071 0.000000
vn -0.100000 0.000071 0.000000
vn -0.100000 0.000071 0.000000
vn -0.100000 0.000074 -0.000001
vn -0.100000 0.000074 -0.000001
vn -0.100000 0.000074 -0.000001
vn -0.100000 0.000067 0.000001
vn -0.100000 0.000067 0.000001
vn -0.100000 0.000067 0.000001
vn -0.100000 0.000072 0.000000
vn -0.100000 0.000072 0.000000
vn -0.100000 0.000072 0.000000
vn -0.100000 0.000069 -0.000001
vn -0.100000 0.000069 -0.000001
vn -0.100000 0.000069 -0.000001
vn -0.100000 0.000072 0.000000
vn -0.100000 0.000072 0.000000
vn -0.100000 0.000072 0.000000
vn -0.100000 0.000071 -0.000000
vn -0.100000 0.000071 -0.000000
vn -0.100000 0.000071 -0.000000
vn -0.100000 0.000072 0.000000
vn -0.100000 0.000072 0.000000
vn -0.100000 0.000072 0.000000
vn -0.100000 0.000072 0.000000
vn -0.100000 0.000072 0.000000
vn -0.100000 0.000072 0.000000
vn -0.100000 0.000073 0.000002
vn -0.100000 0.000073 0.000002
vn -0.100000 0.000073 0.000002
vn -0.100000 0.000071 -0.000002
vn -0.100000 0.000071 -0.000002
vn -0.100000 0.000071 -0.000002
vn -0.100000 0.000072 -0.000000
vn -0.100000 0.000072 -0.000000
vn -0.100000 0.000072 -0.000000
vn -0.100000 0.000072 0.000001
vn -0.100000 0.000072 0.000001
vn -0.100000 0.000072 0.000001
vn -0.100000 0.000072 -0.000001
vn -0.100000 0.000072 -0.000001
vn -0.100000 0.000072 -0.000001
vn -0.100000 0.000072 -0.000002
vn -0.100000 0.000072 -0.000002
vn -0.100000 0.000072 -0.000002
vn -0.100000 0.000071 0.000001
vn -0.100000 0.000071 0.000001
vn -0.100000 0.000071 0.000001
vn -0.100000 0.000072 -0.000001
vn -0.100000 0.000072 -0.000001
vn -0.100000 0.000072 -0.000001
vn -0.100000 0.000072 0.000000
vn -0.100000 0.000072 0.000000
vn -0.100000 0.000072 0.000000
vn -0.100000 0.000072 -0.000000
vn -0.100000 0.000072 -0.000000
vn -0.100000 0.000072 -0.000000
vn -0.100000 0.000072 0.000000
vn -0.100000 0.000072 0.000000
vn -0.100000 0.000072 0.000000
vn -0.100000 0.000074 0.000001
vn -0.100000 0.000074 0.000001
vn -0.100000 0.000074 0.000001
vn -0.100000 0.000072 -0.000000
vn -0.100000 0.000072 -0.000000
vn -0.100000 0.000072 -0.000000
vn -0.100000 0.000070 0.000001
vn -0.100000 0.000070 0.000001
vn -0.100000 0.000070 0.000001
vn -0.100000 0.000072 0.000000
vn -0.100000 0.000072 0.000000
vn -0.100000 0.000072 0.000000
vn -0.100000 0.000073 -0.000000
vn -0.100000 0.000073 -0.000000
vn -0.100000 0.000073 -0.000000
vn -0.100000 0.000073 -0.000001
vn -0.100000 0.000073 -0.000001
vn -0.100000 0.000073 -0.000001
vn -0.100000 0.000071 -0.000001
vn -0.100000 0.000071 -0.000001
vn -0.100000 0.000071 -0.000001
vn -0.100000 0.000072 0.000000
vn -0.100000 0.000072 0.000000
vn -0.100000 0.000072 0.000000
vn -0.100000 0.000072 -0.000001
vn -0.100000 0.000072 -0.000001
vn -0.100000 0.000072 -0.000001
vn -0.100000 0.000072 -0.000001
vn -0.100000 0.000072 -0.000001
vn -0.100000 0.000072 -0.000001
vn -0.100000 0.000071 0.000001
vn -0.100000 0.000071 0.000001
vn -0.100000 0.000071 0.000001
vn -0.100000 0.000072 -0.000000
vn -0.100000 0.000072 -0.000000
vn -0.100000 0.000072 -0.000000
vn -0.100000 0.000071 0.000000
vn -0.100000 0.000071 0.000000
vn -0.100000 0.000071 0.000000
vn -0.100000 0.000070 -0.000001
vn -0.100000 0.000070 -0.000001
vn -0.100000 0.000070 -0.000001
vn -0.100000 0.000071 -0.000000
vn -0.100000 0.000071 -0.000000
vn -0.100000 0.000071 -0.000000
vn -0.100000 0.000072 0.000000
vn -0.100000 0.000072 0.000000
vn -0.100000 0.000072 0.000000
vn -0.100000 0.000073 0.000001
vn -0.100000 0.000073 0.000001
vn -0.100000 0.000073 0.000001
vn -0.100000 0.000072 0.000003
vn -0.100000 0.000072 0.000003
vn -0.100000 0.000072 0.000003
vn -0.100000 0.000070 -0.000001
vn -0.100000 0.000070 -0.000001
vn -0.100000 0.000070 -0.000001
vn -0.100000 0.000072 0.000000
vn -0.100000 0.000072 0.000000
vn -0.100000 0.000072 0.000000
vn -0.100000 0.000071 -0.000000
vn -0.100000 0.000071 -0.000000
vn -0.100000 0.000071 -0.000000
vn -0.100000 0.000073 -0.000001
vn -0.100000 0.000073 -0.000001
vn -0.100000 0.000073 -0.000001
vn -0.100000 0.000070 0.000001
vn -0.100000 0.000070 0.000001
vn -0.100000 0.000070 0.000001
vn -0.100000 0.000072 -0.000000
vn -0.100000 0.000072 -0.000000
vn -0.100000 0.000072 -0.000000
vn -0.100000 0.000072 -0.000000
vn -0.100000 0.000072 -0.000000
vn -0.100000 0.000072 -0.000000
vn -0.100000 0.000072 -0.000000
vn -0.100000 0.000072 -0.000000
vn -0.100000 0.000072 -0.000000
vn -0.100000 0.000071 0.000000
vn -0.100000 0.000071 0.000000
vn -0.100000 0.000071 0.000000
vn -0.100000 0.000072 0.000000
vn -0.100000 0.000072 0.000000
vn -0.100000 0.000072 0.000000
vn -0.100000 0.000072 0.000000
vn -0.100000 0.000072 0.000000
vn -0.100000 0.000072 0.000000
vn -0.100000 0.000072 0.000000
vn -0.100000 0.000072 -0.000000
vn -0.100000 0.000072 -0.000000
vn -0.100000 0.000072 -0.000000
vn -0.100000 0.000072 -0.000000
vn -0.100000 0.000072 -0.000000
vn -0.100000 0.000072 -0.000000
vn -0.100000 0.000072 -0.000000
vn -0.100000 0.000072 -0.000000
vn -0.100000 0.000072 -0.000000
vn -0.100000 0.000072 -0.000000
vn -0.100000 0.000072 -0.000000
vn -0.100000 0.000072 -0.000000
vn -0.100000 0.000071 0.000001
vn -0.100000 0.000071 0.000001
vn -0.100000 0.000071 0.000001
vn -0.100000 0.000067 -0.000000
vn -0.100000 0.000067 -0.000000
vn -0.100000 0.000067 -0.000000
vn -0.100000 0.000072 0.000000
vn -0.100000 0.000072 0.000000
vn -0.100000 0.000072 0.000000
vn -0.100000 0.000072 -0.000000
vn -0.100000 0.000072 -0.000000
vn -0.100000 0.000072 -0.000000
vn -0.100000 0.000072 -0.000000
vn -0.100000 0.000072 -0.000000
vn -0.100000 0.000072 -0.000000
vn -0.100000 0.000072 -0.000000
vn -0.100000 0.000072 -0.000000
vn -0.100000 0.000072 -0.000000
vn -0.100000 0.000072 -0.000000
vn -0.100000 0.000072 -0.000000
vn -0.100000 0.000072 -0.000000
vn -0.100000 0.000072 -0.000000
vn -0.100000 0.000072 -0.000000
vn -0.100000 0.000072 -0.000000
vn -0.100000 0.000072 -0.000000
vn -0.100000 0.000072 -0.000000
vn -0.100000 0.000072 -0.000000
vn -0.100000 0.000072 -0.000000
vn -0.100000 0.000071 -0.000001
vn -0.100000 0.000071 -0.000001
vn -0.100000 0.000071 -0.000001
vn -0.100000 0.000072 0.000001
vn -0.100000 0.000072 0.000001
vn -0.100000 0.000072 0.000001
vn -0.100000 0.000072 -0.000000
vn -0.100000 0.000072 -0.000000
vn -0.100000 0.000072 -0.000000
vn -0.100000 0.000072 -0.000000
vn -0.100000 0.000072 -0.000000
vn -0.100000 0.000072 -0.000000
vn -0.100000 0.000072 -0.000000
vn -0.100000 0.000072 -0.000000
vn -0.100000 0.000072 -0.000000
vn -0.100000 0.000071 -0.000000
vn -0.100000 0.000071 -0.000000
vn -0.100000 0.000071 -0.000000
vn -0.100000 0.000072 0.000000
vn -0.100000 0.000072 0.000000
vn -0.100000 0.000072 0.000000
vn -0.100000 0.000072 0.000000
vn -0.100000 0.000072 0.000000
vn -0.100000 0.000072 0.000000
vn -0.100000 0.000072 -0.000000
vn -0.100000 0.000072 -0.000000
vn -0.100000 0.000072 -0.000000
vn -0.100000 0.000072 -0.000000
vn -0.100000 0.000072 -0.000000
vn -0.100000 0.000072 -0.000000
vn -0.100000 0.000071 0.000000
vn -0.100000 0.000071 0.000000
vn -0.100000 0.000071 0.000000
vn -0.100000 0.000073 0.000001
vn -0.100000 0.000073 0.000001
vn -0.100000 0.000073 0.000001
vn -0.100000 0.000072 0.000000
vn -0.100000 0.000072 0.000000
vn -0.100000 0.000072 0.000000
vn -0.100000 0.000071 -0.000000
vn -0.100000 0.000071 -0.000000
vn -0.100000 0.000071 -0.000000
vn -0.100000 0.000073 0.000001
vn -0.100000 0.000073 0.000001
vn -0.100000 0.000073 0.000001
vn -0.100000 0.000075 -0.000002
vn -0.100000 0.000075 -0.000002
vn -0.100000 0.000075 -0.000002
vn -0.100000 0.000072 -0.000000
vn -0.100000 0.000072 -0.000000
vn -0.100000 0.000072 -0.000000
vn -0.100000 0.000072 -0.000000
vn -0.100000 0.000072 -0.000000
vn -0.100000 0.000072 -0.000000
vn -0.100000 0.000072 -0.000000
vn -0.100000 0.000072 -0.000000
vn -0.100000 0.000072 -0.000000
vn -0.100000 0.000072 -0.000000
vn -0.100000 0.000072 -0.000000
vn -0.100000 0.000072 -0.000000
vn -0.100000 0.000071 0.000001
vn -0.100000 0.000071 0.000001
vn -0.100000 0.000071 0.000001
vn -0.100000 0.000072 -0.000001
vn -0.100000 0.000072 -0.000001
vn -0.100000 0.000072 -0.000001
vn -0.100000 0.000071 0.000001
vn -0.100000 0.000071 0.000001
vn -0.100000 0.000071 0.000001
vn -0.100000 0.000073 -0.000002
vn -0.100000 0.000073 -0.000002
vn -0.100000 0.000073 -0.000002
vn -0.100000 0.000073 -0.000000
vn -0.100000 0.000073 -0.000000
vn -0.100000 0.000073 -0.000000
vn -0.100000 0.000072 -0.000000
vn -0.100000 0.000072 -0.000000
vn -0.100000 0.000072 -0.000000
vn -0.100000 0.000061 0.000000
vn -0.100000 0.000061 0.000000
vn -0.100000 0.000061 0.000000
vn -0.100000 0.000074 0.000000
vn -0.100000 0.000074 0.000000
vn -0.100000 0.000074 0.000000
vn -0.100000 0.000070 -0.000000
vn -0.100000 0.000070 -0.000000
vn -0.100000 0.000070 -0.000000
vn -0.100000 0.000072 0.000000
vn -0.100000 0.000072 0.000000
vn -0.100000 0.000072 0.000000
vn -0.100000 0.000072 -0.000000
vn -0.100000 0.000072 -0.000000
vn -0.100000 0.000072 -0.000000
vn -0.100000 0.000072 0.000000
vn -0.100000 0.000072 0.000000
vn -0.100000 0.000072 0.000000
vn -0.100000 0.000072 0.000000
vn -0.100000 0.000071 -0.000000
vn -0.100000 0.000071 -0.000000
vn -0.100000 0.000071 -0.000000
vn -0.100000 0.000071 -0.000000
vn -0.100000 0.000071 -0.000000
vn -0.100000 0.000071 -0.000000
vn -0.100000 0.000072 -0.000000
vn -0.100000 0.000072 -0.000000
vn -0.100000 0.000072 -0.000000
vn -0.100000 0.000073 0.000001
vn -0.100000 0.000073 0.000001
vn -0.100000 0.000073 0.000001
vn -0.100000 0.000070 -0.000001
vn -0.100000 0.000070 -0.000001
vn -0.100000 0.000070 -0.000001
vn -0.100000 0.000071 0.000000
vn -0.100000 0.000071 0.000000
vn -0.100000 0.000071 0.000000
vn -0.100000 0.000073 -0.000000
vn -0.100000 0.000073 -0.000000
vn -0.100000 0.000073 -0.000000
vn -0.100000 0.000071 0.000000
vn -0.100000 0.000071 0.000000
vn -0.100000 0.000071 0.000000
vn -0.100000 0.000069 -0.000000
vn -0.100000 0.000069 -0.000000
vn -0.100000 0.000069 -0.000000
vn -0.100000 0.000074 0.000000
vn -0.100000 0.000074 0.000000
vn -0.100000 0.000074 0.000000
vn -0.100000 0.000071 -0.000000
vn -0.100000 0.000071 -0.000000
vn -0.100000 0.000071 -0.000000
vn -0.100000 0.000068 -0.000002
vn -0.100000 0.000068 -0.000002
vn -0.100000 0.000068 -0.000002
vn -0.100000 0.000101 0.000019
vn -0.100000 0.000101 0.000019
vn -0.100000 0.000101 0.000019
vn -0.100000 0.000072 0.000000
vn -0.100000 0.000072 0.000000
vn -0.100000 0.000072 0.000000
vn -0.100000 0.000071 0.000000
vn -0.100000 0.000071 0.000000
vn -0.100000 0.000071 0.000000
vn -0.100000 0.000101 -0.000032
vn -0.100000 0.000101 -0.000032
vn -0.100000 0.000101 -0.000032
vn -0.100000 0.000072 -0.000000
vn -0.100000 0.000072 -0.000000
vn -0.100000 0.000072 -0.000000
vn -0.100000 0.000072 0.000000
vn -0.100000 0.000072 0.000000
vn -0.100000 0.000072 0.000000
vn -0.100000 0.000072 -0.000000
vn -0.100000 0.000072 -0.000000
vn -0.100000 0.000072 -0.000000
vn -0.100000 0.000069 0.000000
vn -0.100000 0.000069 0.000000
vn -0.100000 0.000069 0.000000
vn -0.100000 0.000074 -0.000000
vn -0.100000 0.000074 -0.000000
vn -0.100000 0.000074 -0.000000
vn -0.100000 0.000070 0.000000
vn -0.100000 0.000070 0.000000
vn -0.100000 0.000070 0.000000
vn -0.100000 0.000077 -0.000000
vn -0.100000 0.000077 -0.000000
vn -0.100000 0.000077 -0.000000
vn -0.100000 0.000071 0.000000
vn -0.100000 0.000071 0.000000
vn -0.100000 0.000071 0.000000
vn -0.100000 0.000082 0.000000
vn -0.100000 0.000082 0.000000
vn -0.100000 0.000082 0.000000
vn -0.100000 0.000071 -0.000000
vn -0.100000 0.000071 -0.000000
vn -0.100000 0.000071 -0.000000
vn -0.100000 0.000073 0.000000
vn -0.100000 0.000073 0.000000
vn -0.100000 0.000073 0.000000
vn -0.100000 0.000070 -0.000000
vn -0.100000 0.000070 -0.000000
vn -0.100000 0.000070 -0.000000
vn -0.100000 0.000072 -0.000000
vn -0.100000 0.000072 -0.000000
vn -0.100000 0.000072 -0.000000
vn -0.100000 0.000073 -0.000000
vn -0.100000 0.000073 -0.000000
vn -0.100000 0.000073 -0.000000
vn -0.100000 0.000070 0.000000
vn -0.100000 0.000070 0.000000
vn -0.100000 0.000070 0.000000
vn -0.100000 0.000072 0.000000
vn -0.100000 0.000072 0.000000
vn -0.100000 0.000072 0.000000
vn -0.100000 0.000072 0.000000
vn -0.100000 0.000072 0.000000
vn -0.100000 0.000072 0.000000
vn -0.100000 0.000072 0.000000
vn -0.100000 0.000072 0.000000
vn -0.100000 0.000072 -0.000001
vn -0.100000 0.000072 -0.000001
vn -0.100000 0.000072 -0.000001
vn -0.100000 0.000074 -0.000000
vn -0.100000 0.000074 -0.000000
vn -0.100000 0.000074 -0.000000
vn -0.100000 0.000072 0.000000
vn -0.100000 0.000072 0.000000
vn -0.100000 0.000072 0.000000
vn -0.100000 0.000072 -0.000000
vn -0.100000 0.000072 -0.000000
vn -0.100000 0.000072 -0.000000
vn -0.100000 0.000070 0.000001
vn -0.100000 0.000070 0.000001
vn -0.100000 0.000070 0.000001
vn -0.100000 0.000074 -0.000001
vn -0.100000 0.000074 -0.000001
vn -0.100000 0.000074 -0.000001
vn -0.100000 0.000071 -0.000000
vn -0.100000 0.000071 -0.000000
vn -0.100000 0.000071 -0.000000
vn -0.100000 0.000072 0.000000
vn -0.100000 0.000072 0.000000
vn -0.100000 0.000072 0.000000
vn -0.100000 0.000072 0.000000
vn -0.100000 0.000072 0.000000
vn -0.100000 0.000072 0.000000
vn -0.100000 0.000072 -0.000000
vn -0.100000 0.000072 -0.000000
vn -0.100000 0.000072 -0.000000
vn -0.100000 0.000073 -0.000000
vn -0.100000 0.000073 -0.000000
vn -0.100000 0.000073 -0.000000
vn -0.100000 0.000070 0.000000
vn -0.100000 0.000070 0.000000
vn -0.100000 0.000070 0.000000
vn -0.100000 0.000070 0.000000
vn -0.100000 0.000070 0.000000
vn -0.100000 0.000070 0.000000
vn -0.100000 0.000072 -0.000000
vn -0.100000 0.000072 -0.000000
vn -0.100000 0.000072 -0.000000
vn -0.100000 0.000073 0.000000
vn -0.100000 0.000073 0.000000
vn -0.100000 0.000073 0.000000
vn -0.100000 0.000042 0.000019
vn -0.100000 0.000042 0.000019
vn -0.100000 0.000042 0.000019
vn -0.100000 0.000072 -0.000000
vn -0.100000 0.000072 -0.000000
vn -0.100000 0.000072 -0.000000
vn -0.100000 0.000072 -0.000000
vn -0.100000 0.000072 -0.000000
vn -0.100000 0.000072 -0.000000
vn -0.100000 0.000072 -0.000000
vn -0.100000 0.000072 -0.000000
vn -0.100000 0.000072 -0.000000
vn -0.100000 0.000072 -0.000000
vn -0.100000 0.000072 -0.000000
vn -0.100000 0.000072 -0.000000
vn -0.100000 0.000072 -0.000000
vn -0.100000 0.000072 -0.000000
vn -0.100000 0.000072 -0.000000
vn -0.100000 0.000072 -0.000000
usemtl Steel_-_Satin
f 2/1/1 29/2/2 1/3/3
f 1/4/3 29/5/2 30/6/4
f 1/4/3 30/6/4 24/7/5
f 24/7/5 30/6/4 31/8/6
f 24/7/5 31/8/6 23/9/7
f 23/9/7 31/8/6 32/10/8
f 23/9/7 32/10/8 22/11/9
f 22/11/9 32/10/8 33/12/10
f 22/11/9 33/12/10 21/13/11
f 21/13/11 33/12/10 34/14/12
f 21/13/11 34/14/12 20/15/13
f 20/15/13 34/14/12 35/16/14
f 20/15/13 35/16/14 19/17/15
f 19/17/15 35/16/14 36/18/16
f 19/17/15 36/18/16 18/19/17
f 18/19/17 36/18/16 37/20/18
f 18/19/17 37/20/18 17/21/19
f 17/21/19 37/20/18 38/22/20
f 17/21/19 38/22/20 16/23/21
f 16/23/21 38/22/20 39/24/22
f 16/23/21 39/24/22 15/25/23
f 15/25/23 39/24/22 40/26/24
f 15/25/23 40/26/24 14/27/25
f 14/27/25 40/26/24 41/28/26
f 14/27/25 41/28/26 13/29/27
f 13/29/27 41/28/26 42/30/28
f 13/29/27 42/30/28 12/31/29
f 12/31/29 42/30/28 43/32/30
f 12/31/29 43/32/30 11/33/31
f 11/33/31 43/32/30 44/34/32
f 11/33/31 44/34/32 10/35/33
f 10/35/33 44/34/32 45/36/34
f 10/35/33 45/36/34 9/37/35
f 9/37/35 45/36/34 46/38/36
f 9/37/35 46/38/36 8/39/37
f 8/39/37 46/38/36 47/40/38
f 8/39/37 47/40/38 7/41/39
f 7/41/39 47/40/38 48/42/40
f 7/41/39 48/42/40 6/43/41
f 6/43/41 48/42/40 49/44/42
f 6/43/41 49/44/42 5/45/43
f 5/45/43 49/44/42 25/46/44
f 5/45/43 25/46/44 26/47/45
f 29/2/2 2/1/1 28/48/46
f 28/48/46 2/1/1 3/49/47
f 28/48/46 3/49/47 27/50/48
f 27/50/48 3/49/47 4/51/49
f 27/50/48 4/51/49 26/47/45
f 26/47/45 4/51/49 5/45/43
f 25/52/50 49/53/51 52/54/52
f 52/54/52 49/53/51 51/55/53
f 51/55/53 49/53/51 48/56/54
f 51/55/53 48/56/54 47/57/55
f 47/57/55 46/58/56 51/55/53
f 51/55/53 46/58/56 45/59/57
f 51/55/53 45/59/57 44/60/58
f 44/60/58 43/61/59 51/55/53
f 51/55/53 43/61/59 42/62/60
f 51/55/53 42/62/60 41/63/61
f 51/55/53 41/63/61 50/64/62
f 50/64/62 41/63/61 40/65/63
f 50/64/62 40/65/63 39/66/64
f 39/66/64 38/67/65 50/64/62
f 50/64/62 38/67/65 37/68/66
f 50/64/62 37/68/66 36/69/67
f 36/69/67 35/70/68 50/64/62
f 50/64/62 35/70/68 34/71/69
f 54/72/70 55/73/71 53/74/72
f 53/74/72 55/73/71 56/75/73
f 53/74/72 56/75/73 57/76/74
f 54/77/75 58/78/76 55/79/77
f 55/79/77 58/78/76 59/80/78
f 58/81/79 54/82/80 62/83/81
f 62/83/81 54/82/80 53/84/82
f 62/83/81 53/84/82 61/85/83
f 61/85/83 53/84/82 60/86/84
f 57/87/85 63/88/86 53/89/87
f 53/89/87 63/88/86 64/90/88
f 53/89/87 64/90/88 65/91/89
f 65/91/89 60/92/90 53/89/87
f 66/93/91 67/94/92 62/95/93
f 62/95/93 67/94/92 59/96/94
f 62/95/93 59/96/94 58/97/95
f 71/98/96 56/99/97 74/100/98
f 74/100/98 56/99/97 55/101/99
f 74/100/98 55/101/99 59/102/100
f 74/100/98 59/102/100 73/103/101
f 73/103/101 59/102/100 67/104/102
f 73/103/101 67/104/102 68/105/103
f 73/103/101 68/105/103 72/106/104
f 72/106/104 68/105/103 69/107/105
f 72/106/104 69/107/105 70/108/106
f 72/106/104 70/108/106 75/109/107
f 75/109/107 70/108/106 71/98/96
f 75/109/107 71/98/96 74/100/98
f 66/110/108 76/111/109 67/112/110
f 67/112/110 76/111/109 68/113/111
f 66/114/112 62/115/113 76/116/114
f 76/116/114 62/115/113 78/117/115
f 78/117/115 62/115/113 77/118/116
f 77/118/116 62/115/113 61/119/117
f 63/120/118 71/121/119 64/122/120
f 64/122/120 71/121/119 70/123/121
f 64/122/120 70/123/121 79/124/122
f 79/125/123 80/126/124 64/127/125
f 64/127/125 80/126/124 78/128/126
f 64/127/125 78/128/126 65/129/127
f 65/129/127 78/128/126 77/130/128
f 70/131/129 69/132/130 79/133/131
f 79/133/131 69/132/130 80/134/132
f 80/135/133 69/136/134 78/137/135
f 78/137/135 69/136/134 68/138/136
f 78/137/135 68/138/136 76/139/137
f 56/140/138 71/141/139 57/142/140
f 57/142/140 71/141/139 63/143/141
f 196/144/142 81/145/143 61/146/144
f 61/146/144 81/145/143 82/147/145
f 61/146/144 82/147/145 77/148/146
f 77/148/146 82/147/145 83/149/147
f 77/148/146 83/149/147 84/150/148
f 84/150/148 85/151/149 77/148/146
f 77/148/146 85/151/149 86/152/150
f 77/148/146 86/152/150 87/153/151
f 87/153/151 88/154/152 77/148/146
f 77/148/146 88/154/152 89/155/153
f 77/148/146 89/155/153 90/156/154
f 90/156/154 91/157/155 77/148/146
f 77/148/146 91/157/155 92/158/156
f 77/148/146 92/158/156 93/159/157
f 93/159/157 94/160/158 77/148/146
f 77/148/146 94/160/158 95/161/159
f 77/148/146 95/161/159 96/162/160
f 96/162/160 97/163/161 77/148/146
f 77/148/146 97/163/161 98/164/162
f 77/148/146 98/164/162 99/165/163
f 99/165/163 100/166/164 77/148/146
f 77/148/146 100/166/164 101/167/165
f 77/148/146 101/167/165 102/168/166
f 102/168/166 103/169/167 77/148/146
f 77/148/146 103/169/167 104/170/168
f 77/148/146 104/170/168 105/171/169
f 105/171/169 106/172/170 77/148/146
f 77/148/146 106/172/170 107/173/171
f 77/148/146 107/173/171 108/174/172
f 108/174/172 109/175/173 77/148/146
f 77/148/146 109/175/173 110/176/174
f 77/148/146 110/176/174 65/177/175
f 65/177/175 110/176/174 111/178/176
f 65/177/175 111/178/176 112/179/177
f 112/179/177 113/180/178 65/177/175
f 65/177/175 113/180/178 114/181/179
f 65/177/175 114/181/179 115/182/180
f 115/182/180 116/183/181 65/177/175
f 65/177/175 116/183/181 117/184/182
f 65/177/175 117/184/182 118/185/183
f 118/185/183 119/186/184 65/177/175
f 65/177/175 119/186/184 120/187/185
f 65/177/175 120/187/185 121/188/186
f 121/188/186 122/189/187 65/177/175
f 65/177/175 122/189/187 123/190/188
f 65/177/175 123/190/188 124/191/189
f 124/191/189 125/192/190 65/177/175
f 65/177/175 125/192/190 126/193/191
f 65/177/175 126/193/191 127/194/192
f 127/194/192 128/195/193 65/177/175
f 65/177/175 128/195/193 129/196/194
f 65/177/175 129/196/194 130/197/195
f 130/197/195 131/198/196 65/177/175
f 65/177/175 131/198/196 132/199/197
f 65/177/175 132/199/197 133/200/198
f 133/200/198 134/201/199 65/177/175
f 65/177/175 134/201/199 135/202/200
f 65/177/175 135/202/200 136/203/201
f 136/203/201 137/204/202 65/177/175
f 65/177/175 137/204/202 138/205/203
f 65/177/175 138/205/203 139/206/204
f 139/206/204 140/207/205 65/177/175
f 65/177/175 140/207/205 60/208/206
f 60/208/206 140/207/205 141/209/207
f 60/208/206 141/209/207 142/210/208
f 142/210/208 143/211/209 60/208/206
f 60/208/206 143/211/209 144/212/210
f 60/208/206 144/212/210 145/213/211
f 145/213/211 146/214/212 60/208/206
f 60/208/206 146/214/212 147/215/213
f 60/208/206 147/215/213 148/216/214
f 148/216/214 149/217/215 60/208/206
f 60/208/206 149/217/215 150/218/216
f 60/208/206 150/218/216 151/219/217
f 151/219/217 152/220/218 60/208/206
f 60/208/206 152/220/218 153/221/219
f 60/208/206 153/221/219 154/222/220
f 154/222/220 155/223/221 60/208/206
f 60/208/206 155/223/221 156/224/222
f 60/208/206 156/224/222 157/225/223
f 157/225/223 158/226/224 60/208/206
f 60/208/206 158/226/224 159/227/225
f 60/208/206 159/227/225 160/228/226
f 160/228/226 161/229/227 60/208/206
f 60/208/206 161/229/227 162/230/228
f 60/208/206 162/230/228 163/231/229
f 163/231/229 164/232/230 60/208/206
f 60/208/206 164/232/230 165/233/231
f 60/208/206 165/233/231 166/234/232
f 166/234/232 167/235/233 60/208/206
f 60/208/206 167/235/233 168/236/234
f 60/208/206 168/236/234 169/237/235
f 60/208/206 169/237/235 61/146/144
f 61/146/144 169/237/235 170/238/236
f 61/146/144 170/238/236 171/239/237
f 171/239/237 172/240/238 61/146/144
f 61/146/144 172/240/238 173/241/239
f 61/146/144 173/241/239 174/242/240
f 174/242/240 175/243/241 61/146/144
f 61/146/144 175/243/241 176/244/242
f 61/146/144 176/244/242 177/245/243
f 177/245/243 178/246/244 61/146/144
f 61/146/144 178/246/244 179/247/245
f 61/146/144 179/247/245 180/248/246
f 180/248/246 181/249/247 61/146/144
f 61/146/144 181/249/247 182/250/248
f 61/146/144 182/250/248 183/251/249
f 183/251/249 184/252/250 61/146/144
f 61/146/144 184/252/250 185/253/251
f 61/146/144 185/253/251 186/254/252
f 186/254/252 187/255/253 61/146/144
f 61/146/144 187/255/253 188/256/254
f 61/146/144 188/256/254 189/257/255
f 189/257/255 190/258/256 61/146/144
f 61/146/144 190/258/256 191/259/257
f 61/146/144 191/259/257 192/260/258
f 192/260/258 193/261/259 61/146/144
f 61/146/144 193/261/259 194/262/260
f 61/146/144 194/262/260 195/263/261
f 195/263/261 196/144/142 61/146/144
f 73/264/262 72/265/263 198/266/264
f 198/266/264 72/265/263 197/267/265
f 72/268/266 75/269/267 197/270/268
f 197/270/268 75/269/267 199/271/269
f 75/272/270 74/273/271 199/274/272
f 199/274/272 74/273/271 200/275/273
f 74/276/274 73/277/275 200/278/276
f 200/278/276 73/277/275 198/279/277
f 24/280/278 199/281/279 1/282/280
f 1/282/280 199/281/279 200/283/281
f 1/282/280 200/283/281 2/284/282
f 2/284/282 200/283/281 3/285/283
f 3/285/283 200/283/281 4/286/284
f 4/286/284 200/283/281 5/287/285
f 5/287/285 200/283/281 6/288/286
f 6/288/286 200/283/281 198/289/287
f 6/288/286 198/289/287 7/290/288
f 7/290/288 198/289/287 8/291/289
f 8/291/289 198/289/287 9/292/290
f 9/292/290 198/289/287 10/293/291
f 10/293/291 198/289/287 11/294/292
f 11/294/292 198/289/287 12/295/293
f 12/295/293 198/289/287 13/296/294
f 13/296/294 198/289/287 197/297/295
f 13/296/294 197/297/295 14/298/296
f 14/298/296 197/297/295 15/299/297
f 15/299/297 197/297/295 16/300/298
f 16/300/298 197/297/295 17/301/299
f 17/301/299 197/297/295 18/302/300
f 18/302/300 197/297/295 19/303/301
f 19/303/301 197/297/295 20/304/302
f 20/304/302 197/297/295 199/281/279
f 20/304/302 199/281/279 21/305/303
f 21/305/303 199/281/279 22/306/304
f 22/306/304 199/281/279 23/307/305
f 23/307/305 199/281/279 24/280/278
f 140/308/306 139/309/307 201/310/308
f 138/311/309 202/312/310 139/313/311
f 139/313/311 202/312/310 201/314/312
f 138/315/313 137/316/314 202/317/315
f 136/318/316 203/319/317 137/320/318
f 137/320/318 203/319/317 202/321/319
f 136/322/320 135/323/321 203/324/322
f 134/325/323 204/326/324 135/327/325
f 135/327/325 204/326/324 203/328/326
f 134/329/327 133/330/328 204/331/329
f 132/332/330 205/333/331 133/334/332
f 133/334/332 205/333/331 204/335/333
f 132/336/334 131/337/335 205/338/336
f 130/339/337 206/340/338 131/341/339
f 131/341/339 206/340/338 205/342/340
f 130/343/341 129/344/342 206/345/343
f 128/346/344 207/347/345 129/348/342
f 129/348/342 207/347/345 206/349/343
f 128/350/346 127/351/347 207/352/348
f 126/353/349 208/354/350 127/355/351
f 127/355/351 208/354/350 207/356/352
f 126/357/353 125/358/354 208/359/355
f 124/360/356 209/361/357 125/362/358
f 125/362/358 209/361/357 208/363/359
f 124/364/360 123/365/361 209/366/362
f 122/367/363 210/368/364 123/369/365
f 123/369/365 210/368/364 209/370/366
f 122/371/367 121/372/368 210/373/369
f 120/374/370 211/375/371 121/376/372
f 121/376/372 211/375/371 210/377/373
f 120/378/374 119/379/375 211/380/376
f 118/381/377 212/382/378 119/383/375
f 119/383/375 212/382/378 211/384/376
f 118/385/379 117/386/380 212/387/381
f 116/388/382 213/389/383 117/390/384
f 117/390/384 213/389/383 212/391/385
f 116/392/386 115/393/387 213/394/388
f 114/395/389 214/396/390 115/397/391
f 115/397/391 214/396/390 213/398/392
f 114/399/393 113/400/394 214/401/395
f 112/402/396 215/403/397 113/404/398
f 113/404/398 215/403/397 214/405/399
f 112/406/400 111/407/401 215/408/402
f 110/409/403 216/410/404 111/411/401
f 111/411/401 216/410/404 215/412/402
f 110/413/405 109/414/406 216/415/407
f 108/416/408 217/417/409 109/418/410
f 109/418/410 217/417/409 216/419/411
f 108/420/412 107/421/413 217/422/414
f 106/423/415 218/424/416 107/425/417
f 107/425/417 218/424/416 217/426/418
f 106/427/419 105/428/420 218/429/421
f 104/430/422 219/431/423 105/432/424
f 105/432/424 219/431/423 218/433/425
f 104/434/426 103/435/427 219/436/428
f 102/437/429 220/438/430 103/439/431
f 103/439/431 220/438/430 219/440/432
f 102/441/433 101/442/434 220/443/435
f 100/444/436 221/445/437 101/446/438
f 101/446/438 221/445/437 220/447/439
f 100/448/440 99/449/441 221/450/442
f 98/451/443 222/452/444 99/453/445
f 99/453/445 222/452/444 221/454/446
f 98/455/447 97/456/448 222/457/449
f 96/458/450 223/459/451 97/460/452
f 97/460/452 223/459/451 222/461/453
f 96/462/454 95/463/455 223/464/456
f 94/465/457 224/466/458 95/467/459
f 95/467/459 224/466/458 223/468/460
f 94/469/461 93/470/462 224/471/463
f 92/472/464 225/473/465 93/474/462
f 93/474/462 225/473/465 224/475/463
f 92/476/466 91/477/467 225/478/468
f 90/479/469 226/480/470 91/481/467
f 91/481/467 226/480/470 225/482/468
f 90/483/471 89/484/472 226/485/473
f 88/486/474 227/487/475 89/488/472
f 89/488/472 227/487/475 226/489/473
f 88/490/476 87/491/477 227/492/478
f 86/493/479 228/494/480 87/495/481
f 87/495/481 228/494/480 227/496/482
f 86/497/483 85/498/484 228/499/485
f 84/500/486 229/501/487 85/502/488
f 85/502/488 229/501/487 228/503/489
f 84/504/490 83/505/491 229/506/492
f 82/507/493 230/508/494 83/509/495
f 83/509/495 230/508/494 229/510/496
f 231/511/497 232/512/498 233/513/499
f 231/514/497 234/515/500 232/516/498
f 235/517/501 234/518/500 231/519/497
f 231/520/497 236/521/502 235/522/501
f 231/523/497 237/524/503 236/525/502
f 238/526/504 237/527/503 231/528/497
f 239/529/505 240/530/506 241/531/507
f 242/532/508 240/533/506 239/534/505
f 242/535/508 231/536/497 240/537/506
f 238/538/504 231/539/497 242/540/508
f 231/541/497 243/542/509 244/543/510
f 231/544/497 245/545/511 243/546/509
f 246/547/512 245/548/511 231/549/497
f 231/550/497 233/551/499 246/552/512
f 240/553/506 247/554/513 241/555/507
f 240/556/506 248/557/514 247/558/513
f 249/559/515 248/560/514 240/561/506
f 240/562/506 250/563/516 249/564/515
f 240/565/506 251/566/517 250/567/516
f 252/568/518 251/569/517 240/570/506
f 240/571/506 253/572/519 252/573/518
f 254/574/520 244/575/521 255/576/522
f 231/577/523 244/578/521 254/579/520
f 256/580/524 231/581/525 254/582/526
f 240/583/527 231/584/525 256/585/524
f 257/586/528 240/587/529 256/588/530
f 253/589/531 240/590/529 257/591/528
f 258/592/532 259/593/533 260/594/534
f 258/595/532 261/596/535 259/597/533
f 262/598/536 261/599/535 258/600/532
f 262/601/536 263/602/537 261/603/535
f 264/604/538 263/605/537 262/606/536
f 262/607/536 265/608/539 264/609/538
f 262/610/536 266/611/540 265/612/539
f 267/613/541 266/614/540 262/615/536
f 262/616/536 268/617/542 267/618/541
f 262/619/536 269/620/543 268/621/542
f 270/622/544 269/623/543 262/624/536
f 258/625/532 271/626/545 272/627/546
f 258/628/532 273/629/547 271/630/545
f 260/631/534 273/632/547 258/633/532
f 262/634/536 274/635/548 270/636/544
f 275/637/549 274/638/548 262/639/536
f 258/640/532 276/641/550 277/642/551
f 258/643/532 278/644/552 276/645/550
f 279/646/553 278/647/552 258/648/532
f 272/649/546 279/650/553 258/651/532
f 277/652/551 280/653/554 258/654/532
f 281/655/555 280/656/556 282/657/557
f 258/658/558 280/659/556 281/660/555
f 283/661/559 258/662/560 281/663/561
f 262/664/562 258/665/560 283/666/559
f 284/667/563 262/668/564 283/669/565
f 275/670/566 262/671/564 284/672/563
f 285/673/567 286/674/568 287/675/569
f 285/676/570 288/677/571 286/678/572
f 289/679/573 288/680/574 285/681/575
f 285/682/576 290/683/577 289/684/578
f 285/685/579 291/686/580 290/687/581
f 292/688/582 291/689/583 285/690/584
f 293/691/585 294/692/586 295/693/587
f 293/694/588 285/695/589 294/696/590
f 296/697/591 285/698/592 293/699/593
f 297/700/594 285/701/595 296/702/596
f 292/703/597 285/704/598 297/705/599
f 293/706/600 298/707/601 299/708/602
f 293/709/603 300/710/604 298/711/605
f 295/712/606 300/713/607 293/714/608
f 299/715/602 301/716/609 293/717/600
f 302/718/610 299/719/611 303/720/612
f 301/721/613 299/722/611 302/723/610
f 296/724/614 304/725/615 305/726/616
f 296/727/617 306/728/618 304/729/619
f 293/730/620 306/731/621 296/732/622
f 293/733/623 307/734/624 306/735/625
f 301/736/626 307/737/627 293/738/628
f 292/739/629 308/740/630 309/741/631
f 292/742/632 310/743/633 308/744/634
f 297/745/635 310/746/636 292/747/637
f 297/748/638 311/749/639 310/750/640
f 305/751/641 311/752/642 297/753/643
f 297/754/644 296/755/645 305/756/646
f 290/757/647 312/758/648 313/759/649
f 290/760/650 314/761/651 312/762/652
f 291/763/653 314/764/654 290/765/655
f 291/766/656 315/767/657 314/768/658
f 309/769/659 315/770/660 291/771/661
f 291/772/662 292/773/663 309/774/664
f 288/775/665 316/776/666 317/777/667
f 288/778/668 318/779/669 316/780/670
f 289/781/671 318/782/672 288/783/673
f 289/784/674 319/785/675 318/786/676
f 313/787/677 319/788/678 289/789/679
f 289/790/680 290/791/681 313/792/682
f 320/793/683 288/794/684 317/795/685
f 320/796/686 286/797/687 288/798/688
f 321/799/689 286/800/690 320/801/691
f 322/802/692 286/803/693 321/804/694
f 322/805/695 287/806/696 286/807/697
f 323/808/698 287/809/699 322/810/700
f 324/811/701 287/812/702 323/813/703
f 324/814/704 285/815/705 287/816/706
f 325/817/707 285/818/708 324/819/709
f 326/820/710 285/821/711 325/822/712
f 326/823/713 294/824/714 285/825/715
f 327/826/716 294/827/717 326/828/718
f 328/829/719 294/830/720 327/831/721
f 328/832/722 295/833/723 294/834/724
f 329/835/725 295/836/726 328/837/727
f 330/838/728 295/839/729 329/840/730
f 330/841/731 300/842/732 295/843/733
f 331/844/734 300/845/735 330/846/736
f 332/847/737 300/848/738 331/849/739
f 332/850/740 298/851/741 300/852/742
f 333/853/743 298/854/744 332/855/745
f 333/856/746 299/857/747 298/858/748
f 334/859/749 299/860/750 333/861/751
f 301/862/752 302/863/753 307/864/754
f 334/865/755 303/866/756 299/867/757
f 335/868/758 336/869/759 337/870/760
f 335/871/761 338/872/762 336/873/763
f 339/874/764 338/875/765 335/876/766
f 335/877/767 340/878/768 339/879/769
f 335/880/770 341/881/771 340/882/772
f 342/883/773 341/884/774 335/885/775
f 335/886/776 343/887/777 342/888/778
f 335/889/779 344/890/780 343/891/781
f 345/892/782 344/893/783 335/894/784
f 335/895/785 346/896/786 345/897/787
f 335/898/788 347/899/789 346/900/790
f 348/901/791 347/902/792 335/903/793
f 335/904/794 349/905/795 348/906/796
f 335/907/797 350/908/798 349/909/799
f 351/910/800 350/911/798 335/912/797
f 352/913/801 351/914/802 353/915/803
f 350/916/804 351/917/802 352/918/801
f 348/919/805 354/920/806 355/921/807
f 348/922/808 356/923/809 354/924/810
f 349/925/811 356/926/812 348/927/813
f 349/928/814 357/929/815 356/930/816
f 350/931/817 357/932/818 349/933/819
f 346/934/820 358/935/821 359/936/822
f 346/937/823 360/938/824 358/939/825
f 347/940/826 360/941/827 346/942/828
f 347/943/829 361/944/830 360/945/831
f 355/946/832 361/947/833 347/948/834
f 347/949/835 348/950/836 355/951/837
f 344/952/838 362/953/839 363/954/840
f 344/955/841 364/956/842 362/957/843
f 345/958/844 364/959/845 344/960/846
f 345/961/847 365/962/848 364/963/849
f 359/964/850 365/965/851 345/966/852
f 345/967/853 346/968/854 359/969/855
f 342/970/856 366/971/857 367/972/858
f 342/973/859 368/974/860 366/975/861
f 343/976/862 368/977/863 342/978/864
f 343/979/865 369/980/866 368/981/867
f 363/982/868 369/983/869 343/984/870
f 343/985/871 344/986/872 363/987/873
f 370/988/874 342/989/875 367/990/876
f 370/991/877 341/992/878 342/993/879
f 371/994/880 341/995/881 370/996/882
f 372/997/883 341/998/884 371/999/885
f 372/1000/886 340/1001/887 341/1002/888
f 373/1003/889 340/1004/890 372/1005/891
f 374/1006/892 340/1007/893 373/1008/894
f 374/1009/895 339/1010/896 340/1011/897
f 375/1012/898 339/1013/899 374/1014/900
f 376/1015/901 339/1016/902 375/1017/903
f 376/1018/904 338/1019/905 339/1020/906
f 377/1021/907 338/1022/908 376/1023/909
f 378/1024/910 338/1025/911 377/1026/912
f 378/1027/913 336/1028/914 338/1029/915
f 379/1030/916 336/1031/917 378/1032/918
f 380/1033/919 336/1034/920 379/1035/921
f 380/1036/922 337/1037/923 336/1038/924
f 381/1039/925 337/1040/926 380/1041/927
f 382/1042/928 337/1043/929 381/1044/930
f 382/1045/931 335/1046/932 337/1047/933
f 383/1048/934 335/1049/935 382/1050/936
f 383/1051/937 351/1052/938 335/1053/939
f 384/1054/940 351/1055/941 383/1056/942
f 350/1057/943 352/1058/944 357/1059/945
f 384/1060/946 353/1061/947 351/1062/948
f 385/1063/949 386/1064/950 387/1065/951
f 388/1066/952 386/1067/950 385/1068/949
f 388/1069/953 389/1070/954 386/1071/955
f 390/1072/956 389/1073/954 388/1074/953
f 390/1075/957 391/1076/958 389/1077/959
f 392/1078/960 391/1079/958 390/1080/957
f 392/1081/961 393/1082/962 391/1083/963
f 394/1084/964 393/1085/962 392/1086/961
f 394/1087/965 395/1088/966 393/1089/967
f 396/1090/968 395/1091/966 394/1092/965
f 396/1093/969 397/1094/970 395/1095/971
f 398/1096/972 397/1097/970 396/1098/969
f 398/1099/973 399/1100/974 397/1101/975
f 400/1102/976 399/1103/974 398/1104/973
f 400/1105/977 401/1106/978 399/1107/979
f 402/1108/980 401/1109/978 400/1110/977
f 402/1111/981 403/1112/982 401/1113/983
f 404/1114/984 403/1115/982 402/1116/981
f 404/1117/985 405/1118/986 403/1119/987
f 406/1120/988 405/1121/986 404/1122/985
f 406/1123/989 407/1124/990 405/1125/991
f 408/1126/992 407/1127/990 406/1128/989
f 408/1129/993 409/1130/994 407/1131/995
f 410/1132/996 409/1133/994 408/1134/993
f 410/1135/997 411/1136/998 409/1137/999
f 412/1138/1000 411/1139/998 410/1140/997
f 412/1141/1001 413/1142/1002 411/1143/1003
f 414/1144/1004 413/1145/1002 412/1146/1001
f 414/1147/1005 415/1148/1006 413/1149/1007
f 416/1150/1008 415/1151/1006 414/1152/1005
f 416/1153/1009 417/1154/1010 415/1155/1011
f 418/1156/1012 417/1157/1010 416/1158/1009
f 418/1159/1013 419/1160/1014 417/1161/1015
f 420/1162/1016 419/1163/1014 418/1164/1013
f 420/1165/1017 421/1166/1018 419/1167/1019
f 422/1168/1020 421/1169/1018 420/1170/1017
f 422/1171/1021 423/1172/1022 421/1173/1023
f 424/1174/1024 423/1175/1022 422/1176/1021
f 424/1177/1025 425/1178/1026 423/1179/1027
f 426/1180/1028 425/1181/1026 424/1182/1025
f 426/1183/1029 427/1184/1030 425/1185/1031
f 428/1186/1032 427/1187/1030 426/1188/1029
f 428/1189/1033 429/1190/1034 427/1191/1035
f 430/1192/1036 429/1193/1034 428/1194/1033
f 430/1195/1037 431/1196/1038 429/1197/1039
f 432/1198/1040 431/1199/1038 430/1200/1037
f 432/1201/1041 433/1202/1042 431/1203/1043
f 434/1204/1044 433/1205/1042 432/1206/1041
f 434/1207/1045 435/1208/1046 433/1209/1047
f 436/1210/1048 435/1211/1046 434/1212/1045
f 436/1213/1049 437/1214/1050 435/1215/1051
f 438/1216/1052 437/1217/1050 436/1218/1049
f 438/1219/1053 439/1220/1054 437/1221/1055
f 440/1222/1056 439/1223/1054 438/1224/1053
f 440/1225/1057 441/1226/1058 439/1227/1059
f 442/1228/1060 441/1229/1058 440/1230/1057
f 442/1231/1061 443/1232/1062 441/1233/1063
f 444/1234/1064 443/1235/1062 442/1236/1061
f 444/1237/1065 445/1238/1066 443/1239/1067
f 446/1240/1068 445/1241/1066 444/1242/1065
f 446/1243/1069 447/1244/1070 445/1245/1071
f 448/1246/1072 447/1247/1070 446/1248/1069
f 448/1249/1073 449/1250/1074 447/1251/1075
f 450/1252/1076 449/1253/1074 448/1254/1073
f 450/1255/1077 451/1256/1078 449/1257/1079
f 452/1258/1080 451/1259/1078 450/1260/1077
f 452/1261/1081 453/1262/1082 451/1263/1083
f 454/1264/1084 453/1265/1082 452/1266/1081
f 454/1267/1085 455/1268/1086 453/1269/1087
f 456/1270/1088 455/1271/1086 454/1272/1085
f 456/1273/1089 387/1274/1090 455/1275/1091
f 385/1276/1092 387/1277/1090 456/1278/1089
f 457/1279/1093 436/1280/1094 434/1281/1095
f 458/1282/1096 436/1283/1094 457/1284/1093
f 458/1285/1096 438/1286/1097 436/1287/1094
f 459/1288/1098 438/1289/1097 458/1290/1096
f 459/1291/1098 440/1292/1099 438/1293/1097
f 460/1294/1100 440/1295/1099 459/1296/1098
f 460/1297/1100 442/1298/1101 440/1299/1099
f 461/1300/1102 442/1301/1101 460/1302/1100
f 461/1303/1102 444/1304/1103 442/1305/1101
f 462/1306/1104 444/1307/1103 461/1308/1102
f 462/1309/1104 446/1310/1105 444/1311/1103
f 463/1312/1106 446/1313/1105 462/1314/1104
f 463/1315/1106 448/1316/1107 446/1317/1105
f 464/1318/1108 448/1319/1107 463/1320/1106
f 464/1321/1108 450/1322/1109 448/1323/1107
f 465/1324/1110 450/1325/1109 464/1326/1108
f 465/1327/1110 452/1328/1111 450/1329/1109
f 466/1330/1112 452/1331/1111 465/1332/1110
f 466/1333/1112 454/1334/1113 452/1335/1111
f 467/1336/1114 454/1337/1113 466/1338/1112
f 467/1339/1114 456/1340/1115 454/1341/1113
f 468/1342/1116 456/1343/1115 467/1344/1114
f 468/1345/1116 385/1346/1117 456/1347/1115
f 469/1348/1118 385/1349/1117 468/1350/1116
f 469/1351/1118 388/1352/1119 385/1353/1117
f 470/1354/1120 388/1355/1119 469/1356/1118
f 470/1357/1120 390/1358/1121 388/1359/1119
f 471/1360/1122 390/1361/1121 470/1362/1120
f 471/1363/1122 392/1364/1123 390/1365/1121
f 472/1366/1124 392/1367/1123 471/1368/1122
f 472/1369/1124 394/1370/1125 392/1371/1123
f 473/1372/1126 394/1373/1125 472/1374/1124
f 473/1375/1126 396/1376/1127 394/1377/1125
f 474/1378/1128 396/1379/1127 473/1380/1126
f 474/1381/1128 398/1382/1129 396/1383/1127
f 475/1384/1130 398/1385/1129 474/1386/1128
f 475/1387/1130 400/1388/1131 398/1389/1129
f 476/1390/1132 400/1391/1131 475/1392/1130
f 476/1393/1132 402/1394/1133 400/1395/1131
f 477/1396/1134 402/1397/1133 476/1398/1132
f 477/1399/1134 404/1400/1135 402/1401/1133
f 478/1402/1136 404/1403/1135 477/1404/1134
f 478/1405/1136 406/1406/1137 404/1407/1135
f 479/1408/1138 406/1409/1137 478/1410/1136
f 479/1411/1138 408/1412/1139 406/1413/1137
f 480/1414/1140 408/1415/1139 479/1416/1138
f 480/1417/1140 410/1418/1141 408/1419/1139
f 481/1420/1142 410/1421/1141 480/1422/1140
f 481/1423/1142 412/1424/1143 410/1425/1141
f 482/1426/1144 412/1427/1143 481/1428/1142
f 482/1429/1144 414/1430/1145 412/1431/1143
f 483/1432/1146 414/1433/1145 482/1434/1144
f 483/1435/1146 416/1436/1147 414/1437/1145
f 484/1438/1148 416/1439/1147 483/1440/1146
f 484/1441/1148 418/1442/1149 416/1443/1147
f 485/1444/1150 418/1445/1149 484/1446/1148
f 485/1447/1150 420/1448/1151 418/1449/1149
f 486/1450/1152 420/1451/1151 485/1452/1150
f 486/1453/1152 422/1454/1153 420/1455/1151
f 487/1456/1154 422/1457/1153 486/1458/1152
f 487/1459/1154 424/1460/1155 422/1461/1153
f 488/1462/1156 424/1463/1155 487/1464/1154
f 488/1465/1156 426/1466/1157 424/1467/1155
f 489/1468/1158 426/1469/1157 488/1470/1156
f 489/1471/1158 428/1472/1159 426/1473/1157
f 490/1474/1160 428/1475/1159 489/1476/1158
f 490/1477/1160 430/1478/1161 428/1479/1159
f 491/1480/1162 430/1481/1161 490/1482/1160
f 491/1483/1162 432/1484/1163 430/1485/1161
f 492/1486/1164 432/1487/1163 491/1488/1162
f 492/1489/1164 434/1490/1095 432/1491/1163
f 457/1492/1093 434/1493/1095 492/1494/1164
f 493/1495/1165 494/1496/1166 495/1497/1167
f 496/1498/1168 494/1499/1166 493/1500/1165
f 496/1501/1169 497/1502/1170 494/1503/1171
f 498/1504/1172 497/1505/1170 496/1506/1169
f 498/1507/1173 499/1508/1174 497/1509/1175
f 500/1510/1176 499/1511/1174 498/1512/1173
f 500/1513/1177 501/1514/1178 499/1515/1179
f 502/1516/1180 501/1517/1178 500/1518/1177
f 502/1519/1181 503/1520/1182 501/1521/1183
f 504/1522/1184 503/1523/1182 502/1524/1181
f 504/1525/1185 505/1526/1186 503/1527/1187
f 506/1528/1188 505/1529/1186 504/1530/1185
f 506/1531/1189 507/1532/1190 505/1533/1191
f 508/1534/1192 507/1535/1190 506/1536/1189
f 508/1537/1193 509/1538/1194 507/1539/1195
f 510/1540/1196 509/1541/1194 508/1542/1193
f 510/1543/1197 511/1544/1198 509/1545/1199
f 512/1546/1200 511/1547/1198 510/1548/1197
f 512/1549/1201 513/1550/1202 511/1551/1203
f 514/1552/1204 513/1553/1202 512/1554/1201
f 514/1555/1205 515/1556/1206 513/1557/1207
f 516/1558/1208 515/1559/1206 514/1560/1205
f 516/1561/1209 517/1562/1210 515/1563/1211
f 518/1564/1212 517/1565/1210 516/1566/1209
f 518/1567/1213 519/1568/1214 517/1569/1215
f 520/1570/1216 519/1571/1214 518/1572/1213
f 520/1573/1217 521/1574/1218 519/1575/1219
f 522/1576/1220 521/1577/1218 520/1578/1217
f 522/1579/1221 523/1580/1222 521/1581/1223
f 524/1582/1224 523/1583/1222 522/1584/1221
f 524/1585/1225 525/1586/1226 523/1587/1227
f 526/1588/1228 525/1589/1226 524/1590/1225
f 526/1591/1229 527/1592/1230 525/1593/1231
f 528/1594/1232 527/1595/1230 526/1596/1229
f 528/1597/1233 529/1598/1234 527/1599/1235
f 530/1600/1236 529/1601/1234 528/1602/1233
f 530/1603/1237 531/1604/1238 529/1605/1239
f 532/1606/1240 531/1607/1238 530/1608/1237
f 532/1609/1241 533/1610/1242 531/1611/1243
f 534/1612/1244 533/1613/1242 532/1614/1241
f 534/1615/1245 535/1616/1246 533/1617/1247
f 536/1618/1248 535/1619/1246 534/1620/1245
f 536/1621/1249 537/1622/1250 535/1623/1251
f 538/1624/1252 537/1625/1250 536/1626/1249
f 538/1627/1253 539/1628/1254 537/1629/1255
f 540/1630/1256 539/1631/1254 538/1632/1253
f 540/1633/1257 541/1634/1258 539/1635/1259
f 542/1636/1260 541/1637/1258 540/1638/1257
f 542/1639/1261 543/1640/1262 541/1641/1263
f 544/1642/1264 543/1643/1262 542/1644/1261
f 544/1645/1265 545/1646/1266 543/1647/1267
f 546/1648/1268 545/1649/1266 544/1650/1265
f 546/1651/1269 547/1652/1270 545/1653/1271
f 548/1654/1272 547/1655/1270 546/1656/1269
f 548/1657/1273 549/1658/1274 547/1659/1275
f 550/1660/1276 549/1661/1274 548/1662/1273
f 550/1663/1277 551/1664/1278 549/1665/1279
f 552/1666/1280 551/1667/1278 550/1668/1277
f 552/1669/1281 553/1670/1282 551/1671/1283
f 554/1672/1284 553/1673/1282 552/1674/1281
f 554/1675/1285 555/1676/1286 553/1677/1287
f 556/1678/1288 555/1679/1286 554/1680/1285
f 556/1681/1289 557/1682/1290 555/1683/1291
f 558/1684/1292 557/1685/1290 556/1686/1289
f 558/1687/1293 559/1688/1294 557/1689/1295
f 560/1690/1296 559/1691/1294 558/1692/1293
f 560/1693/1297 561/1694/1298 559/1695/1299
f 562/1696/1300 561/1697/1298 560/1698/1297
f 562/1699/1301 563/1700/1302 561/1701/1303
f 564/1702/1304 563/1703/1302 562/1704/1301
f 564/1705/1305 495/1706/1306 563/1707/1307
f 493/1708/1308 495/1709/1306 564/1710/1305
f 565/1711/1309 550/1712/1310 548/1713/1311
f 566/1714/1312 550/1715/1310 565/1716/1309
f 566/1717/1312 552/1718/1313 550/1719/1310
f 567/1720/1314 552/1721/1313 566/1722/1312
f 567/1723/1314 554/1724/1315 552/1725/1313
f 568/1726/1316 554/1727/1315 567/1728/1314
f 568/1729/1316 556/1730/1317 554/1731/1315
f 569/1732/1318 556/1733/1317 568/1734/1316
f 569/1735/1318 558/1736/1319 556/1737/1317
f 570/1738/1320 558/1739/1319 569/1740/1318
f 570/1741/1320 560/1742/1321 558/1743/1319
f 571/1744/1322 560/1745/1321 570/1746/1320
f 571/1747/1322 562/1748/1323 560/1749/1321
f 572/1750/1324 562/1751/1323 571/1752/1322
f 572/1753/1324 564/1754/1325 562/1755/1323
f 573/1756/1326 564/1757/1325 572/1758/1324
f 573/1759/1326 493/1760/1327 564/1761/1325
f 574/1762/1328 493/1763/1327 573/1764/1326
f 574/1765/1328 496/1766/1329 493/1767/1327
f 575/1768/1330 496/1769/1329 574/1770/1328
f 575/1771/1330 498/1772/1331 496/1773/1329
f 576/1774/1332 498/1775/1331 575/1776/1330
f 576/1777/1332 500/1778/1333 498/1779/1331
f 577/1780/1334 500/1781/1333 576/1782/1332
f 577/1783/1334 502/1784/1335 500/1785/1333
f 578/1786/1336 502/1787/1335 577/1788/1334
f 578/1789/1336 504/1790/1337 502/1791/1335
f 579/1792/1338 504/1793/1337 578/1794/1336
f 579/1795/1338 506/1796/1339 504/1797/1337
f 580/1798/1340 506/1799/1339 579/1800/1338
f 580/1801/1340 508/1802/1341 506/1803/1339
f 581/1804/1342 508/1805/1341 580/1806/1340
f 581/1807/1342 510/1808/1343 508/1809/1341
f 582/1810/1344 510/1811/1343 581/1812/1342
f 582/1813/1344 512/1814/1345 510/1815/1343
f 583/1816/1346 512/1817/1345 582/1818/1344
f 583/1819/1346 514/1820/1347 512/1821/1345
f 584/1822/1348 514/1823/1347 583/1824/1346
f 584/1825/1348 516/1826/1349 514/1827/1347
f 585/1828/1350 516/1829/1349 584/1830/1348
f 585/1831/1350 518/1832/1351 516/1833/1349
f 586/1834/1352 518/1835/1351 585/1836/1350
f 586/1837/1352 520/1838/1353 518/1839/1351
f 587/1840/1354 520/1841/1353 586/1842/1352
f 587/1843/1354 522/1844/1355 520/1845/1353
f 588/1846/1356 522/1847/1355 587/1848/1354
f 588/1849/1356 524/1850/1357 522/1851/1355
f 589/1852/1358 524/1853/1357 588/1854/1356
f 589/1855/1358 526/1856/1359 524/1857/1357
f 590/1858/1360 526/1859/1359 589/1860/1358
f 590/1861/1360 528/1862/1361 526/1863/1359
f 591/1864/1362 528/1865/1361 590/1866/1360
f 591/1867/1362 530/1868/1363 528/1869/1361
f 592/1870/1364 530/1871/1363 591/1872/1362
f 592/1873/1364 532/1874/1365 530/1875/1363
f 593/1876/1366 532/1877/1365 592/1878/1364
f 593/1879/1366 534/1880/1367 532/1881/1365
f 594/1882/1368 534/1883/1367 593/1884/1366
f 594/1885/1368 536/1886/1369 534/1887/1367
f 595/1888/1370 536/1889/1369 594/1890/1368
f 595/1891/1370 538/1892/1371 536/1893/1369
f 596/1894/1372 538/1895/1371 595/1896/1370
f 596/1897/1372 540/1898/1373 538/1899/1371
f 597/1900/1374 540/1901/1373 596/1902/1372
f 597/1903/1374 542/1904/1375 540/1905/1373
f 598/1906/1376 542/1907/1375 597/1908/1374
f 598/1909/1376 544/1910/1377 542/1911/1375
f 599/1912/1378 544/1913/1377 598/1914/1376
f 599/1915/1378 546/1916/1379 544/1917/1377
f 600/1918/1380 546/1919/1379 599/1920/1378
f 600/1921/1380 548/1922/1311 546/1923/1379
f 565/1924/1309 548/1925/1311 600/1926/1380
f 601/1927/1381 602/1928/1382 603/1929/1383
f 604/1930/1384 602/1931/1385 601/1932/1386
f 605/1933/1387 603/1934/1388 606/1935/1389
f 601/1936/1390 603/1937/1388 605/1938/1387
f 607/1939/1391 606/1940/1392 608/1941/1393
f 605/1942/1394 606/1943/1395 607/1944/1396
f 609/1945/1397 610/1946/1398 611/1947/1399
f 612/1948/1400 610/1949/1401 609/1950/1402
f 613/1951/1403 612/1952/1404 614/1953/1405
f 610/1954/1406 612/1955/1404 613/1956/1403
f 615/1957/1407 614/1958/1408 616/1959/1409
f 613/1960/1410 614/1961/1411 615/1962/1412
f 617/1963/1413 613/1964/1414 618/1965/1415
f 606/1966/1416 613/1967/1414 617/1968/1413
f 606/1969/1416 610/1970/1417 613/1971/1414
f 603/1972/1418 610/1973/1417 606/1974/1416
f 603/1975/1418 619/1976/1419 610/1977/1417
f 620/1978/1420 619/1979/1419 603/1980/1418
f 609/1981/1421 602/1982/1422 604/1983/1423
f 611/1984/1424 602/1985/1422 609/1986/1421
f 611/1987/1424 620/1988/1425 602/1989/1422
f 619/1990/1426 620/1991/1425 611/1992/1424
f 613/1993/1427 615/1994/1428 618/1995/1429
f 607/1996/1430 615/1997/1431 616/1998/1432
f 608/1999/1433 615/2000/1431 607/2001/1430
f 608/2002/1433 618/2003/1434 615/2004/1431
f 617/2005/1435 618/2006/1434 608/2007/1433
f 608/2008/1436 606/2009/1437 617/2010/1438
f 201/2011/1439 621/2012/1440 622/2013/1441
f 202/2014/1442 621/2015/1443 201/2016/1444
f 202/2017/1445 623/2018/1446 621/2019/1447
f 203/2020/1448 623/2021/1449 202/2022/1450
f 203/2023/1451 624/2024/1452 623/2025/1453
f 204/2026/1454 624/2027/1455 203/2028/1456
f 204/2029/1457 625/2030/1458 624/2031/1459
f 205/2032/1460 625/2033/1461 204/2034/1462
f 205/2035/1463 626/2036/1464 625/2037/1465
f 206/2038/1466 626/2039/1467 205/2040/1468
f 206/2041/1469 627/2042/1470 626/2043/1471
f 207/2044/1472 627/2045/1473 206/2046/1474
f 207/2047/1475 628/2048/1476 627/2049/1477
f 208/2050/1478 628/2051/1479 207/2052/1480
f 208/2053/1481 629/2054/1482 628/2055/1483
f 209/2056/1484 629/2057/1485 208/2058/1486
f 209/2059/1487 630/2060/1488 629/2061/1489
f 210/2062/1490 630/2063/1491 209/2064/1492
f 210/2065/1493 631/2066/1494 630/2067/1495
f 211/2068/1496 631/2069/1497 210/2070/1498
f 211/2071/1499 632/2072/1500 631/2073/1501
f 212/2074/1502 632/2075/1503 211/2076/1504
f 212/2077/1505 633/2078/1506 632/2079/1507
f 213/2080/1508 633/2081/1509 212/2082/1510
f 213/2083/1511 634/2084/1512 633/2085/1513
f 214/2086/1514 634/2087/1515 213/2088/1516
f 214/2089/1517 635/2090/1518 634/2091/1519
f 215/2092/1520 635/2093/1521 214/2094/1522
f 215/2095/1523 636/2096/1524 635/2097/1525
f 216/2098/1526 636/2099/1527 215/2100/1528
f 216/2101/1529 637/2102/1530 636/2103/1531
f 217/2104/1532 637/2105/1533 216/2106/1534
f 217/2107/1535 638/2108/1536 637/2109/1537
f 218/2110/1538 638/2111/1539 217/2112/1540
f 218/2113/1541 639/2114/1542 638/2115/1543
f 219/2116/1544 639/2117/1545 218/2118/1546
f 219/2119/1547 640/2120/1548 639/2121/1549
f 220/2122/1550 640/2123/1551 219/2124/1552
f 220/2125/1553 641/2126/1554 640/2127/1555
f 221/2128/1556 641/2129/1557 220/2130/1558
f 221/2131/1559 642/2132/1560 641/2133/1561
f 222/2134/1562 642/2135/1563 221/2136/1564
f 222/2137/1565 643/2138/1566 642/2139/1567
f 223/2140/1568 643/2141/1569 222/2142/1570
f 223/2143/1571 644/2144/1572 643/2145/1573
f 224/2146/1574 644/2147/1575 223/2148/1576
f 224/2149/1577 645/2150/1578 644/2151/1579
f 225/2152/1580 645/2153/1581 224/2154/1582
f 225/2155/1583 646/2156/1584 645/2157/1585
f 226/2158/1586 646/2159/1587 225/2160/1588
f 226/2161/1589 647/2162/1590 646/2163/1591
f 227/2164/1592 647/2165/1593 226/2166/1594
f 227/2167/1595 648/2168/1596 647/2169/1597
f 228/2170/1598 648/2171/1599 227/2172/1600
f 228/2173/1601 649/2174/1602 648/2175/1603
f 229/2176/1604 649/2177/1605 228/2178/1606
f 229/2179/1607 650/2180/1608 649/2181/1609
f 230/2182/1610 650/2183/1611 229/2184/1612
f 230/2185/1613 651/2186/1614 650/2187/1615
f 652/2188/1616 651/2189/1617 230/2190/1618
f 652/2191/1619 653/2192/1620 651/2193/1621
f 654/2194/1622 653/2195/1623 652/2196/1624
f 654/2197/1625 655/2198/1626 653/2199/1627
f 656/2200/1628 655/2201/1629 654/2202/1630
f 656/2203/1631 657/2204/1632 655/2205/1633
f 658/2206/1634 657/2207/1635 656/2208/1636
f 658/2209/1637 659/2210/1638 657/2211/1639
f 660/2212/1640 659/2213/1641 658/2214/1642
f 660/2215/1643 661/2216/1644 659/2217/1645
f 662/2218/1646 661/2219/1647 660/2220/1648
f 662/2221/1649 663/2222/1650 661/2223/1651
f 664/2224/1652 663/2225/1653 662/2226/1654
f 664/2227/1655 665/2228/1656 663/2229/1657
f 666/2230/1658 665/2231/1659 664/2232/1660
f 666/2233/1661 667/2234/1662 665/2235/1663
f 668/2236/1664 667/2237/1665 666/2238/1666
f 668/2239/1667 669/2240/1668 667/2241/1669
f 670/2242/1670 669/2243/1671 668/2244/1672
f 670/2245/1673 671/2246/1674 669/2247/1675
f 672/2248/1676 671/2249/1677 670/2250/1678
f 672/2251/1679 673/2252/1680 671/2253/1681
f 674/2254/1682 673/2255/1683 672/2256/1684
f 674/2257/1685 675/2258/1686 673/2259/1687
f 676/2260/1688 675/2261/1689 674/2262/1690
f 676/2263/1691 677/2264/1692 675/2265/1693
f 678/2266/1694 677/2267/1695 676/2268/1696
f 678/2269/1697 679/2270/1698 677/2271/1699
f 680/2272/1700 679/2273/1701 678/2274/1702
f 680/2275/1703 681/2276/1704 679/2277/1705
f 682/2278/1706 681/2279/1707 680/2280/1708
f 682/2281/1709 683/2282/1710 681/2283/1711
f 684/2284/1712 683/2285/1713 682/2286/1714
f 684/2287/1715 685/2288/1716 683/2289/1717
f 686/2290/1718 685/2291/1719 684/2292/1720
f 686/2293/1721 687/2294/1722 685/2295/1723
f 688/2296/1724 687/2297/1725 686/2298/1726
f 688/2299/1727 689/2300/1728 687/2301/1729
f 690/2302/1730 689/2303/1731 688/2304/1732
f 690/2305/1733 691/2306/1734 689/2307/1735
f 692/2308/1736 691/2309/1737 690/2310/1738
f 692/2311/1739 693/2312/1740 691/2313/1741
f 694/2314/1742 693/2315/1743 692/2316/1744
f 694/2317/1745 695/2318/1746 693/2319/1747
f 696/2320/1748 695/2321/1749 694/2322/1750
f 696/2323/1751 697/2324/1752 695/2325/1753
f 698/2326/1754 697/2327/1755 696/2328/1756
f 698/2329/1757 699/2330/1758 697/2331/1759
f 700/2332/1760 699/2333/1761 698/2334/1762
f 700/2335/1763 701/2336/1764 699/2337/1765
f 702/2338/1766 701/2339/1767 700/2340/1768
f 702/2341/1769 703/2342/1770 701/2343/1771
f 704/2344/1772 703/2345/1773 702/2346/1774
f 704/2347/1775 705/2348/1776 703/2349/1777
f 706/2350/1778 705/2351/1779 704/2352/1780
f 706/2353/1781 622/2354/1782 705/2355/1783
f 201/2356/1784 622/2357/1785 706/2358/1786
f 707/2359/1787 356/2360/1788 357/2361/1789
f 707/2362/1790 354/2363/1791 356/2364/1792
f 708/2365/1793 354/2366/1794 707/2367/1795
f 708/2368/1796 355/2369/1797 354/2370/1798
f 361/2371/1799 355/2372/1800 708/2373/1801
f 709/2374/1802 361/2375/1803 708/2376/1804
f 709/2377/1805 360/2378/1806 361/2379/1807
f 358/2380/1808 360/2381/1809 709/2382/1810
f 710/2383/1811 358/2384/1812 709/2385/1813
f 710/2386/1814 359/2387/1815 358/2388/1816
f 365/2389/1817 359/2390/1818 710/2391/1819
f 711/2392/1820 365/2393/1821 710/2394/1822
f 711/2395/1823 364/2396/1824 365/2397/1825
f 362/2398/1826 364/2399/1827 711/2400/1828
f 712/2401/1829 362/2402/1830 711/2403/1831
f 712/2404/1832 363/2405/1833 362/2406/1834
f 369/2407/1835 363/2408/1836 712/2409/1837
f 713/2410/1838 369/2411/1839 712/2412/1840
f 713/2413/1841 368/2414/1842 369/2415/1843
f 366/2416/1844 368/2417/1845 713/2418/1846
f 714/2419/1847 366/2420/1848 713/2421/1849
f 714/2422/1850 367/2423/1851 366/2424/1852
f 715/2425/1853 367/2426/1854 714/2427/1855
f 715/2428/1856 370/2429/1857 367/2430/1858
f 371/2431/1859 370/2432/1860 715/2433/1861
f 716/2434/1862 371/2435/1863 715/2436/1864
f 716/2437/1865 372/2438/1866 371/2439/1867
f 373/2440/1868 372/2441/1869 716/2442/1870
f 717/2443/1871 373/2444/1872 716/2445/1873
f 717/2446/1874 374/2447/1875 373/2448/1876
f 375/2449/1877 374/2450/1878 717/2451/1879
f 718/2452/1880 375/2453/1881 717/2454/1882
f 718/2455/1883 376/2456/1884 375/2457/1885
f 377/2458/1886 376/2459/1887 718/2460/1888
f 719/2461/1889 377/2462/1890 718/2463/1891
f 719/2464/1892 378/2465/1893 377/2466/1894
f 379/2467/1895 378/2468/1896 719/2469/1897
f 720/2470/1898 379/2471/1899 719/2472/1900
f 720/2473/1901 380/2474/1902 379/2475/1903
f 381/2476/1904 380/2477/1905 720/2478/1906
f 721/2479/1907 381/2480/1908 720/2481/1909
f 721/2482/1910 382/2483/1911 381/2484/1912
f 383/2485/1913 382/2486/1914 721/2487/1915
f 722/2488/1916 383/2489/1917 721/2490/1918
f 722/2491/1919 384/2492/1920 383/2493/1921
f 353/2494/1922 384/2495/1923 722/2496/1924
f 722/2497/1925 723/2498/1926 353/2499/1927
f 724/2500/1928 357/2501/1929 352/2502/1930
f 707/2503/1931 357/2504/1932 724/2505/1933
f 724/2506/1934 353/2507/1935 723/2508/1936
f 352/2509/1937 353/2510/1935 724/2511/1934
f 725/2512/1938 306/2513/1939 307/2514/1940
f 725/2515/1941 304/2516/1942 306/2517/1943
f 726/2518/1944 304/2519/1945 725/2520/1946
f 726/2521/1947 305/2522/1948 304/2523/1949
f 311/2524/1950 305/2525/1951 726/2526/1952
f 727/2527/1953 311/2528/1954 726/2529/1955
f 727/2530/1956 310/2531/1957 311/2532/1958
f 308/2533/1959 310/2534/1960 727/2535/1961
f 728/2536/1962 308/2537/1963 727/2538/1964
f 728/2539/1965 309/2540/1966 308/2541/1967
f 315/2542/1968 309/2543/1969 728/2544/1970
f 729/2545/1971 315/2546/1972 728/2547/1973
f 729/2548/1974 314/2549/1975 315/2550/1976
f 312/2551/1977 314/2552/1978 729/2553/1979
f 730/2554/1980 312/2555/1981 729/2556/1982
f 730/2557/1983 313/2558/1984 312/2559/1985
f 319/2560/1986 313/2561/1987 730/2562/1988
f 731/2563/1989 319/2564/1990 730/2565/1991
f 731/2566/1992 318/2567/1993 319/2568/1994
f 316/2569/1995 318/2570/1996 731/2571/1997
f 732/2572/1998 316/2573/1999 731/2574/2000
f 732/2575/2001 317/2576/2002 316/2577/2003
f 733/2578/2004 317/2579/2005 732/2580/2006
f 733/2581/2007 320/2582/2008 317/2583/2009
f 321/2584/2010 320/2585/2011 733/2586/2012
f 734/2587/2013 321/2588/2014 733/2589/2015
f 734/2590/2016 322/2591/2017 321/2592/2018
f 323/2593/2019 322/2594/2020 734/2595/2021
f 735/2596/2022 323/2597/2023 734/2598/2024
f 735/2599/2025 324/2600/2026 323/2601/2027
f 325/2602/2028 324/2603/2029 735/2604/2030
f 736/2605/2031 325/2606/2032 735/2607/2033
f 736/2608/2034 326/2609/2035 325/2610/2036
f 327/2611/2037 326/2612/2038 736/2613/2039
f 737/2614/2040 327/2615/2041 736/2616/2042
f 737/2617/2043 328/2618/2044 327/2619/2045
f 329/2620/2046 328/2621/2047 737/2622/2048
f 738/2623/2049 329/2624/2050 737/2625/2051
f 738/2626/2052 330/2627/2053 329/2628/2054
f 331/2629/2055 330/2630/2056 738/2631/2057
f 739/2632/2058 331/2633/2059 738/2634/2060
f 739/2635/2061 332/2636/2062 331/2637/2063
f 333/2638/2064 332/2639/2065 739/2640/2066
f 740/2641/2067 333/2642/2068 739/2643/2069
f 740/2644/2070 334/2645/2071 333/2646/2072
f 303/2647/2073 334/2648/2074 740/2649/2075
f 740/2650/2076 741/2651/2077 303/2652/2078
f 742/2653/2079 307/2654/2080 302/2655/2081
f 725/2656/2082 307/2657/2083 742/2658/2084
f 742/2659/2085 303/2660/2086 741/2661/2087
f 302/2662/2088 303/2663/2086 742/2664/2085
f 743/2665/2089 744/2666/2090 745/2667/2091
f 743/2668/2092 746/2669/2093 744/2670/2094
f 747/2671/2095 746/2672/2096 743/2673/2097
f 747/2674/2095 748/2675/2098 746/2676/2096
f 749/2677/2099 748/2678/2100 747/2679/2101
f 750/2680/2102 751/2681/2103 752/2682/2104
f 753/2683/2105 751/2684/2103 750/2685/2102
f 753/2686/2106 745/2687/2107 751/2688/2108
f 754/2689/2109 745/2690/2107 753/2691/2106
f 754/2692/2109 743/2693/2110 745/2694/2107
f 755/2695/2111 743/2696/2112 754/2697/2113
f 745/2698/2107 756/2699/2114 751/2700/2108
f 745/2701/2107 757/2702/2115 756/2703/2114
f 758/2704/2116 757/2705/2115 745/2706/2107
f 758/2707/2116 759/2708/2117 757/2709/2115
f 760/2710/2118 759/2711/2117 758/2712/2116
f 760/2713/2119 761/2714/2120 759/2715/2121
f 762/2716/2122 761/2717/2120 760/2718/2119
f 757/2719/2123 763/2720/2124 756/2721/2125
f 764/2722/2126 763/2723/2124 757/2724/2123
f 747/2725/2101 765/2726/2127 749/2727/2099
f 754/2728/2113 766/2729/2128 755/2730/2111
f 760/2731/2129 767/2732/2130 768/2733/2131
f 760/2734/2132 769/2735/2133 767/2736/2134
f 758/2737/2135 769/2738/2136 760/2739/2137
f 748/2740/2098 770/2741/2138 746/2742/2096
f 745/2743/2139 771/2744/2140 772/2745/2141
f 744/2746/2142 771/2747/2143 745/2748/2144
f 744/2749/2145 773/2750/2146 771/2751/2147
f 746/2752/2148 773/2753/2149 744/2754/2150
f 746/2755/2151 774/2756/2152 773/2757/2153
f 770/2758/2154 774/2759/2155 746/2760/2156
f 775/2761/2157 745/2762/2158 772/2763/2159
f 758/2764/2160 745/2765/2158 775/2766/2157
f 768/2767/2161 776/2768/2162 777/2769/2163
f 767/2770/2164 776/2771/2165 768/2772/2166
f 767/2773/2167 778/2774/2168 776/2775/2169
f 769/2776/2170 778/2777/2171 767/2778/2172
f 769/2779/2173 775/2780/2174 778/2781/2175
f 758/2782/2176 775/2783/2177 769/2784/2178
f 779/2785/2179 768/2786/2180 777/2787/2181
f 760/2788/2182 768/2789/2180 779/2790/2179
f 780/2791/2183 760/2792/2184 779/2793/2185
f 762/2794/2186 760/2795/2187 780/2796/2188
f 781/2797/2189 762/2798/2190 780/2799/2191
f 761/2800/2192 762/2801/2190 781/2802/2189
f 782/2803/2193 761/2804/2194 781/2805/2195
f 759/2806/2196 761/2807/2197 782/2808/2198
f 783/2809/2199 759/2810/2200 782/2811/2201
f 757/2812/2202 759/2813/2200 783/2814/2199
f 784/2815/2203 757/2816/2204 783/2817/2205
f 764/2818/2206 757/2819/2207 784/2820/2208
f 785/2821/2209 764/2822/2210 784/2823/2211
f 763/2824/2212 764/2825/2210 785/2826/2209
f 786/2827/2213 763/2828/2214 785/2829/2215
f 756/2830/2216 763/2831/2217 786/2832/2218
f 787/2833/2219 756/2834/2220 786/2835/2221
f 751/2836/2222 756/2837/2220 787/2838/2219
f 788/2839/2223 751/2840/2224 787/2841/2225
f 752/2842/2226 751/2843/2227 788/2844/2228
f 789/2845/2229 752/2846/2230 788/2847/2231
f 750/2848/2232 752/2849/2230 789/2850/2229
f 790/2851/2233 750/2852/2234 789/2853/2235
f 753/2854/2236 750/2855/2237 790/2856/2238
f 791/2857/2239 753/2858/2240 790/2859/2241
f 754/2860/2242 753/2861/2240 791/2862/2239
f 792/2863/2243 754/2864/2244 791/2865/2245
f 766/2866/2246 754/2867/2247 792/2868/2248
f 793/2869/2249 766/2870/2250 792/2871/2251
f 755/2872/2252 766/2873/2250 793/2874/2249
f 794/2875/2253 755/2876/2254 793/2877/2255
f 743/2878/2256 755/2879/2257 794/2880/2258
f 795/2881/2259 743/2882/2260 794/2883/2261
f 747/2884/2262 743/2885/2260 795/2886/2259
f 796/2887/2263 747/2888/2264 795/2889/2265
f 765/2890/2266 747/2891/2267 796/2892/2268
f 797/2893/2269 765/2894/2270 796/2895/2271
f 749/2896/2272 765/2897/2270 797/2898/2269
f 798/2899/2273 749/2900/2274 797/2901/2275
f 748/2902/2276 749/2903/2277 798/2904/2278
f 774/2905/2279 748/2906/2280 798/2907/2281
f 770/2908/2282 748/2909/2280 774/2910/2279
f 799/2911/2283 800/2912/2284 801/2913/2285
f 50/2914/62 800/2915/2286 799/2916/2287
f 50/2917/62 802/2918/2288 800/2919/2286
f 803/2920/2289 802/2921/2288 50/2922/62
f 803/2923/2290 804/2924/2291 802/2925/2292
f 805/2926/2293 804/2927/2291 803/2928/2290
f 806/2929/2294 52/2930/2295 807/2931/2296
f 808/2932/2297 52/2933/2295 806/2934/2294
f 34/2935/69 33/2936/2298 50/2937/62
f 50/2937/62 33/2936/2298 32/2938/2299
f 50/2937/62 32/2938/2299 31/2939/2300
f 31/2939/2300 30/2940/2301 50/2937/62
f 50/2937/62 30/2940/2301 808/2941/2302
f 808/2941/2302 30/2940/2301 29/2942/2303
f 808/2941/2302 29/2942/2303 28/2943/2304
f 808/2941/2302 28/2943/2304 52/2944/52
f 52/2944/52 28/2943/2304 27/2945/2305
f 52/2944/52 27/2945/2305 26/2946/2306
f 26/2946/2306 25/2947/50 52/2944/52
f 809/2948/2307 50/2949/62 808/2950/2302
f 809/2951/2307 810/2952/2308 50/2953/62
f 811/2954/2309 810/2955/2310 809/2956/2311
f 809/2957/2311 812/2958/2312 811/2959/2309
f 51/2960/53 813/2961/2313 52/2962/52
f 814/2963/2314 813/2964/2313 51/2965/53
f 814/2966/2315 815/2967/2316 813/2968/2317
f 816/2969/2318 815/2970/2316 814/2971/2315
f 810/2972/2308 803/2973/2289 50/2974/62
f 799/2975/2319 817/2976/2320 50/2977/2321
f 799/2978/2322 818/2979/2323 817/2980/2324
f 819/2981/2325 818/2982/2326 799/2983/2327
f 814/2984/2328 820/2985/2329 821/2986/2330
f 814/2987/2331 822/2988/2332 820/2989/2333
f 51/2990/2334 822/2991/2335 814/2992/2336
f 800/2993/2284 823/2994/2337 801/2995/2285
f 821/2996/2338 824/2997/2339 825/2998/2340
f 820/2999/2341 824/3000/2342 821/3001/2343
f 820/3002/2344 826/3003/2345 824/3004/2346
f 822/3005/2347 826/3006/2348 820/3007/2349
f 822/3008/2350 827/3009/2351 826/3010/2352
f 51/3011/2353 827/3012/2354 822/3013/2355
f 828/3014/2356 821/3015/2357 825/3016/2358
f 814/3017/2359 821/3018/2357 828/3019/2356
f 829/3020/2360 814/3021/2361 828/3022/2362
f 816/3023/2363 814/3024/2364 829/3025/2365
f 830/3026/2366 816/3027/2367 829/3028/2368
f 815/3029/2369 816/3030/2367 830/3031/2366
f 831/3032/2370 815/3033/2371 830/3034/2372
f 813/3035/2373 815/3036/2374 831/3037/2375
f 832/3038/2376 813/3039/2377 831/3040/2378
f 52/3041/2379 813/3042/2377 832/3043/2376
f 833/3044/2380 52/3045/2381 832/3046/2382
f 807/3047/2383 52/3048/2384 833/3049/2385
f 834/3050/2386 807/3051/2387 833/3052/2388
f 806/3053/2389 807/3054/2387 834/3055/2386
f 835/3056/2390 806/3057/2391 834/3058/2392
f 808/3059/2393 806/3060/2394 835/3061/2395
f 836/3062/2396 808/3063/2397 835/3064/2398
f 809/3065/2399 808/3066/2397 836/3067/2396
f 837/3068/2400 809/3069/2401 836/3070/2402
f 812/3071/2403 809/3072/2404 837/3073/2405
f 838/3074/2406 812/3075/2407 837/3076/2408
f 811/3077/2409 812/3078/2407 838/3079/2406
f 839/3080/2410 811/3081/2411 838/3082/2412
f 810/3083/2413 811/3084/2414 839/3085/2415
f 840/3086/2416 810/3087/2417 839/3088/2418
f 803/3089/2419 810/3090/2417 840/3091/2416
f 841/3092/2420 803/3093/2421 840/3094/2422
f 805/3095/2423 803/3096/2424 841/3097/2425
f 842/3098/2426 805/3099/2427 841/3100/2428
f 804/3101/2429 805/3102/2427 842/3103/2426
f 843/3104/2430 804/3105/2431 842/3106/2432
f 802/3107/2433 804/3108/2434 843/3109/2435
f 844/3110/2436 802/3111/2437 843/3112/2438
f 800/3113/2439 802/3114/2437 844/3115/2436
f 845/3116/2440 800/3117/2441 844/3118/2442
f 823/3119/2443 800/3120/2444 845/3121/2445
f 846/3122/2446 823/3123/2447 845/3124/2448
f 801/3125/2449 823/3126/2447 846/3127/2446
f 847/3128/2450 801/3129/2451 846/3130/2452
f 799/3131/2453 801/3132/2454 847/3133/2455
f 848/3134/2456 799/3135/2457 847/3136/2458
f 819/3137/2459 799/3138/2457 848/3139/2456
f 50/3140/2460 849/3141/2461 850/3142/2462
f 817/3143/2463 849/3144/2464 50/3145/2465
f 817/3146/2466 851/3147/2467 849/3148/2468
f 818/3149/2469 851/3150/2470 817/3151/2471
f 818/3152/2472 848/3153/2473 851/3154/2474
f 819/3155/2475 848/3156/2476 818/3157/2477
f 827/3158/2478 50/3159/2479 850/3160/2480
f 51/3161/2481 50/3162/2479 827/3163/2478
f 852/3164/2482 853/3165/2483 854/3166/2484
f 852/3167/2485 855/3168/2486 853/3169/2487
f 856/3170/2488 855/3171/2489 852/3172/2490
f 852/3173/2491 857/3174/2492 858/3175/2493
f 852/3176/2494 859/3177/2495 857/3178/2496
f 854/3179/2497 859/3180/2498 852/3181/2499
f 852/3182/2500 860/3183/2501 861/3184/2502
f 852/3185/2503 862/3186/2504 860/3187/2505
f 858/3188/2506 862/3189/2507 852/3190/2508
f 852/3191/2509 863/3192/2510 864/3193/2511
f 852/3194/2512 865/3195/2513 863/3196/2514
f 861/3197/2515 865/3198/2516 852/3199/2517
f 852/3200/2518 866/3201/2519 867/3202/2520
f 852/3203/2521 868/3204/2522 866/3205/2523
f 864/3206/2524 868/3207/2525 852/3208/2526
f 852/3209/2527 869/3210/2528 870/3211/2529
f 852/3212/2530 871/3213/2531 869/3214/2532
f 867/3215/2533 871/3216/2534 852/3217/2535
f 852/3218/2536 872/3219/2537 873/3220/2538
f 852/3221/2539 874/3222/2540 872/3223/2541
f 870/3224/2542 874/3225/2543 852/3226/2544
f 852/3227/2545 875/3228/2546 876/3229/2547
f 852/3230/2548 877/3231/2549 875/3232/2550
f 873/3233/2551 877/3234/2552 852/3235/2553
f 852/3236/2503 878/3237/2554 879/3238/2555
f 852/3239/2500 880/3240/2556 878/3241/2557
f 876/3242/2558 880/3243/2559 852/3244/2560
f 852/3245/2561 881/3246/2562 882/3247/2563
f 852/3248/2564 883/3249/2565 881/3250/2566
f 879/3251/2567 883/3252/2568 852/3253/2569
f 852/3254/2570 884/3255/2571 885/3256/2572
f 852/3257/2573 886/3258/2574 884/3259/2575
f 882/3260/2576 886/3261/2577 852/3262/2578
f 852/3263/2579 887/3264/2580 856/3265/2581
f 852/3266/2582 888/3267/2583 887/3268/2584
f 885/3269/2585 888/3270/2586 852/3271/2587
f 870/3272/2588 889/3273/2589 890/3274/2590
f 869/3275/2591 889/3276/2592 870/3277/2593
f 869/3278/2594 891/3279/2595 889/3280/2596
f 871/3281/2597 891/3282/2598 869/3283/2599
f 871/3284/2600 892/3285/2601 891/3286/2602
f 867/3287/2603 892/3288/2604 871/3289/2605
f 867/3290/2606 893/3291/2607 892/3292/2608
f 866/3293/2609 893/3294/2610 867/3295/2611
f 866/3296/2612 894/3297/2613 893/3298/2614
f 868/3299/2615 894/3300/2616 866/3301/2617
f 868/3302/2618 895/3303/2619 894/3304/2620
f 864/3305/2621 895/3306/2622 868/3307/2623
f 864/3308/2624 896/3309/2625 895/3310/2626
f 863/3311/2627 896/3312/2628 864/3313/2629
f 863/3314/2630 897/3315/2631 896/3316/2632
f 865/3317/2633 897/3318/2634 863/3319/2635
f 865/3320/2636 898/3321/2637 897/3322/2638
f 861/3323/2639 898/3324/2640 865/3325/2641
f 861/3326/2642 899/3327/2643 898/3328/2644
f 860/3329/2645 899/3330/2646 861/3331/2647
f 860/3332/2648 900/3333/2649 899/3334/2650
f 862/3335/2651 900/3336/2652 860/3337/2653
f 862/3338/2654 901/3339/2655 900/3340/2656
f 858/3341/2657 901/3342/2658 862/3343/2659
f 858/3344/2660 902/3345/2661 901/3346/2662
f 857/3347/2663 902/3348/2664 858/3349/2665
f 857/3350/2666 903/3351/2667 902/3352/2668
f 859/3353/2669 903/3354/2670 857/3355/2671
f 859/3356/2672 904/3357/2673 903/3358/2674
f 854/3359/2675 904/3360/2676 859/3361/2677
f 854/3362/2678 905/3363/2679 904/3364/2680
f 853/3365/2681 905/3366/2682 854/3367/2683
f 853/3368/2684 906/3369/2685 905/3370/2686
f 855/3371/2687 906/3372/2688 853/3373/2689
f 855/3374/2690 907/3375/2691 906/3376/2692
f 856/3377/2693 907/3378/2694 855/3379/2695
f 856/3380/2696 908/3381/2697 907/3382/2698
f 887/3383/2699 908/3384/2700 856/3385/2701
f 887/3386/2702 909/3387/2703 908/3388/2704
f 888/3389/2705 909/3390/2706 887/3391/2707
f 888/3392/2708 910/3393/2709 909/3394/2710
f 885/3395/2711 910/3396/2712 888/3397/2713
f 885/3398/2714 911/3399/2715 910/3400/2716
f 884/3401/2717 911/3402/2718 885/3403/2719
f 884/3404/2720 912/3405/2721 911/3406/2722
f 886/3407/2723 912/3408/2724 884/3409/2725
f 886/3410/2726 913/3411/2727 912/3412/2728
f 882/3413/2729 913/3414/2730 886/3415/2731
f 882/3416/2732 914/3417/2733 913/3418/2734
f 881/3419/2735 914/3420/2736 882/3421/2737
f 881/3422/2738 915/3423/2739 914/3424/2740
f 883/3425/2741 915/3426/2742 881/3427/2743
f 883/3428/2744 916/3429/2745 915/3430/2746
f 879/3431/2747 916/3432/2748 883/3433/2749
f 879/3434/2750 917/3435/2751 916/3436/2752
f 878/3437/2753 917/3438/2754 879/3439/2755
f 878/3440/2756 918/3441/2757 917/3442/2758
f 880/3443/2759 918/3444/2760 878/3445/2761
f 880/3446/2762 919/3447/2763 918/3448/2764
f 876/3449/2765 919/3450/2766 880/3451/2767
f 876/3452/2768 920/3453/2769 919/3454/2770
f 875/3455/2771 920/3456/2772 876/3457/2773
f 875/3458/2774 921/3459/2775 920/3460/2776
f 877/3461/2777 921/3462/2778 875/3463/2779
f 877/3464/2780 922/3465/2781 921/3466/2782
f 873/3467/2783 922/3468/2784 877/3469/2785
f 873/3470/2786 923/3471/2787 922/3472/2788
f 872/3473/2789 923/3474/2790 873/3475/2791
f 872/3476/2792 924/3477/2793 923/3478/2794
f 874/3479/2795 924/3480/2796 872/3481/2797
f 874/3482/2798 890/3483/2799 924/3484/2800
f 870/3485/2801 890/3486/2802 874/3487/2803
f 925/3488/2804 926/3489/2805 927/3490/2806
f 925/3491/2807 928/3492/2808 926/3493/2809
f 929/3494/2810 928/3495/2811 925/3496/2812
f 925/3497/2813 930/3498/2814 931/3499/2815
f 925/3500/2816 932/3501/2817 930/3502/2818
f 927/3503/2819 932/3504/2820 925/3505/2821
f 925/3506/2822 933/3507/2823 934/3508/2824
f 925/3509/2825 935/3510/2826 933/3511/2827
f 931/3512/2828 935/3513/2829 925/3514/2830
f 925/3515/2831 936/3516/2832 937/3517/2833
f 925/3518/2834 938/3519/2835 936/3520/2836
f 934/3521/2837 938/3522/2838 925/3523/2839
f 925/3524/2840 939/3525/2841 940/3526/2842
f 925/3527/2843 941/3528/2844 939/3529/2845
f 937/3530/2846 941/3531/2847 925/3532/2848
f 925/3533/2849 942/3534/2850 943/3535/2851
f 925/3536/2852 944/3537/2853 942/3538/2854
f 940/3539/2855 944/3540/2856 925/3541/2857
f 925/3542/2858 945/3543/2859 946/3544/2860
f 925/3545/2861 947/3546/2862 945/3547/2863
f 943/3548/2864 947/3549/2865 925/3550/2866
f 925/3551/2867 948/3552/2868 949/3553/2869
f 925/3554/2870 950/3555/2871 948/3556/2872
f 946/3557/2873 950/3558/2874 925/3559/2875
f 925/3560/2825 951/3561/2876 952/3562/2877
f 925/3563/2822 953/3564/2878 951/3565/2879
f 949/3566/2880 953/3567/2881 925/3568/2882
f 925/3569/2883 954/3570/2884 955/3571/2885
f 925/3572/2886 956/3573/2887 954/3574/2888
f 952/3575/2889 956/3576/2890 925/3577/2891
f 925/3578/2892 957/3579/2893 958/3580/2894
f 925/3581/2895 959/3582/2896 957/3583/2897
f 955/3584/2898 959/3585/2899 925/3586/2900
f 925/3587/2901 960/3588/2902 929/3589/2903
f 925/3590/2904 961/3591/2905 960/3592/2906
f 958/3593/2907 961/3594/2908 925/3595/2909
f 943/3596/2910 962/3597/2911 963/3598/2912
f 942/3599/2913 962/3600/2914 943/3601/2915
f 942/3602/2916 964/3603/2917 962/3604/2918
f 944/3605/2919 964/3606/2920 942/3607/2921
f 944/3608/2922 965/3609/2923 964/3610/2924
f 940/3611/2925 965/3612/2926 944/3613/2927
f 940/3614/2928 966/3615/2929 965/3616/2930
f 939/3617/2931 966/3618/2932 940/3619/2933
f 939/3620/2934 967/3621/2935 966/3622/2936
f 941/3623/2937 967/3624/2938 939/3625/2939
f 941/3626/2940 968/3627/2941 967/3628/2942
f 937/3629/2943 968/3630/2944 941/3631/2945
f 937/3632/2946 969/3633/2947 968/3634/2948
f 936/3635/2949 969/3636/2950 937/3637/2951
f 936/3638/2952 970/3639/2953 969/3640/2954
f 938/3641/2955 970/3642/2956 936/3643/2957
f 938/3644/2958 971/3645/2959 970/3646/2960
f 934/3647/2961 971/3648/2962 938/3649/2963
f 934/3650/2964 972/3651/2965 971/3652/2966
f 933/3653/2967 972/3654/2968 934/3655/2969
f 933/3656/2970 973/3657/2971 972/3658/2972
f 935/3659/2973 973/3660/2974 933/3661/2975
f 935/3662/2976 974/3663/2977 973/3664/2978
f 931/3665/2979 974/3666/2980 935/3667/2981
f 931/3668/2982 975/3669/2983 974/3670/2984
f 930/3671/2985 975/3672/2986 931/3673/2987
f 930/3674/2988 976/3675/2989 975/3676/2990
f 932/3677/2991 976/3678/2992 930/3679/2993
f 932/3680/2994 977/3681/2995 976/3682/2996
f 927/3683/2997 977/3684/2998 932/3685/2999
f 927/3686/3000 978/3687/3001 977/3688/3002
f 926/3689/3003 978/3690/3004 927/3691/3005
f 926/3692/3006 979/3693/3007 978/3694/3008
f 928/3695/3009 979/3696/3010 926/3697/3011
f 928/3698/3012 980/3699/3013 979/3700/3014
f 929/3701/3015 980/3702/3016 928/3703/3017
f 929/3704/3018 981/3705/3019 980/3706/3020
f 960/3707/3021 981/3708/3022 929/3709/3023
f 960/3710/3024 982/3711/3025 981/3712/3026
f 961/3713/3027 982/3714/3028 960/3715/3029
f 961/3716/3030 983/3717/3031 982/3718/3032
f 958/3719/3033 983/3720/3034 961/3721/3035
f 958/3722/3036 984/3723/3037 983/3724/3038
f 957/3725/3039 984/3726/3040 958/3727/3041
f 957/3728/3042 985/3729/3043 984/3730/3044
f 959/3731/3045 985/3732/3046 957/3733/3047
f 959/3734/3048 986/3735/3049 985/3736/3050
f 955/3737/3051 986/3738/3052 959/3739/3053
f 955/3740/3054 987/3741/3055 986/3742/3056
f 954/3743/3057 987/3744/3058 955/3745/3059
f 954/3746/3060 988/3747/3061 987/3748/3062
f 956/3749/3063 988/3750/3064 954/3751/3065
f 956/3752/3066 989/3753/3067 988/3754/3068
f 952/3755/3069 989/3756/3070 956/3757/3071
f 952/3758/3072 990/3759/3073 989/3760/3074
f 951/3761/3075 990/3762/3076 952/3763/3077
f 951/3764/3078 991/3765/3079 990/3766/3080
f 953/3767/3081 991/3768/3082 951/3769/3083
f 953/3770/3084 992/3771/3085 991/3772/3086
f 949/3773/3087 992/3774/3088 953/3775/3089
f 949/3776/3090 993/3777/3091 992/3778/3092
f 948/3779/3093 993/3780/3094 949/3781/3095
f 948/3782/3096 994/3783/3097 993/3784/3098
f 950/3785/3099 994/3786/3100 948/3787/3101
f 950/3788/3102 995/3789/3103 994/3790/3104
f 946/3791/3105 995/3792/3106 950/3793/3107
f 946/3794/3108 996/3795/3109 995/3796/3110
f 945/3797/3111 996/3798/3112 946/3799/3113
f 945/3800/3114 997/3801/3115 996/3802/3116
f 947/3803/3117 997/3804/3118 945/3805/3119
f 947/3806/3120 963/3807/3121 997/3808/3122
f 943/3809/3123 963/3810/3124 947/3811/3125
f 998/3812/3126 999/3813/3127 1000/3814/3128
f 998/3815/3129 1001/3816/3130 999/3817/3131
f 1002/3818/3132 1001/3819/3133 998/3820/3134
f 998/3821/3135 1003/3822/3136 1004/3823/3137
f 998/3824/3138 1005/3825/3139 1003/3826/3140
f 1000/3827/3141 1005/3828/3142 998/3829/3143
f 998/3830/3144 1006/3831/3145 1007/3832/3146
f 998/3833/3147 1008/3834/3148 1006/3835/3149
f 1004/3836/3150 1008/3837/3151 998/3838/3152
f 998/3839/3153 1009/3840/3154 1010/3841/3155
f 998/3842/3156 1011/3843/3157 1009/3844/3158
f 1007/3845/3159 1011/3846/3160 998/3847/3161
f 998/3848/3162 1012/3849/3163 1013/3850/3164
f 998/3851/3165 1014/3852/3166 1012/3853/3167
f 1010/3854/3168 1014/3855/3169 998/3856/3170
f 998/3857/3171 1015/3858/3172 1016/3859/3173
f 998/3860/3174 1017/3861/3175 1015/3862/3176
f 1013/3863/3177 1017/3864/3178 998/3865/3179
f 998/3866/3180 1018/3867/3181 1019/3868/3182
f 998/3869/3183 1020/3870/3184 1018/3871/3185
f 1016/3872/3186 1020/3873/3187 998/3874/3188
f 998/3875/3189 1021/3876/3190 1022/3877/3191
f 998/3878/3192 1023/3879/3193 1021/3880/3194
f 1019/3881/3195 1023/3882/3196 998/3883/3197
f 998/3884/3147 1024/3885/3198 1025/3886/3199
f 998/3887/3144 1026/3888/3200 1024/3889/3201
f 1022/3890/3202 1026/3891/3203 998/3892/3204
f 998/3893/3205 1027/3894/3206 1028/3895/3207
f 998/3896/3208 1029/3897/3209 1027/3898/3210
f 1025/3899/3211 1029/3900/3212 998/3901/3213
f 998/3902/3214 1030/3903/3215 1031/3904/3216
f 998/3905/3217 1032/3906/3218 1030/3907/3219
f 1028/3908/3220 1032/3909/3221 998/3910/3222
f 998/3911/3223 1033/3912/3224 1002/3913/3225
f 998/3914/3226 1034/3915/3227 1033/3916/3228
f 1031/3917/3229 1034/3918/3230 998/3919/3231
f 1016/3920/3232 1035/3921/3233 1036/3922/3234
f 1015/3923/3235 1035/3924/3236 1016/3925/3237
f 1015/3926/3238 1037/3927/3239 1035/3928/3240
f 1017/3929/3241 1037/3930/3242 1015/3931/3243
f 1017/3932/3244 1038/3933/3245 1037/3934/3246
f 1013/3935/3247 1038/3936/3248 1017/3937/3249
f 1013/3938/3250 1039/3939/3251 1038/3940/3252
f 1012/3941/3253 1039/3942/3254 1013/3943/3255
f 1012/3944/3256 1040/3945/3257 1039/3946/3258
f 1014/3947/3259 1040/3948/3260 1012/3949/3261
f 1014/3950/3262 1041/3951/3263 1040/3952/3264
f 1010/3953/3265 1041/3954/3266 1014/3955/3267
f 1010/3956/3268 1042/3957/3269 1041/3958/3270
f 1009/3959/3271 1042/3960/3272 1010/3961/3273
f 1009/3962/3274 1043/3963/3275 1042/3964/3276
f 1011/3965/3277 1043/3966/3278 1009/3967/3279
f 1011/3968/3280 1044/3969/3281 1043/3970/3282
f 1007/3971/3283 1044/3972/3284 1011/3973/3285
f 1007/3974/3286 1045/3975/3287 1044/3976/3288
f 1006/3977/3289 1045/3978/3290 1007/3979/3291
f 1006/3980/3292 1046/3981/3293 1045/3982/3294
f 1008/3983/3295 1046/3984/3296 1006/3985/3297
f 1008/3986/3298 1047/3987/3299 1046/3988/3300
f 1004/3989/3301 1047/3990/3302 1008/3991/3303
f 1004/3992/3304 1048/3993/3305 1047/3994/3306
f 1003/3995/3307 1048/3996/3308 1004/3997/3309
f 1003/3998/3310 1049/3999/3311 1048/4000/3312
f 1005/4001/3313 1049/4002/3314 1003/4003/3315
f 1005/4004/3316 1050/4005/3317 1049/4006/3318
f 1000/4007/3319 1050/4008/3320 1005/4009/3321
f 1000/4010/3322 1051/4011/3323 1050/4012/3324
f 999/4013/3325 1051/4014/3326 1000/4015/3327
f 999/4016/3328 1052/4017/3329 1051/4018/3330
f 1001/4019/3331 1052/4020/3332 999/4021/3333
f 1001/4022/3334 1053/4023/3335 1052/4024/3336
f 1002/4025/3337 1053/4026/3338 1001/4027/3339
f 1002/4028/3340 1054/4029/3341 1053/4030/3342
f 1033/4031/3343 1054/4032/3344 1002/4033/3345
f 1033/4034/3346 1055/4035/3347 1054/4036/3348
f 1034/4037/3349 1055/4038/3350 1033/4039/3351
f 1034/4040/3352 1056/4041/3353 1055/4042/3354
f 1031/4043/3355 1056/4044/3356 1034/4045/3357
f 1031/4046/3358 1057/4047/3359 1056/4048/3360
f 1030/4049/3361 1057/4050/3362 1031/4051/3363
f 1030/4052/3364 1058/4053/3365 1057/4054/3366
f 1032/4055/3367 1058/4056/3368 1030/4057/3369
f 1032/4058/3370 1059/4059/3371 1058/4060/3372
f 1028/4061/3373 1059/4062/3374 1032/4063/3375
f 1028/4064/3376 1060/4065/3377 1059/4066/3378
f 1027/4067/3379 1060/4068/3380 1028/4069/3381
f 1027/4070/3382 1061/4071/3383 1060/4072/3384
f 1029/4073/3385 1061/4074/3386 1027/4075/3387
f 1029/4076/3388 1062/4077/3389 1061/4078/3390
f 1025/4079/3391 1062/4080/3392 1029/4081/3393
f 1025/4082/3394 1063/4083/3395 1062/4084/3396
f 1024/4085/3397 1063/4086/3398 1025/4087/3399
f 1024/4088/3400 1064/4089/3401 1063/4090/3402
f 1026/4091/3403 1064/4092/3404 1024/4093/3405
f 1026/4094/3406 1065/4095/3407 1064/4096/3408
f 1022/4097/3409 1065/4098/3410 1026/4099/3411
f 1022/4100/3412 1066/4101/3413 1065/4102/3414
f 1021/4103/3415 1066/4104/3416 1022/4105/3417
f 1021/4106/3418 1067/4107/3419 1066/4108/3420
f 1023/4109/3421 1067/4110/3422 1021/4111/3423
f 1023/4112/3424 1068/4113/3425 1067/4114/3426
f 1019/4115/3427 1068/4116/3428 1023/4117/3429
f 1019/4118/3430 1069/4119/3431 1068/4120/3432
f 1018/4121/3433 1069/4122/3434 1019/4123/3435
f 1018/4124/3436 1070/4125/3437 1069/4126/3438
f 1020/4127/3439 1070/4128/3440 1018/4129/3441
f 1020/4130/3442 1036/4131/3443 1070/4132/3444
f 1016/4133/3445 1036/4134/3446 1020/4135/3447
f 1071/4136/3448 1072/4137/3449 1073/4138/3450
f 1071/4139/3451 1074/4140/3452 1072/4141/3453
f 1075/4142/3454 1074/4143/3455 1071/4144/3456
f 1071/4145/3457 1076/4146/3458 1077/4147/3459
f 1071/4148/3460 1078/4149/3461 1076/4150/3462
f 1073/4151/3463 1078/4152/3464 1071/4153/3465
f 1071/4154/3466 1079/4155/3467 1080/4156/3468
f 1071/4157/3469 1081/4158/3470 1079/4159/3471
f 1077/4160/3472 1081/4161/3473 1071/4162/3474
f 1071/4163/3475 1082/4164/3476 1083/4165/3477
f 1071/4166/3478 1084/4167/3479 1082/4168/3480
f 1080/4169/3481 1084/4170/3482 1071/4171/3483
f 1071/4172/3484 1085/4173/3485 1086/4174/3486
f 1071/4175/3487 1087/4176/3488 1085/4177/3489
f 1083/4178/3490 1087/4179/3491 1071/4180/3492
f 1071/4181/3493 1088/4182/3494 1089/4183/3495
f 1071/4184/3496 1090/4185/3497 1088/4186/3498
f 1086/4187/3499 1090/4188/3500 1071/4189/3501
f 1071/4190/3502 1091/4191/3503 1092/4192/3504
f 1071/4193/3505 1093/4194/3506 1091/4195/3507
f 1089/4196/3508 1093/4197/3509 1071/4198/3510
f 1071/4199/3511 1094/4200/3512 1095/4201/3513
f 1071/4202/3514 1096/4203/3515 1094/4204/3516
f 1092/4205/3517 1096/4206/3518 1071/4207/3519
f 1071/4208/3469 1097/4209/3520 1098/4210/3521
f 1071/4211/3466 1099/4212/3522 1097/4213/3523
f 1095/4214/3524 1099/4215/3525 1071/4216/3526
f 1071/4217/3527 1100/4218/3528 1101/4219/3529
f 1071/4220/3530 1102/4221/3531 1100/4222/3532
f 1098/4223/3533 1102/4224/3534 1071/4225/3535
f 1071/4226/3536 1103/4227/3537 1104/4228/3538
f 1071/4229/3539 1105/4230/3540 1103/4231/3541
f 1101/4232/3542 1105/4233/3543 1071/4234/3544
f 1071/4235/3545 1106/4236/3546 1075/4237/3547
f 1071/4238/3548 1107/4239/3549 1106/4240/3550
f 1104/4241/3551 1107/4242/3552 1071/4243/3553
f 1089/4244/3554 1108/4245/3555 1109/4246/3556
f 1088/4247/3557 1108/4248/3558 1089/4249/3559
f 1088/4250/3560 1110/4251/3561 1108/4252/3562
f 1090/4253/3563 1110/4254/3564 1088/4255/3565
f 1090/4256/3566 1111/4257/3567 1110/4258/3568
f 1086/4259/3569 1111/4260/3570 1090/4261/3571
f 1086/4262/3572 1112/4263/3573 1111/4264/3574
f 1085/4265/3575 1112/4266/3576 1086/4267/3577
f 1085/4268/3578 1113/4269/3579 1112/4270/3580
f 1087/4271/3581 1113/4272/3582 1085/4273/3583
f 1087/4274/3584 1114/4275/3585 1113/4276/3586
f 1083/4277/3587 1114/4278/3588 1087/4279/3589
f 1083/4280/3590 1115/4281/3591 1114/4282/3592
f 1082/4283/3593 1115/4284/3594 1083/4285/3595
f 1082/4286/3596 1116/4287/3597 1115/4288/3598
f 1084/4289/3599 1116/4290/3600 1082/4291/3601
f 1084/4292/3602 1117/4293/3603 1116/4294/3604
f 1080/4295/3605 1117/4296/3606 1084/4297/3607
f 1080/4298/3608 1118/4299/3609 1117/4300/3610
f 1079/4301/3611 1118/4302/3612 1080/4303/3613
f 1079/4304/3614 1119/4305/3615 1118/4306/3616
f 1081/4307/3617 1119/4308/3618 1079/4309/3619
f 1081/4310/3620 1120/4311/3621 1119/4312/3622
f 1077/4313/3623 1120/4314/3624 1081/4315/3625
f 1077/4316/3626 1121/4317/3627 1120/4318/3628
f 1076/4319/3629 1121/4320/3630 1077/4321/3631
f 1076/4322/3632 1122/4323/3633 1121/4324/3634
f 1078/4325/3635 1122/4326/3636 1076/4327/3637
f 1078/4328/3638 1123/4329/3639 1122/4330/3640
f 1073/4331/3641 1123/4332/3642 1078/4333/3643
f 1073/4334/3644 1124/4335/3645 1123/4336/3646
f 1072/4337/3647 1124/4338/3648 1073/4339/3649
f 1072/4340/3650 1125/4341/3651 1124/4342/3652
f 1074/4343/3653 1125/4344/3654 1072/4345/3655
f 1074/4346/3656 1126/4347/3657 1125/4348/3658
f 1075/4349/3659 1126/4350/3660 1074/4351/3661
f 1075/4352/3662 1127/4353/3663 1126/4354/3664
f 1106/4355/3665 1127/4356/3666 1075/4357/3667
f 1106/4358/3668 1128/4359/3669 1127/4360/3670
f 1107/4361/3671 1128/4362/3672 1106/4363/3673
f 1107/4364/3674 1129/4365/3675 1128/4366/3676
f 1104/4367/3677 1129/4368/3678 1107/4369/3679
f 1104/4370/3680 1130/4371/3681 1129/4372/3682
f 1103/4373/3683 1130/4374/3684 1104/4375/3685
f 1103/4376/3686 1131/4377/3687 1130/4378/3688
f 1105/4379/3689 1131/4380/3690 1103/4381/3691
f 1105/4382/3692 1132/4383/3693 1131/4384/3694
f 1101/4385/3695 1132/4386/3696 1105/4387/3697
f 1101/4388/3698 1133/4389/3699 1132/4390/3700
f 1100/4391/3701 1133/4392/3702 1101/4393/3703
f 1100/4394/3704 1134/4395/3705 1133/4396/3706
f 1102/4397/3707 1134/4398/3708 1100/4399/3709
f 1102/4400/3710 1135/4401/3711 1134/4402/3712
f 1098/4403/3713 1135/4404/3714 1102/4405/3715
f 1098/4406/3716 1136/4407/3717 1135/4408/3718
f 1097/4409/3719 1136/4410/3720 1098/4411/3721
f 1097/4412/3722 1137/4413/3723 1136/4414/3724
f 1099/4415/3725 1137/4416/3726 1097/4417/3727
f 1099/4418/3728 1138/4419/3729 1137/4420/3730
f 1095/4421/3731 1138/4422/3732 1099/4423/3733
f 1095/4424/3734 1139/4425/3735 1138/4426/3736
f 1094/4427/3737 1139/4428/3738 1095/4429/3739
f 1094/4430/3740 1140/4431/3741 1139/4432/3742
f 1096/4433/3743 1140/4434/3744 1094/4435/3745
f 1096/4436/3746 1141/4437/3747 1140/4438/3748
f 1092/4439/3749 1141/4440/3750 1096/4441/3751
f 1092/4442/3752 1142/4443/3753 1141/4444/3754
f 1091/4445/3755 1142/4446/3756 1092/4447/3757
f 1091/4448/3758 1143/4449/3759 1142/4450/3760
f 1093/4451/3761 1143/4452/3762 1091/4453/3763
f 1093/4454/3764 1109/4455/3765 1143/4456/3766
f 1089/4457/3767 1109/4458/3768 1093/4459/3769
f 1144/4460/3770 1145/4461/3771 1146/4462/3772
f 1147/4463/3773 1145/4464/3771 1144/4465/3770
f 1148/4466/3774 1144/4467/3775 1149/4468/3776
f 1147/4469/3777 1144/4470/3775 1148/4471/3774
f 1150/4472/3778 1145/4473/3779 1151/4474/3780
f 1146/4475/3781 1145/4476/3779 1150/4477/3778
f 1149/4478/3782 1146/4479/3783 1150/4480/3784
f 1144/4481/3785 1146/4482/3783 1149/4483/3782
f 1152/4484/3786 1153/4485/3787 1154/4486/3788
f 1155/4487/3789 1153/4488/3787 1152/4489/3786
f 1156/4490/3790 1152/4491/3791 1157/4492/3792
f 1155/4493/3793 1152/4494/3791 1156/4495/3790
f 1158/4496/3794 1153/4497/3795 1159/4498/3796
f 1154/4499/3797 1153/4500/3795 1158/4501/3794
f 1160/4502/3798 1161/4503/3799 1162/4504/3800
f 1163/4505/3801 1161/4506/3799 1160/4507/3798
f 1164/4508/3802 1160/4509/3803 1165/4510/3804
f 1163/4511/3805 1160/4512/3803 1164/4513/3802
f 1166/4514/3806 1163/4515/3807 1164/4516/3808
f 1161/4517/3809 1163/4518/3807 1166/4519/3806
f 1167/4520/3810 1161/4521/3811 1166/4522/3812
f 1162/4523/3813 1161/4524/3811 1167/4525/3810
f 1168/4526/3814 1169/4527/3815 1170/4528/3816
f 1171/4529/3817 1169/4530/3815 1168/4531/3814
f 1172/4532/3818 1168/4533/3819 1173/4534/3820
f 1171/4535/3821 1168/4536/3819 1172/4537/3818
f 1174/4538/3822 1169/4539/3823 1175/4540/3824
f 1170/4541/3825 1169/4542/3823 1174/4543/3822
f 1176/4544/3826 1177/4545/3827 1178/4546/3828
f 1179/4547/3829 1177/4548/3827 1176/4549/3826
f 1180/4550/3830 1176/4551/3831 1181/4552/3832
f 1179/4553/3833 1176/4554/3831 1180/4555/3830
f 1182/4556/3834 1177/4557/3835 1183/4558/3836
f 1178/4559/3837 1177/4560/3835 1182/4561/3834
f 1184/4562/3838 1185/4563/3839 1186/4564/3840
f 1187/4565/3841 1185/4566/3839 1184/4567/3838
f 1188/4568/3842 1184/4569/3843 1189/4570/3844
f 1187/4571/3845 1184/4572/3843 1188/4573/3842
f 1190/4574/3846 1185/4575/3847 1191/4576/3848
f 1186/4577/3849 1185/4578/3847 1190/4579/3846
f 1192/4580/3850 1193/4581/3851 1194/4582/3852
f 1195/4583/3853 1193/4584/3851 1192/4585/3850
f 1196/4586/3854 1192/4587/3855 1197/4588/3856
f 1195/4589/3857 1192/4590/3855 1196/4591/3854
f 1198/4592/3858 1193/4593/3859 1199/4594/3860
f 1194/4595/3861 1193/4596/3859 1198/4597/3858
f 1200/4598/3862 1201/4599/3863 1202/4600/3864
f 1200/4601/3865 1203/4602/3866 1201/4603/3867
f 1204/4604/3868 1203/4605/3869 1200/4606/3870
f 1200/4607/3871 1205/4608/3872 1206/4609/3873
f 1200/4610/3874 1207/4611/3875 1205/4612/3876
f 1202/4613/3877 1207/4614/3878 1200/4615/3879
f 1200/4616/3880 1208/4617/3881 1209/4618/3882
f 1200/4619/3883 1210/4620/3884 1208/4621/3885
f 1206/4622/3886 1210/4623/3887 1200/4624/3888
f 1200/4625/3889 1211/4626/3890 1212/4627/3891
f 1200/4628/3892 1213/4629/3893 1211/4630/3894
f 1209/4631/3895 1213/4632/3896 1200/4633/3897
f 1200/4634/3898 1214/4635/3899 1215/4636/3900
f 1200/4637/3901 1216/4638/3902 1214/4639/3903
f 1212/4640/3904 1216/4641/3905 1200/4642/3906
f 1200/4643/3907 1217/4644/3908 1218/4645/3909
f 1200/4646/3910 1219/4647/3911 1217/4648/3912
f 1215/4649/3913 1219/4650/3914 1200/4651/3915
f 1200/4652/3916 1220/4653/3917 1221/4654/3918
f 1200/4655/3919 1222/4656/3920 1220/4657/3921
f 1218/4658/3922 1222/4659/3923 1200/4660/3924
f 1200/4661/3925 1223/4662/3926 1224/4663/3927
f 1200/4664/3928 1225/4665/3929 1223/4666/3930
f 1221/4667/3931 1225/4668/3932 1200/4669/3933
f 1200/4670/3883 1226/4671/3934 1227/4672/3935
f 1200/4673/3880 1228/4674/3936 1226/4675/3937
f 1224/4676/3938 1228/4677/3939 1200/4678/3940
f 1200/4679/3941 1229/4680/3942 1230/4681/3943
f 1200/4682/3944 1231/4683/3945 1229/4684/3946
f 1227/4685/3947 1231/4686/3948 1200/4687/3949
f 1200/4688/3950 1232/4689/3951 1233/4690/3952
f 1200/4691/3953 1234/4692/3954 1232/4693/3955
f 1230/4694/3956 1234/4695/3957 1200/4696/3958
f 1200/4697/3959 1235/4698/3960 1204/4699/3961
f 1200/4700/3962 1236/4701/3963 1235/4702/3964
f 1233/4703/3965 1236/4704/3966 1200/4705/3967
f 1204/4706/3968 1237/4707/3969 1238/4708/3970
f 1235/4709/3971 1237/4710/3972 1204/4711/3973
f 1235/4712/3974 1239/4713/3975 1237/4714/3976
f 1236/4715/3977 1239/4716/3978 1235/4717/3979
f 1236/4718/3980 1240/4719/3981 1239/4720/3982
f 1233/4721/3983 1240/4722/3984 1236/4723/3985
f 1233/4724/3986 1241/4725/3987 1240/4726/3988
f 1232/4727/3989 1241/4728/3990 1233/4729/3991
f 1232/4730/3992 1242/4731/3993 1241/4732/3994
f 1234/4733/3995 1242/4734/3996 1232/4735/3997
f 1234/4736/3998 1243/4737/3999 1242/4738/4000
f 1230/4739/4001 1243/4740/4002 1234/4741/4003
f 1230/4742/4004 1244/4743/4005 1243/4744/4006
f 1229/4745/4007 1244/4746/4008 1230/4747/4009
f 1229/4748/4010 1245/4749/4011 1244/4750/4012
f 1231/4751/4013 1245/4752/4014 1229/4753/4015
f 1231/4754/4016 1246/4755/4017 1245/4756/4018
f 1227/4757/4019 1246/4758/4020 1231/4759/4021
f 1227/4760/4022 1247/4761/4023 1246/4762/4024
f 1226/4763/4025 1247/4764/4026 1227/4765/4027
f 1226/4766/4028 1248/4767/4029 1247/4768/4030
f 1228/4769/4031 1248/4770/4032 1226/4771/4033
f 1228/4772/4034 1249/4773/4035 1248/4774/4036
f 1224/4775/4037 1249/4776/4038 1228/4777/4039
f 1224/4778/4040 1250/4779/4041 1249/4780/4042
f 1223/4781/4043 1250/4782/4044 1224/4783/4045
f 1223/4784/4046 1251/4785/4047 1250/4786/4048
f 1225/4787/4049 1251/4788/4050 1223/4789/4051
f 1225/4790/4052 1252/4791/4053 1251/4792/4054
f 1221/4793/4055 1252/4794/4056 1225/4795/4057
f 1221/4796/4058 1253/4797/4059 1252/4798/4060
f 1220/4799/4061 1253/4800/4062 1221/4801/4063
f 1220/4802/4064 1254/4803/4065 1253/4804/4066
f 1222/4805/4067 1254/4806/4068 1220/4807/4069
f 1222/4808/4070 1255/4809/4071 1254/4810/4072
f 1218/4811/4073 1255/4812/4074 1222/4813/4075
f 1218/4814/4076 1256/4815/4077 1255/4816/4078
f 1217/4817/4079 1256/4818/4080 1218/4819/4081
f 1217/4820/4082 1257/4821/4083 1256/4822/4084
f 1219/4823/4085 1257/4824/4086 1217/4825/4087
f 1219/4826/4088 1258/4827/4089 1257/4828/4090
f 1215/4829/4091 1258/4830/4092 1219/4831/4093
f 1215/4832/4094 1259/4833/4095 1258/4834/4096
f 1214/4835/4097 1259/4836/4098 1215/4837/4099
f 1214/4838/4100 1260/4839/4101 1259/4840/4102
f 1216/4841/4103 1260/4842/4104 1214/4843/4105
f 1216/4844/4106 1261/4845/4107 1260/4846/4108
f 1212/4847/4109 1261/4848/4110 1216/4849/4111
f 1212/4850/4112 1262/4851/4113 1261/4852/4114
f 1211/4853/4115 1262/4854/4116 1212/4855/4117
f 1211/4856/4118 1263/4857/4119 1262/4858/4120
f 1213/4859/4121 1263/4860/4122 1211/4861/4123
f 1213/4862/4124 1264/4863/4125 1263/4864/4126
f 1209/4865/4127 1264/4866/4128 1213/4867/4129
f 1209/4868/4130 1265/4869/4131 1264/4870/4132
f 1208/4871/4133 1265/4872/4134 1209/4873/4135
f 1208/4874/4136 1266/4875/4137 1265/4876/4138
f 1210/4877/4139 1266/4878/4140 1208/4879/4141
f 1210/4880/4142 1267/4881/4143 1266/4882/4144
f 1206/4883/4145 1267/4884/4146 1210/4885/4147
f 1206/4886/4148 1268/4887/4149 1267/4888/4150
f 1205/4889/4151 1268/4890/4152 1206/4891/4153
f 1205/4892/4154 1269/4893/4155 1268/4894/4156
f 1207/4895/4157 1269/4896/4158 1205/4897/4159
f 1207/4898/4160 1270/4899/4161 1269/4900/4162
f 1202/4901/4163 1270/4902/4164 1207/4903/4165
f 1202/4904/4166 1271/4905/4167 1270/4906/4168
f 1201/4907/4169 1271/4908/4170 1202/4909/4171
f 1201/4910/4172 1272/4911/4173 1271/4912/4174
f 1203/4913/4175 1272/4914/4176 1201/4915/4177
f 1203/4916/4178 1238/4917/4179 1272/4918/4180
f 1204/4919/4181 1238/4920/4182 1203/4921/4183
f 1273/4922/4184 1274/4923/4185 1275/4924/4186
f 1273/4925/4187 1276/4926/4188 1274/4927/4189
f 1277/4928/4190 1276/4929/4191 1273/4930/4192
f 1273/4931/4193 1278/4932/4194 1279/4933/4195
f 1273/4934/4196 1280/4935/4197 1278/4936/4198
f 1275/4937/4199 1280/4938/4200 1273/4939/4201
f 1273/4940/4202 1281/4941/4203 1282/4942/4204
f 1273/4943/4205 1283/4944/4206 1281/4945/4207
f 1279/4946/4208 1283/4947/4209 1273/4948/4210
f 1273/4949/4211 1284/4950/4212 1285/4951/4213
f 1273/4952/4214 1286/4953/4215 1284/4954/4216
f 1282/4955/4217 1286/4956/4218 1273/4957/4219
f 1273/4958/4220 1287/4959/4221 1288/4960/4222
f 1273/4961/4223 1289/4962/4224 1287/4963/4225
f 1285/4964/4226 1289/4965/4227 1273/4966/4228
f 1273/4967/4229 1290/4968/4230 1291/4969/4231
f 1273/4970/4232 1292/4971/4233 1290/4972/4234
f 1288/4973/4235 1292/4974/4236 1273/4975/4237
f 1273/4976/4238 1293/4977/4239 1294/4978/4240
f 1273/4979/4241 1295/4980/4242 1293/4981/4243
f 1291/4982/4244 1295/4983/4245 1273/4984/4246
f 1273/4985/4247 1296/4986/4248 1297/4987/4249
f 1273/4988/4250 1298/4989/4251 1296/4990/4252
f 1294/4991/4253 1298/4992/4254 1273/4993/4255
f 1273/4994/4205 1299/4995/4256 1300/4996/4257
f 1273/4997/4202 1301/4998/4258 1299/4999/4259
f 1297/5000/4260 1301/5001/4261 1273/5002/4262
f 1273/5003/4263 1302/5004/4264 1303/5005/4265
f 1273/5006/4266 1304/5007/4267 1302/5008/4268
f 1300/5009/4269 1304/5010/4270 1273/5011/4271
f 1273/5012/4272 1305/5013/4273 1306/5014/4274
f 1273/5015/4275 1307/5016/4276 1305/5017/4277
f 1303/5018/4278 1307/5019/4279 1273/5020/4280
f 1273/5021/4281 1308/5022/4282 1277/5023/4283
f 1273/5024/4284 1309/5025/4285 1308/5026/4286
f 1306/5027/4287 1309/5028/4288 1273/5029/4289
f 1277/5030/4290 1310/5031/4291 1311/5032/4292
f 1308/5033/4293 1310/5034/4294 1277/5035/4295
f 1308/5036/4296 1312/5037/4297 1310/5038/4298
f 1309/5039/4299 1312/5040/4300 1308/5041/4301
f 1309/5042/4302 1313/5043/4303 1312/5044/4304
f 1306/5045/4305 1313/5046/4306 1309/5047/4307
f 1306/5048/4308 1314/5049/4309 1313/5050/4310
f 1305/5051/4311 1314/5052/4312 1306/5053/4313
f 1305/5054/4314 1315/5055/4315 1314/5056/4316
f 1307/5057/4317 1315/5058/4318 1305/5059/4319
f 1307/5060/4320 1316/5061/4321 1315/5062/4322
f 1303/5063/4323 1316/5064/4324 1307/5065/4325
f 1303/5066/4326 1317/5067/4327 1316/5068/4328
f 1302/5069/4329 1317/5070/4330 1303/5071/4331
f 1302/5072/4332 1318/5073/4333 1317/5074/4334
f 1304/5075/4335 1318/5076/4336 1302/5077/4337
f 1304/5078/4338 1319/5079/4339 1318/5080/4340
f 1300/5081/4341 1319/5082/4342 1304/5083/4343
f 1300/5084/4344 1320/5085/4345 1319/5086/4346
f 1299/5087/4347 1320/5088/4348 1300/5089/4349
f 1299/5090/4350 1321/5091/4351 1320/5092/4352
f 1301/5093/4353 1321/5094/4354 1299/5095/4355
f 1301/5096/4356 1322/5097/4357 1321/5098/4358
f 1297/5099/4359 1322/5100/4360 1301/5101/4361
f 1297/5102/4362 1323/5103/4363 1322/5104/4364
f 1296/5105/4365 1323/5106/4366 1297/5107/4367
f 1296/5108/4368 1324/5109/4369 1323/5110/4370
f 1298/5111/4371 1324/5112/4372 1296/5113/4373
f 1298/5114/4374 1325/5115/4375 1324/5116/4376
f 1294/5117/4377 1325/5118/4378 1298/5119/4379
f 1294/5120/4380 1326/5121/4381 1325/5122/4382
f 1293/5123/4383 1326/5124/4384 1294/5125/4385
f 1293/5126/4386 1327/5127/4387 1326/5128/4388
f 1295/5129/4389 1327/5130/4390 1293/5131/4391
f 1295/5132/4392 1328/5133/4393 1327/5134/4394
f 1291/5135/4395 1328/5136/4396 1295/5137/4397
f 1291/5138/4398 1329/5139/4399 1328/5140/4400
f 1290/5141/4401 1329/5142/4402 1291/5143/4403
f 1290/5144/4404 1330/5145/4405 1329/5146/4406
f 1292/5147/4407 1330/5148/4408 1290/5149/4409
f 1292/5150/4410 1331/5151/4411 1330/5152/4412
f 1288/5153/4413 1331/5154/4414 1292/5155/4415
f 1288/5156/4416 1332/5157/4417 1331/5158/4418
f 1287/5159/4419 1332/5160/4420 1288/5161/4421
f 1287/5162/4422 1333/5163/4423 1332/5164/4424
f 1289/5165/4425 1333/5166/4426 1287/5167/4427
f 1289/5168/4428 1334/5169/4429 1333/5170/4430
f 1285/5171/4431 1334/5172/4432 1289/5173/4433
f 1285/5174/4434 1335/5175/4435 1334/5176/4436
f 1284/5177/4437 1335/5178/4438 1285/5179/4439
f 1284/5180/4440 1336/5181/4441 1335/5182/4442
f 1286/5183/4443 1336/5184/4444 1284/5185/4445
f 1286/5186/4446 1337/5187/4447 1336/5188/4448
f 1282/5189/4449 1337/5190/4450 1286/5191/4451
f 1282/5192/4452 1338/5193/4453 1337/5194/4454
f 1281/5195/4455 1338/5196/4456 1282/5197/4457
f 1281/5198/4458 1339/5199/4459 1338/5200/4460
f 1283/5201/4461 1339/5202/4462 1281/5203/4463
f 1283/5204/4464 1340/5205/4465 1339/5206/4466
f 1279/5207/4467 1340/5208/4468 1283/5209/4469
f 1279/5210/4470 1341/5211/4471 1340/5212/4472
f 1278/5213/4473 1341/5214/4474 1279/5215/4475
f 1278/5216/4476 1342/5217/4477 1341/5218/4478
f 1280/5219/4479 1342/5220/4480 1278/5221/4481
f 1280/5222/4482 1343/5223/4483 1342/5224/4484
f 1275/5225/4485 1343/5226/4486 1280/5227/4487
f 1275/5228/4488 1344/5229/4489 1343/5230/4490
f 1274/5231/4491 1344/5232/4492 1275/5233/4493
f 1274/5234/4494 1345/5235/4495 1344/5236/4496
f 1276/5237/4497 1345/5238/4498 1274/5239/4499
f 1276/5240/4500 1311/5241/4501 1345/5242/4502
f 1277/5243/4503 1311/5244/4504 1276/5245/4505
f 1346/5246/4506 1347/5247/4507 1348/5248/4508
f 1346/5249/4509 1349/5250/4510 1347/5251/4511
f 1350/5252/4512 1349/5253/4513 1346/5254/4514
f 1346/5255/4515 1351/5256/4516 1352/5257/4517
f 1346/5258/4518 1353/5259/4519 1351/5260/4520
f 1348/5261/4521 1353/5262/4522 1346/5263/4523
f 1346/5264/4524 1354/5265/4525 1355/5266/4526
f 1346/5267/4527 1356/5268/4528 1354/5269/4529
f 1352/5270/4530 1356/5271/4531 1346/5272/4532
f 1346/5273/4533 1357/5274/4534 1358/5275/4535
f 1346/5276/4536 1359/5277/4537 1357/5278/4538
f 1355/5279/4539 1359/5280/4540 1346/5281/4541
f 1346/5282/4542 1360/5283/4543 1361/5284/4544
f 1346/5285/4545 1362/5286/4546 1360/5287/4547
f 1358/5288/4548 1362/5289/4549 1346/5290/4550
f 1346/5291/4551 1363/5292/4552 1364/5293/4553
f 1346/5294/4554 1365/5295/4555 1363/5296/4556
f 1361/5297/4557 1365/5298/4558 1346/5299/4559
f 1346/5300/4560 1366/5301/4561 1367/5302/4562
f 1346/5303/4563 1368/5304/4564 1366/5305/4565
f 1364/5306/4566 1368/5307/4567 1346/5308/4568
f 1346/5309/4569 1369/5310/4570 1370/5311/4571
f 1346/5312/4572 1371/5313/4573 1369/5314/4574
f 1367/5315/4575 1371/5316/4576 1346/5317/4577
f 1346/5318/4527 1372/5319/4578 1373/5320/4579
f 1346/5321/4524 1374/5322/4580 1372/5323/4581
f 1370/5324/4582 1374/5325/4583 1346/5326/4584
f 1346/5327/4585 1375/5328/4586 1376/5329/4587
f 1346/5330/4588 1377/5331/4589 1375/5332/4590
f 1373/5333/4591 1377/5334/4592 1346/5335/4593
f 1346/5336/4594 1378/5337/4595 1379/5338/4596
f 1346/5339/4597 1380/5340/4598 1378/5341/4599
f 1376/5342/4600 1380/5343/4601 1346/5344/4602
f 1346/5345/4603 1381/5346/4604 1350/5347/4605
f 1346/5348/4606 1382/5349/4607 1381/5350/4608
f 1379/5351/4609 1382/5352/4610 1346/5353/4611
f 1350/5354/4612 1383/5355/4613 1384/5356/4614
f 1381/5357/4615 1383/5358/4616 1350/5359/4617
f 1381/5360/4618 1385/5361/4619 1383/5362/4620
f 1382/5363/4621 1385/5364/4622 1381/5365/4623
f 1382/5366/4624 1386/5367/4625 1385/5368/4626
f 1379/5369/4627 1386/5370/4628 1382/5371/4629
f 1379/5372/4630 1387/5373/4631 1386/5374/4632
f 1378/5375/4633 1387/5376/4634 1379/5377/4635
f 1378/5378/4636 1388/5379/4637 1387/5380/4638
f 1380/5381/4639 1388/5382/4640 1378/5383/4641
f 1380/5384/4642 1389/5385/4643 1388/5386/4644
f 1376/5387/4645 1389/5388/4646 1380/5389/4647
f 1376/5390/4648 1390/5391/4649 1389/5392/4650
f 1375/5393/4651 1390/5394/4652 1376/5395/4653
f 1375/5396/4654 1391/5397/4655 1390/5398/4656
f 1377/5399/4657 1391/5400/4658 1375/5401/4659
f 1377/5402/4660 1392/5403/4661 1391/5404/4662
f 1373/5405/4663 1392/5406/4664 1377/5407/4665
f 1373/5408/4666 1393/5409/4667 1392/5410/4668
f 1372/5411/4669 1393/5412/4670 1373/5413/4671
f 1372/5414/4672 1394/5415/4673 1393/5416/4674
f 1374/5417/4675 1394/5418/4676 1372/5419/4677
f 1374/5420/4678 1395/5421/4679 1394/5422/4680
f 1370/5423/4681 1395/5424/4682 1374/5425/4683
f 1370/5426/4684 1396/5427/4685 1395/5428/4686
f 1369/5429/4687 1396/5430/4688 1370/5431/4689
f 1369/5432/4690 1397/5433/4691 1396/5434/4692
f 1371/5435/4693 1397/5436/4694 1369/5437/4695
f 1371/5438/4696 1398/5439/4697 1397/5440/4698
f 1367/5441/4699 1398/5442/4700 1371/5443/4701
f 1367/5444/4702 1399/5445/4703 1398/5446/4704
f 1366/5447/4705 1399/5448/4706 1367/5449/4707
f 1366/5450/4708 1400/5451/4709 1399/5452/4710
f 1368/5453/4711 1400/5454/4712 1366/5455/4713
f 1368/5456/4714 1401/5457/4715 1400/5458/4716
f 1364/5459/4717 1401/5460/4718 1368/5461/4719
f 1364/5462/4720 1402/5463/4721 1401/5464/4722
f 1363/5465/4723 1402/5466/4724 1364/5467/4725
f 1363/5468/4726 1403/5469/4727 1402/5470/4728
f 1365/5471/4729 1403/5472/4730 1363/5473/4731
f 1365/5474/4732 1404/5475/4733 1403/5476/4734
f 1361/5477/4735 1404/5478/4736 1365/5479/4737
f 1361/5480/4738 1405/5481/4739 1404/5482/4740
f 1360/5483/4741 1405/5484/4742 1361/5485/4743
f 1360/5486/4744 1406/5487/4745 1405/5488/4746
f 1362/5489/4747 1406/5490/4748 1360/5491/4749
f 1362/5492/4750 1407/5493/4751 1406/5494/4752
f 1358/5495/4753 1407/5496/4754 1362/5497/4755
f 1358/5498/4756 1408/5499/4757 1407/5500/4758
f 1357/5501/4759 1408/5502/4760 1358/5503/4761
f 1357/5504/4762 1409/5505/4763 1408/5506/4764
f 1359/5507/4765 1409/5508/4766 1357/5509/4767
f 1359/5510/4768 1410/5511/4769 1409/5512/4770
f 1355/5513/4771 1410/5514/4772 1359/5515/4773
f 1355/5516/4774 1411/5517/4775 1410/5518/4776
f 1354/5519/4777 1411/5520/4778 1355/5521/4779
f 1354/5522/4780 1412/5523/4781 1411/5524/4782
f 1356/5525/4783 1412/5526/4784 1354/5527/4785
f 1356/5528/4786 1413/5529/4787 1412/5530/4788
f 1352/5531/4789 1413/5532/4790 1356/5533/4791
f 1352/5534/4792 1414/5535/4793 1413/5536/4794
f 1351/5537/4795 1414/5538/4796 1352/5539/4797
f 1351/5540/4798 1415/5541/4799 1414/5542/4800
f 1353/5543/4801 1415/5544/4802 1351/5545/4803
f 1353/5546/4804 1416/5547/4805 1415/5548/4806
f 1348/5549/4807 1416/5550/4808 1353/5551/4809
f 1348/5552/4810 1417/5553/4811 1416/5554/4812
f 1347/5555/4813 1417/5556/4814 1348/5557/4815
f 1347/5558/4816 1418/5559/4817 1417/5560/4818
f 1349/5561/4819 1418/5562/4820 1347/5563/4821
f 1349/5564/4822 1384/5565/4823 1418/5566/4824
f 1350/5567/4825 1384/5568/4826 1349/5569/4827
f 1419/5570/4828 1420/5571/4829 1421/5572/4830
f 1419/5573/4831 1422/5574/4832 1420/5575/4833
f 1423/5576/4834 1422/5577/4835 1419/5578/4836
f 1419/5579/4837 1424/5580/4838 1425/5581/4839
f 1419/5582/4840 1426/5583/4841 1424/5584/4842
f 1421/5585/4843 1426/5586/4844 1419/5587/4845
f 1419/5588/4846 1427/5589/4847 1428/5590/4848
f 1419/5591/4849 1429/5592/4850 1427/5593/4851
f 1425/5594/4852 1429/5595/4853 1419/5596/4854
f 1419/5597/4855 1430/5598/4856 1431/5599/4857
f 1419/5600/4858 1432/5601/4859 1430/5602/4860
f 1428/5603/4861 1432/5604/4862 1419/5605/4863
f 1419/5606/4864 1433/5607/4865 1434/5608/4866
f 1419/5609/4867 1435/5610/4868 1433/5611/4869
f 1431/5612/4870 1435/5613/4871 1419/5614/4872
f 1419/5615/4873 1436/5616/4874 1437/5617/4875
f 1419/5618/4876 1438/5619/4877 1436/5620/4878
f 1434/5621/4879 1438/5622/4880 1419/5623/4881
f 1419/5624/4882 1439/5625/4883 1440/5626/4884
f 1419/5627/4885 1441/5628/4886 1439/5629/4887
f 1437/5630/4888 1441/5631/4889 1419/5632/4890
f 1419/5633/4891 1442/5634/4892 1443/5635/4893
f 1419/5636/4894 1444/5637/4895 1442/5638/4896
f 1440/5639/4897 1444/5640/4898 1419/5641/4899
f 1419/5642/4849 1445/5643/4900 1446/5644/4901
f 1419/5645/4846 1447/5646/4902 1445/5647/4903
f 1443/5648/4904 1447/5649/4905 1419/5650/4906
f 1419/5651/4907 1448/5652/4908 1449/5653/4909
f 1419/5654/4910 1450/5655/4911 1448/5656/4912
f 1446/5657/4913 1450/5658/4914 1419/5659/4915
f 1419/5660/4916 1451/5661/4917 1452/5662/4918
f 1419/5663/4919 1453/5664/4920 1451/5665/4921
f 1449/5666/4922 1453/5667/4923 1419/5668/4924
f 1419/5669/4925 1454/5670/4926 1423/5671/4927
f 1419/5672/4928 1455/5673/4929 1454/5674/4930
f 1452/5675/4931 1455/5676/4932 1419/5677/4933
f 1423/5678/4934 1456/5679/4935 1457/5680/4936
f 1454/5681/4937 1456/5682/4938 1423/5683/4939
f 1454/5684/4940 1458/5685/4941 1456/5686/4942
f 1455/5687/4943 1458/5688/4944 1454/5689/4945
f 1455/5690/4946 1459/5691/4947 1458/5692/4948
f 1452/5693/4949 1459/5694/4950 1455/5695/4951
f 1452/5696/4952 1460/5697/4953 1459/5698/4954
f 1451/5699/4955 1460/5700/4956 1452/5701/4957
f 1451/5702/4958 1461/5703/4959 1460/5704/4960
f 1453/5705/4961 1461/5706/4962 1451/5707/4963
f 1453/5708/4964 1462/5709/4965 1461/5710/4966
f 1449/5711/4967 1462/5712/4968 1453/5713/4969
f 1449/5714/4970 1463/5715/4971 1462/5716/4972
f 1448/5717/4973 1463/5718/4974 1449/5719/4975
f 1448/5720/4976 1464/5721/4977 1463/5722/4978
f 1450/5723/4979 1464/5724/4980 1448/5725/4981
f 1450/5726/4982 1465/5727/4983 1464/5728/4984
f 1446/5729/4985 1465/5730/4986 1450/5731/4987
f 1446/5732/4988 1466/5733/4989 1465/5734/4990
f 1445/5735/4991 1466/5736/4992 1446/5737/4993
f 1445/5738/4994 1467/5739/4995 1466/5740/4996
f 1447/5741/4997 1467/5742/4998 1445/5743/4999
f 1447/5744/5000 1468/5745/5001 1467/5746/5002
f 1443/5747/5003 1468/5748/5004 1447/5749/5005
f 1443/5750/5006 1469/5751/5007 1468/5752/5008
f 1442/5753/5009 1469/5754/5010 1443/5755/5011
f 1442/5756/5012 1470/5757/5013 1469/5758/5014
f 1444/5759/5015 1470/5760/5016 1442/5761/5017
f 1444/5762/5018 1471/5763/5019 1470/5764/5020
f 1440/5765/5021 1471/5766/5022 1444/5767/5023
f 1440/5768/5024 1472/5769/5025 1471/5770/5026
f 1439/5771/5027 1472/5772/5028 1440/5773/5029
f 1439/5774/5030 1473/5775/5031 1472/5776/5032
f 1441/5777/5033 1473/5778/5034 1439/5779/5035
f 1441/5780/5036 1474/5781/5037 1473/5782/5038
f 1437/5783/5039 1474/5784/5040 1441/5785/5041
f 1437/5786/5042 1475/5787/5043 1474/5788/5044
f 1436/5789/5045 1475/5790/5046 1437/5791/5047
f 1436/5792/5048 1476/5793/5049 1475/5794/5050
f 1438/5795/5051 1476/5796/5052 1436/5797/5053
f 1438/5798/5054 1477/5799/5055 1476/5800/5056
f 1434/5801/5057 1477/5802/5058 1438/5803/5059
f 1434/5804/5060 1478/5805/5061 1477/5806/5062
f 1433/5807/5063 1478/5808/5064 1434/5809/5065
f 1433/5810/5066 1479/5811/5067 1478/5812/5068
f 1435/5813/5069 1479/5814/5070 1433/5815/5071
f 1435/5816/5072 1480/5817/5073 1479/5818/5074
f 1431/5819/5075 1480/5820/5076 1435/5821/5077
f 1431/5822/5078 1481/5823/5079 1480/5824/5080
f 1430/5825/5081 1481/5826/5082 1431/5827/5083
f 1430/5828/5084 1482/5829/5085 1481/5830/5086
f 1432/5831/5087 1482/5832/5088 1430/5833/5089
f 1432/5834/5090 1483/5835/5091 1482/5836/5092
f 1428/5837/5093 1483/5838/5094 1432/5839/5095
f 1428/5840/5096 1484/5841/5097 1483/5842/5098
f 1427/5843/5099 1484/5844/5100 1428/5845/5101
f 1427/5846/5102 1485/5847/5103 1484/5848/5104
f 1429/5849/5105 1485/5850/5106 1427/5851/5107
f 1429/5852/5108 1486/5853/5109 1485/5854/5110
f 1425/5855/5111 1486/5856/5112 1429/5857/5113
f 1425/5858/5114 1487/5859/5115 1486/5860/5116
f 1424/5861/5117 1487/5862/5118 1425/5863/5119
f 1424/5864/5120 1488/5865/5121 1487/5866/5122
f 1426/5867/5123 1488/5868/5124 1424/5869/5125
f 1426/5870/5126 1489/5871/5127 1488/5872/5128
f 1421/5873/5129 1489/5874/5130 1426/5875/5131
f 1421/5876/5132 1490/5877/5133 1489/5878/5134
f 1420/5879/5135 1490/5880/5136 1421/5881/5137
f 1420/5882/5138 1491/5883/5139 1490/5884/5140
f 1422/5885/5141 1491/5886/5142 1420/5887/5143
f 1422/5888/5144 1457/5889/5145 1491/5890/5146
f 1423/5891/5147 1457/5892/5148 1422/5893/5149
f 1492/5894/5150 282/5895/5151 1493/5896/5152
f 281/5897/5153 282/5898/5154 1492/5899/5155
f 283/5900/5156 1494/5901/5157 284/5902/5158
f 1495/5903/5159 1494/5904/5160 283/5905/5161
f 1496/5906/5162 256/5907/5163 1497/5908/5164
f 257/5909/5165 256/5910/5166 1496/5911/5167
f 255/5912/5168 1498/5913/5169 254/5914/5170
f 1499/5915/5171 1498/5916/5172 255/5917/5173
f 1500/5918/5174 1501/5919/5175 1502/5920/5176
f 1503/5921/5177 1501/5922/5175 1500/5923/5174
f 1504/5924/5178 1500/5925/5179 1505/5926/5180
f 1503/5927/5181 1500/5928/5179 1504/5929/5178
f 1506/5930/5182 1503/5931/5183 1504/5932/5184
f 1501/5933/5185 1503/5934/5183 1506/5935/5182
f 1507/5936/5186 1501/5937/5187 1506/5938/5188
f 1502/5939/5189 1501/5940/5187 1507/5941/5186
f 1508/5942/5190 1509/5943/5191 1510/5944/5192
f 1511/5945/5193 1509/5946/5191 1508/5947/5190
f 1512/5948/5194 1508/5949/5195 1513/5950/5196
f 1511/5951/5197 1508/5952/5195 1512/5953/5194
f 1514/5954/5198 1509/5955/5199 1515/5956/5200
f 1510/5957/5201 1509/5958/5199 1514/5959/5198
f 1516/5960/5202 1517/5961/5203 1518/5962/5204
f 1519/5963/5205 1517/5964/5203 1516/5965/5202
f 1520/5966/5206 1516/5967/5207 1521/5968/5208
f 1519/5969/5209 1516/5970/5207 1520/5971/5206
f 1522/5972/5210 1517/5973/5211 1523/5974/5212
f 1518/5975/5213 1517/5976/5211 1522/5977/5210
f 1524/5978/5214 1525/5979/5215 1526/5980/5216
f 1527/5981/5217 1525/5982/5215 1524/5983/5214
f 1528/5984/5218 1524/5985/5219 1529/5986/5220
f 1527/5987/5221 1524/5988/5219 1528/5989/5218
f 1530/5990/5222 1525/5991/5223 1531/5992/5224
f 1526/5993/5225 1525/5994/5223 1530/5995/5222
f 1532/5996/5226 1533/5997/5227 1534/5998/5228
f 1535/5999/5229 1533/6000/5227 1532/6001/5226
f 1536/6002/5230 1532/6003/5231 1537/6004/5232
f 1535/6005/5233 1532/6006/5231 1536/6007/5230
f 1538/6008/5234 1533/6009/5235 1539/6010/5236
f 1534/6011/5237 1533/6012/5235 1538/6013/5234
f 1540/6014/5238 1541/6015/5239 1542/6016/5240
f 1543/6017/5241 1541/6018/5239 1540/6019/5238
f 1544/6020/5242 1540/6021/5243 1545/6022/5244
f 1543/6023/5245 1540/6024/5243 1544/6025/5242
f 1546/6026/5246 1541/6027/5247 1547/6028/5248
f 1542/6029/5249 1541/6030/5247 1546/6031/5246
f 1548/6032/5250 1549/6033/5251 1550/6034/5252
f 1551/6035/5253 1549/6036/5251 1548/6037/5250
f 1552/6038/5254 1548/6039/5255 1553/6040/5256
f 1551/6041/5257 1548/6042/5255 1552/6043/5254
f 1554/6044/5258 1549/6045/5259 1555/6046/5260
f 1550/6047/5261 1549/6048/5259 1554/6049/5258
f 1553/6050/5262 1550/6051/5263 1554/6052/5264
f 1548/6053/5265 1550/6054/5263 1553/6055/5262
f 1556/6056/5266 1557/6057/5267 1558/6058/5268
f 1556/6059/5266 1559/6060/5269 1557/6061/5267
f 1560/6062/5270 1559/6063/5269 1556/6064/5266
f 1556/6065/5266 1561/6066/5271 1560/6067/5270
f 1556/6068/5266 1562/6069/5272 1561/6070/5271
f 1563/6071/5273 1562/6072/5272 1556/6073/5266
f 1563/6074/5273 1564/6075/5274 1562/6076/5272
f 1565/6077/5275 1564/6078/5274 1563/6079/5273
f 1566/6080/5276 1563/6081/5273 1567/6082/5277
f 1565/6083/5275 1563/6084/5273 1566/6085/5276
f 1558/6086/5268 1568/6087/5278 1556/6088/5266
f 1569/6089/5279 1556/6090/5280 1570/6091/5281
f 1563/6092/5282 1556/6093/5280 1569/6094/5279
f 1571/6095/5283 1563/6096/5284 1569/6097/5285
f 1567/6098/5286 1563/6099/5284 1571/6100/5283
f 1558/6101/5287 1572/6102/5288 1568/6103/5289
f 1558/6104/5287 1573/6105/5290 1572/6106/5288
f 1557/6107/5291 1573/6108/5292 1558/6109/5293
f 1557/6110/5291 1574/6111/5294 1573/6112/5292
f 1559/6113/5295 1574/6114/5296 1557/6115/5297
f 1559/6116/5295 1575/6117/5298 1574/6118/5296
f 1560/6119/5299 1575/6120/5300 1559/6121/5301
f 1560/6122/5299 1576/6123/5302 1575/6124/5300
f 1561/6125/5303 1576/6126/5304 1560/6127/5305
f 1561/6128/5303 1577/6129/5306 1576/6130/5304
f 1562/6131/5307 1577/6132/5308 1561/6133/5309
f 1562/6134/5307 1578/6135/5310 1577/6136/5308
f 1564/6137/5311 1578/6138/5312 1562/6139/5313
f 1564/6140/5311 1579/6141/5314 1578/6142/5312
f 1565/6143/5315 1579/6144/5316 1564/6145/5317
f 1565/6146/5315 1580/6147/5318 1579/6148/5316
f 1566/6149/5319 1580/6150/5320 1565/6151/5321
f 1566/6152/5319 1581/6153/5322 1580/6154/5320
f 1567/6155/5323 1581/6156/5324 1566/6157/5325
f 1567/6158/5323 1571/6159/5326 1581/6160/5324
f 1570/6161/5327 1568/6162/5328 1572/6163/5329
f 1556/6164/5330 1568/6165/5328 1570/6166/5327
f 1582/6167/5331 1583/6168/5332 1584/6169/5333
f 1582/6170/5331 1585/6171/5334 1583/6172/5332
f 1586/6173/5335 1585/6174/5334 1582/6175/5331
f 1582/6176/5331 1587/6177/5336 1586/6178/5335
f 1582/6179/5331 1588/6180/5337 1587/6181/5336
f 1589/6182/5338 1588/6183/5337 1582/6184/5331
f 1589/6185/5338 1590/6186/5339 1588/6187/5337
f 1591/6188/5340 1590/6189/5339 1589/6190/5338
f 1589/6191/5338 1592/6192/5341 1591/6193/5340
f 1589/6194/5338 1593/6195/5342 1592/6196/5341
f 1594/6197/5343 1593/6198/5342 1589/6199/5338
f 1583/6200/5344 1595/6201/5345 1584/6202/5346
f 1583/6203/5344 1596/6204/5347 1595/6205/5345
f 1585/6206/5348 1596/6207/5349 1583/6208/5350
f 1585/6209/5348 1597/6210/5351 1596/6211/5349
f 1586/6212/5352 1597/6213/5353 1585/6214/5354
f 1586/6215/5352 1598/6216/5355 1597/6217/5353
f 1587/6218/5356 1598/6219/5357 1586/6220/5358
f 1587/6221/5356 1599/6222/5359 1598/6223/5357
f 1588/6224/5360 1599/6225/5361 1587/6226/5362
f 1588/6227/5360 1600/6228/5363 1599/6229/5361
f 1590/6230/5364 1600/6231/5365 1588/6232/5366
f 1590/6233/5364 1601/6234/5367 1600/6235/5365
f 1591/6236/5368 1601/6237/5369 1590/6238/5370
f 1591/6239/5368 1602/6240/5371 1601/6241/5369
f 1592/6242/5372 1602/6243/5373 1591/6244/5374
f 1592/6245/5372 1603/6246/5375 1602/6247/5373
f 1593/6248/5376 1603/6249/5377 1592/6250/5378
f 1593/6251/5376 1604/6252/5379 1603/6253/5377
f 1594/6254/5380 1604/6255/5381 1593/6256/5382
f 1594/6257/5380 1605/6258/5383 1604/6259/5381
f 1606/6260/5384 1584/6261/5385 1595/6262/5386
f 1582/6263/5387 1584/6264/5385 1606/6265/5384
f 1607/6266/5388 1582/6267/5389 1606/6268/5390
f 1589/6269/5391 1582/6270/5389 1607/6271/5388
f 1605/6272/5392 1589/6273/5393 1607/6274/5394
f 1594/6275/5395 1589/6276/5393 1605/6277/5392
f 1608/6278/5396 1609/6279/5397 1610/6280/5398
f 1611/6281/5399 1609/6282/5397 1608/6283/5396
f 1612/6284/5400 1613/6285/5401 1614/6286/5402
f 1615/6287/5403 1613/6288/5401 1612/6289/5400
f 1616/6290/5404 1617/6291/5405 1618/6292/5406
f 1619/6293/5407 1617/6294/5405 1616/6295/5404
f 1620/6296/5408 1621/6297/5409 1622/6298/5410
f 1623/6299/5411 1621/6300/5409 1620/6301/5408
f 1624/6302/5412 1625/6303/5413 1626/6304/5414
f 1627/6305/5415 1625/6306/5413 1624/6307/5412
f 1628/6308/5416 1629/6309/5417 1630/6310/5418
f 1631/6311/5419 1629/6312/5417 1628/6313/5416
f 1632/6314/5420 1633/6315/5421 1634/6316/5422
f 1635/6317/5423 1633/6318/5421 1632/6319/5420
f 1636/6320/5424 1637/6321/5425 1638/6322/5426
f 1639/6323/5427 1637/6324/5425 1636/6325/5424
f 1640/6326/5428 1641/6327/5429 1642/6328/5430
f 1643/6329/5431 1641/6330/5429 1640/6331/5428
f 1644/6332/5432 1645/6333/5433 1646/6334/5434
f 1647/6335/5435 1645/6336/5433 1644/6337/5432
f 1648/6338/5436 1649/6339/5437 1650/6340/5438
f 1651/6341/5439 1649/6342/5437 1648/6343/5436
f 1652/6344/5440 1653/6345/5441 1654/6346/5442
f 1655/6347/5443 1653/6348/5441 1652/6349/5440
f 1653/6350/5444 848/6351/5445 847/6352/5446
f 1653/6353/5444 1656/6354/5447 848/6355/5445
f 1655/6356/5448 1656/6357/5447 1653/6358/5444
f 1656/6359/5449 1552/6360/5450 1657/6361/5451
f 1656/6362/5449 1555/6363/5452 1552/6364/5450
f 1655/6365/5453 1555/6366/5452 1656/6367/5449
f 1655/6368/5453 1658/6369/5454 1555/6370/5452
f 1652/6371/5455 1658/6372/5454 1655/6373/5453
f 1555/6374/5452 1551/6375/5456 1552/6376/5450
f 1549/6377/5457 1551/6378/5456 1555/6379/5452
f 1654/6380/5458 1658/6381/5459 1652/6382/5460
f 1659/6383/5461 1658/6384/5459 1654/6385/5458
f 1545/6386/5462 1653/6387/5463 846/6388/5464
f 1546/6389/5465 1653/6390/5463 1545/6391/5462
f 1546/6392/5465 1654/6393/5466 1653/6394/5463
f 1659/6395/5467 1654/6396/5466 1546/6397/5465
f 1545/6398/5462 1542/6399/5468 1546/6400/5465
f 1540/6401/5469 1542/6402/5468 1545/6403/5462
f 1653/6404/5463 847/6405/5470 846/6406/5464
f 1649/6407/5471 844/6408/5472 843/6409/5473
f 1651/6410/5474 844/6411/5472 1649/6412/5471
f 1544/6413/5475 1547/6414/5476 1543/6415/5477
f 1651/6416/5478 1547/6417/5476 1544/6418/5475
f 1651/6419/5478 1660/6420/5479 1547/6421/5476
f 1648/6422/5480 1660/6423/5479 1651/6424/5478
f 1544/6425/5475 844/6426/5481 1651/6427/5478
f 845/6428/5482 844/6429/5481 1544/6430/5475
f 1547/6431/5476 1541/6432/5483 1543/6433/5477
f 1650/6434/5484 1660/6435/5485 1648/6436/5486
f 1661/6437/5487 1660/6438/5485 1650/6439/5484
f 1537/6440/5488 1649/6441/5489 842/6442/5490
f 1538/6443/5491 1649/6444/5489 1537/6445/5488
f 1538/6446/5491 1650/6447/5492 1649/6448/5489
f 1661/6449/5493 1650/6450/5492 1538/6451/5491
f 1537/6452/5488 1534/6453/5494 1538/6454/5491
f 1532/6455/5495 1534/6456/5494 1537/6457/5488
f 1649/6458/5489 843/6459/5496 842/6460/5490
f 1615/6461/5497 840/6462/5498 839/6463/5499
f 1612/6464/5500 840/6465/5498 1615/6466/5497
f 1614/6467/5501 840/6468/5502 1612/6469/5503
f 1614/6470/5501 1536/6471/5504 840/6472/5502
f 1539/6473/5505 1536/6474/5504 1614/6475/5501
f 1539/6476/5505 1535/6477/5506 1536/6478/5504
f 1533/6479/5507 1535/6480/5506 1539/6481/5505
f 1536/6482/5504 841/6483/5508 840/6484/5502
f 1614/6485/5509 1530/6486/5510 1539/6487/5511
f 1613/6488/5512 1530/6489/5510 1614/6490/5509
f 1529/6491/5513 839/6492/5514 838/6493/5515
f 1529/6494/5513 1615/6495/5516 839/6496/5514
f 1613/6497/5517 1615/6498/5516 1529/6499/5513
f 1530/6500/5518 1524/6501/5519 1526/6502/5520
f 1530/6503/5518 1529/6504/5513 1524/6505/5519
f 1613/6506/5517 1529/6507/5513 1530/6508/5518
f 1618/6509/5521 787/6510/5522 786/6511/5523
f 1617/6512/5524 787/6513/5522 1618/6514/5521
f 1619/6515/5525 787/6516/5526 1617/6517/5527
f 1619/6518/5525 1198/6519/5528 787/6520/5526
f 1197/6521/5529 1198/6522/5528 1619/6523/5525
f 1197/6524/5529 1194/6525/5530 1198/6526/5528
f 1192/6527/5531 1194/6528/5530 1197/6529/5529
f 1198/6530/5528 788/6531/5532 787/6532/5526
f 1619/6533/5533 1188/6534/5534 1197/6535/5535
f 1616/6536/5536 1188/6537/5534 1619/6538/5533
f 1191/6539/5537 786/6540/5538 785/6541/5539
f 1191/6542/5537 1618/6543/5540 786/6544/5538
f 1616/6545/5541 1618/6546/5540 1191/6547/5537
f 1188/6548/5542 1185/6549/5543 1187/6550/5544
f 1188/6551/5542 1191/6552/5537 1185/6553/5543
f 1616/6554/5541 1191/6555/5537 1188/6556/5542
f 1610/6557/5545 836/6558/5546 835/6559/5547
f 1609/6560/5548 836/6561/5546 1610/6562/5545
f 1521/6563/5549 835/6564/5550 834/6565/5551
f 1521/6566/5549 1610/6567/5552 835/6568/5550
f 1608/6569/5553 1610/6570/5552 1521/6571/5549
f 1522/6572/5554 1516/6573/5555 1518/6574/5556
f 1522/6575/5554 1521/6576/5549 1516/6577/5555
f 1608/6578/5553 1521/6579/5549 1522/6580/5554
f 1611/6581/5557 836/6582/5558 1609/6583/5559
f 1611/6584/5557 1528/6585/5560 836/6586/5558
f 1531/6587/5561 1528/6588/5560 1611/6589/5557
f 1531/6590/5561 1527/6591/5562 1528/6592/5560
f 1525/6593/5563 1527/6594/5562 1531/6595/5561
f 1528/6596/5560 837/6597/5564 836/6598/5558
f 1611/6599/5565 1522/6600/5566 1531/6601/5567
f 1608/6602/5568 1522/6603/5566 1611/6604/5565
f 1622/6605/5569 1196/6606/5570 1181/6607/5571
f 1621/6608/5572 1196/6609/5570 1622/6610/5569
f 1199/6611/5573 790/6612/5574 789/6613/5575
f 1199/6614/5573 1623/6615/5576 790/6616/5574
f 1621/6617/5577 1623/6618/5576 1199/6619/5573
f 1196/6620/5578 1193/6621/5579 1195/6622/5580
f 1196/6623/5578 1199/6624/5573 1193/6625/5579
f 1621/6626/5577 1199/6627/5573 1196/6628/5578
f 1622/6629/5581 791/6630/5582 1620/6631/5583
f 1622/6632/5581 1182/6633/5584 791/6634/5582
f 1181/6635/5585 1182/6636/5584 1622/6637/5581
f 1181/6638/5585 1178/6639/5586 1182/6640/5584
f 1176/6641/5587 1178/6642/5586 1181/6643/5585
f 1182/6644/5584 792/6645/5588 791/6646/5582
f 1623/6647/5589 791/6648/5590 790/6649/5591
f 1620/6650/5592 791/6651/5590 1623/6652/5589
f 1632/6653/5593 794/6654/5594 1635/6655/5595
f 795/6656/5596 794/6657/5594 1632/6658/5593
f 1635/6659/5597 1180/6660/5598 1633/6661/5599
f 794/6662/5600 1180/6663/5598 1635/6664/5597
f 794/6665/5600 1183/6666/5601 1180/6667/5598
f 793/6668/5602 1183/6669/5601 794/6670/5600
f 1183/6671/5601 1179/6672/5603 1180/6673/5598
f 1177/6674/5604 1179/6675/5603 1183/6676/5601
f 1180/6677/5598 1662/6678/5605 1633/6679/5599
f 795/6680/5606 1174/6681/5607 796/6682/5608
f 795/6683/5606 1173/6684/5609 1174/6685/5607
f 1632/6686/5610 1173/6687/5609 795/6688/5606
f 1632/6689/5610 1663/6690/5611 1173/6691/5609
f 1634/6692/5612 1663/6693/5611 1632/6694/5610
f 1173/6695/5609 1170/6696/5613 1174/6697/5607
f 1168/6698/5614 1170/6699/5613 1173/6700/5609
f 1633/6701/5615 1663/6702/5616 1634/6703/5617
f 1662/6704/5618 1663/6705/5616 1633/6706/5615
f 1627/6707/5619 1664/6708/5620 1665/6709/5621
f 1624/6710/5622 1664/6711/5620 1627/6712/5619
f 1175/6713/5623 1626/6714/5624 797/6715/5625
f 1172/6716/5626 1626/6717/5624 1175/6718/5623
f 1172/6719/5626 1624/6720/5627 1626/6721/5624
f 1664/6722/5628 1624/6723/5627 1172/6724/5626
f 1175/6725/5623 1171/6726/5629 1172/6727/5626
f 1169/6728/5630 1171/6729/5629 1175/6730/5623
f 1626/6731/5624 798/6732/5631 797/6733/5625
f 1167/6734/5632 1165/6735/5633 1162/6736/5634
f 1625/6737/5635 1165/6738/5633 1167/6739/5632
f 1625/6740/5635 1665/6741/5636 1165/6742/5633
f 1627/6743/5637 1665/6744/5636 1625/6745/5635
f 1167/6746/5632 1666/6747/5638 1625/6748/5635
f 1667/6749/5639 1666/6750/5638 1167/6751/5632
f 1165/6752/5633 1160/6753/5640 1162/6754/5634
f 1626/6755/5641 774/6756/5642 798/6757/5643
f 1626/6758/5641 1666/6759/5644 774/6760/5642
f 1625/6761/5645 1666/6762/5644 1626/6763/5641
f 609/6764/5646 281/6765/5647 1492/6766/5648
f 609/6767/5649 283/6768/5650 281/6769/5651
f 604/6770/5652 283/6771/5653 609/6772/5654
f 604/6773/5655 1495/6774/5656 283/6775/5657
f 601/6776/5658 1495/6777/5659 604/6778/5660
f 1492/6779/5661 612/6780/5662 609/6781/5663
f 1497/6782/5664 1492/6783/5665 1493/6784/5666
f 1497/6785/5667 612/6786/5668 1492/6787/5669
f 614/6788/5670 612/6789/5668 1497/6790/5667
f 1493/6791/5666 1496/6792/5671 1497/6793/5664
f 607/6794/5672 254/6795/5673 1498/6796/5674
f 607/6797/5675 256/6798/5676 254/6799/5677
f 616/6800/5678 256/6801/5679 607/6802/5680
f 616/6803/5681 1497/6804/5682 256/6805/5683
f 614/6806/5684 1497/6807/5685 616/6808/5686
f 1498/6809/5687 605/6810/5688 607/6811/5689
f 1668/6812/5690 415/6813/5691 417/6814/5692
f 1668/6815/5690 413/6816/5693 415/6817/5691
f 1669/6818/5694 413/6819/5693 1668/6820/5690
f 1669/6821/5694 411/6822/5695 413/6823/5693
f 1670/6824/5696 411/6825/5695 1669/6826/5694
f 1670/6827/5696 409/6828/5697 411/6829/5695
f 1671/6830/5698 409/6831/5697 1670/6832/5696
f 1671/6833/5698 407/6834/5699 409/6835/5697
f 1672/6836/5700 407/6837/5699 1671/6838/5698
f 1672/6839/5700 405/6840/5701 407/6841/5699
f 1673/6842/5702 405/6843/5701 1672/6844/5700
f 1673/6845/5702 403/6846/5703 405/6847/5701
f 1674/6848/5704 403/6849/5703 1673/6850/5702
f 1674/6851/5704 401/6852/5705 403/6853/5703
f 1675/6854/5706 401/6855/5705 1674/6856/5704
f 1675/6857/5706 399/6858/5707 401/6859/5705
f 1676/6860/5708 399/6861/5707 1675/6862/5706
f 1676/6863/5708 397/6864/5709 399/6865/5707
f 1677/6866/5710 397/6867/5709 1676/6868/5708
f 1677/6869/5710 395/6870/5711 397/6871/5709
f 1678/6872/5712 395/6873/5711 1677/6874/5710
f 1678/6875/5712 393/6876/5713 395/6877/5711
f 1679/6878/5714 393/6879/5713 1678/6880/5712
f 1679/6881/5714 391/6882/5715 393/6883/5713
f 1680/6884/5716 391/6885/5715 1679/6886/5714
f 1680/6887/5716 389/6888/5717 391/6889/5715
f 1681/6890/5718 389/6891/5717 1680/6892/5716
f 1681/6893/5718 386/6894/5719 389/6895/5717
f 1682/6896/5720 386/6897/5719 1681/6898/5718
f 1682/6899/5720 387/6900/5721 386/6901/5719
f 1683/6902/5722 387/6903/5721 1682/6904/5720
f 1683/6905/5722 455/6906/5723 387/6907/5721
f 1684/6908/5724 455/6909/5723 1683/6910/5722
f 1684/6911/5724 453/6912/5725 455/6913/5723
f 1685/6914/5726 453/6915/5725 1684/6916/5724
f 1685/6917/5726 451/6918/5727 453/6919/5725
f 1686/6920/5728 451/6921/5727 1685/6922/5726
f 1686/6923/5728 449/6924/5729 451/6925/5727
f 447/6926/5730 449/6927/5729 1686/6928/5728
f 1595/6929/5731 443/6930/5732 445/6931/5733
f 1595/6932/5731 441/6933/5734 443/6934/5732
f 1596/6935/5735 441/6936/5734 1595/6937/5731
f 1596/6938/5735 439/6939/5736 441/6940/5734
f 1597/6941/5737 439/6942/5736 1596/6943/5735
f 1597/6944/5737 437/6945/5738 439/6946/5736
f 1598/6947/5739 437/6948/5738 1597/6949/5737
f 1598/6950/5739 435/6951/5740 437/6952/5738
f 1599/6953/5741 435/6954/5740 1598/6955/5739
f 1599/6956/5741 433/6957/5742 435/6958/5740
f 1600/6959/5743 433/6960/5742 1599/6961/5741
f 1600/6962/5743 431/6963/5744 433/6964/5742
f 1601/6965/5745 431/6966/5744 1600/6967/5743
f 1601/6968/5745 429/6969/5746 431/6970/5744
f 1602/6971/5747 429/6972/5746 1601/6973/5745
f 1602/6974/5747 427/6975/5748 429/6976/5746
f 1603/6977/5749 427/6978/5748 1602/6979/5747
f 1603/6980/5749 425/6981/5750 427/6982/5748
f 1604/6983/5751 425/6984/5750 1603/6985/5749
f 1604/6986/5751 423/6987/5752 425/6988/5750
f 1605/6989/5753 423/6990/5752 1604/6991/5751
f 1605/6992/5753 421/6993/5754 423/6994/5752
f 419/6995/5755 421/6996/5754 1605/6997/5753
f 1686/6998/5728 445/6999/5733 447/7000/5730
f 1686/7001/5728 1595/7002/5731 445/7003/5733
f 1606/7004/5756 1595/7005/5731 1686/7006/5728
f 1687/7007/5757 1606/7008/5756 1686/7009/5728
f 1687/7010/5757 1607/7011/5758 1606/7012/5756
f 1688/7013/5759 1607/7014/5758 1687/7015/5757
f 1688/7016/5759 1605/7017/5753 1607/7018/5758
f 1668/7019/5690 1605/7020/5753 1688/7021/5759
f 1668/7022/5690 419/7023/5755 1605/7024/5753
f 417/7025/5692 419/7026/5755 1668/7027/5690
f 1685/7028/5760 274/7029/5761 1686/7030/5762
f 1685/7031/5760 1689/7032/5763 274/7033/5761
f 1684/7034/5764 1689/7035/5765 1685/7036/5766
f 1684/7037/5764 1690/7038/5767 1689/7039/5765
f 1683/7040/5768 1690/7041/5769 1684/7042/5770
f 1683/7043/5768 1691/7044/5771 1690/7045/5769
f 1682/7046/5772 1691/7047/5773 1683/7048/5774
f 1682/7049/5772 1692/7050/5775 1691/7051/5773
f 1681/7052/5776 1692/7053/5777 1682/7054/5778
f 1681/7055/5776 1693/7056/5779 1692/7057/5777
f 1680/7058/5780 1693/7059/5781 1681/7060/5782
f 1680/7061/5780 1694/7062/5783 1693/7063/5781
f 1679/7064/5784 1694/7065/5785 1680/7066/5786
f 1679/7067/5784 1695/7068/5787 1694/7069/5785
f 1678/7070/5788 1695/7071/5789 1679/7072/5790
f 1678/7073/5788 1696/7074/5791 1695/7075/5789
f 1677/7076/5792 1696/7077/5793 1678/7078/5794
f 1677/7079/5792 1697/7080/5795 1696/7081/5793
f 1676/7082/5796 1697/7083/5797 1677/7084/5798
f 1676/7085/5796 1698/7086/5799 1697/7087/5797
f 1675/7088/5800 1698/7089/5801 1676/7090/5802
f 1675/7091/5800 1699/7092/5803 1698/7093/5801
f 1674/7094/5804 1699/7095/5805 1675/7096/5806
f 1674/7097/5804 1700/7098/5807 1699/7099/5805
f 1673/7100/5808 1700/7101/5809 1674/7102/5810
f 1673/7103/5808 1701/7104/5811 1700/7105/5809
f 1672/7106/5812 1701/7107/5813 1673/7108/5814
f 1672/7109/5812 1702/7110/5815 1701/7111/5813
f 1671/7112/5816 1702/7113/5817 1672/7114/5818
f 1671/7115/5816 1703/7116/5819 1702/7117/5817
f 1670/7118/5820 1703/7119/5821 1671/7120/5822
f 1670/7121/5820 1704/7122/5823 1703/7123/5821
f 1669/7124/5824 1704/7125/5825 1670/7126/5826
f 1669/7127/5824 1705/7128/5827 1704/7129/5825
f 277/7130/5828 1705/7131/5829 1669/7132/5830
f 277/7133/5828 1706/7134/5831 1705/7135/5829
f 276/7136/5832 1706/7137/5833 277/7138/5834
f 276/7139/5832 1707/7140/5835 1706/7141/5833
f 278/7142/5836 1707/7143/5837 276/7144/5838
f 278/7145/5836 1708/7146/5839 1707/7147/5837
f 279/7148/5840 1708/7149/5841 278/7150/5842
f 279/7151/5840 1709/7152/5843 1708/7153/5841
f 272/7154/5844 1709/7155/5845 279/7156/5846
f 272/7157/5844 1710/7158/5847 1709/7159/5845
f 271/7160/5848 1710/7161/5849 272/7162/5850
f 271/7163/5848 1711/7164/5851 1710/7165/5849
f 273/7166/5852 1711/7167/5853 271/7168/5854
f 273/7169/5852 1712/7170/5855 1711/7171/5853
f 260/7172/5856 1712/7173/5857 273/7174/5858
f 260/7175/5856 1713/7176/5859 1712/7177/5857
f 259/7178/5860 1713/7179/5861 260/7180/5862
f 259/7181/5860 1714/7182/5863 1713/7183/5861
f 261/7184/5864 1714/7185/5865 259/7186/5866
f 261/7187/5864 1715/7188/5867 1714/7189/5865
f 263/7190/5868 1715/7191/5869 261/7192/5870
f 263/7193/5868 1716/7194/5871 1715/7195/5869
f 264/7196/5872 1716/7197/5873 263/7198/5874
f 264/7199/5872 1717/7200/5875 1716/7201/5873
f 265/7202/5876 1717/7203/5877 264/7204/5878
f 265/7205/5876 1718/7206/5879 1717/7207/5877
f 266/7208/5880 1718/7209/5881 265/7210/5882
f 266/7211/5880 1719/7212/5883 1718/7213/5881
f 267/7214/5884 1719/7215/5885 266/7216/5886
f 267/7217/5884 1720/7218/5887 1719/7219/5885
f 268/7220/5888 1720/7221/5889 267/7222/5890
f 268/7223/5888 1721/7224/5891 1720/7225/5889
f 269/7226/5892 1721/7227/5893 268/7228/5894
f 269/7229/5892 1722/7230/5895 1721/7231/5893
f 270/7232/5896 1722/7233/5897 269/7234/5898
f 270/7235/5896 1723/7236/5899 1722/7237/5897
f 274/7238/5900 1723/7239/5901 270/7240/5902
f 274/7241/5900 1724/7242/5903 1723/7243/5901
f 1689/7244/5763 1724/7245/5904 274/7246/5761
f 1669/7247/5830 1668/7248/5905 277/7249/5828
f 82/7250/5906 81/7251/5907 230/7252/5908
f 140/7253/5909 201/7254/5910 141/7255/5911
f 141/7255/5911 201/7254/5910 706/7256/5912
f 142/7257/5913 141/7258/5914 706/7259/5915
f 142/7260/5916 706/7261/5917 143/7262/5918
f 143/7262/5918 706/7261/5917 704/7263/5919
f 144/7264/5920 143/7265/5921 704/7266/5922
f 144/7267/5923 704/7268/5924 145/7269/5925
f 145/7269/5925 704/7268/5924 702/7270/5926
f 146/7271/5927 145/7272/5928 702/7273/5929
f 146/7274/5930 702/7275/5931 147/7276/5932
f 147/7276/5932 702/7275/5931 700/7277/5933
f 148/7278/5934 147/7279/5935 700/7280/5936
f 148/7281/5937 700/7282/5938 149/7283/5939
f 149/7283/5939 700/7282/5938 698/7284/5940
f 150/7285/5941 149/7286/5942 698/7287/5943
f 150/7288/5944 698/7289/5945 151/7290/5946
f 151/7290/5946 698/7289/5945 696/7291/5947
f 152/7292/5948 151/7293/5946 696/7294/5947
f 152/7295/5949 696/7296/5950 153/7297/5951
f 153/7297/5951 696/7296/5950 694/7298/5952
f 154/7299/5953 153/7300/5954 694/7301/5955
f 154/7302/5956 694/7303/5957 155/7304/5958
f 155/7304/5958 694/7303/5957 692/7305/5959
f 156/7306/5960 155/7307/5961 692/7308/5962
f 156/7309/5963 692/7310/5964 157/7311/5965
f 157/7311/5965 692/7310/5964 690/7312/5966
f 158/7313/5967 157/7314/5968 690/7315/5969
f 158/7316/5970 690/7317/5971 159/7318/5972
f 159/7318/5972 690/7317/5971 688/7319/5973
f 160/7320/5974 159/7321/5975 688/7322/5976
f 160/7323/5977 688/7324/5978 161/7325/5979
f 161/7325/5979 688/7324/5978 686/7326/5980
f 162/7327/5981 161/7328/5979 686/7329/5980
f 162/7330/5982 686/7331/5983 163/7332/5984
f 163/7332/5984 686/7331/5983 684/7333/5985
f 164/7334/5986 163/7335/5987 684/7336/5988
f 164/7337/5989 684/7338/5990 165/7339/5991
f 165/7339/5991 684/7338/5990 682/7340/5992
f 166/7341/5993 165/7342/5994 682/7343/5995
f 166/7344/5996 682/7345/5997 167/7346/5998
f 167/7346/5998 682/7345/5997 680/7347/5999
f 168/7348/6000 167/7349/6001 680/7350/6002
f 168/7351/6003 680/7352/6004 169/7353/6005
f 169/7353/6005 680/7352/6004 678/7354/6006
f 170/7355/6007 169/7356/6005 678/7357/6006
f 170/7358/6008 678/7359/6009 171/7360/6010
f 171/7360/6010 678/7359/6009 676/7361/6011
f 172/7362/6012 171/7363/6013 676/7364/6014
f 172/7365/6015 676/7366/6016 173/7367/6017
f 173/7367/6017 676/7366/6016 674/7368/6018
f 174/7369/6019 173/7370/6020 674/7371/6021
f 174/7372/6022 674/7373/6023 175/7374/6024
f 175/7374/6024 674/7373/6023 672/7375/6025
f 176/7376/6026 175/7377/6027 672/7378/6028
f 176/7379/6029 672/7380/6030 177/7381/6031
f 177/7381/6031 672/7380/6030 670/7382/6032
f 178/7383/6033 177/7384/6034 670/7385/6035
f 178/7386/6036 670/7387/6037 179/7388/6038
f 179/7388/6038 670/7387/6037 668/7389/6039
f 180/7390/6040 179/7391/6041 668/7392/6042
f 180/7393/6043 668/7394/6044 181/7395/6045
f 181/7395/6045 668/7394/6044 666/7396/6046
f 182/7397/6047 181/7398/6048 666/7399/6049
f 182/7400/6050 666/7401/6051 183/7402/6052
f 183/7402/6052 666/7401/6051 664/7403/6053
f 184/7404/6054 183/7405/6055 664/7406/6056
f 184/7407/6057 664/7408/6058 185/7409/6059
f 185/7409/6059 664/7408/6058 662/7410/6060
f 186/7411/6061 185/7412/6062 662/7413/6063
f 186/7414/6064 662/7415/6065 187/7416/6066
f 187/7416/6066 662/7415/6065 660/7417/6067
f 188/7418/6068 187/7419/6066 660/7420/6067
f 188/7421/6069 660/7422/6070 189/7423/6071
f 189/7423/6071 660/7422/6070 658/7424/6072
f 190/7425/6073 189/7426/6071 658/7427/6072
f 190/7428/6074 658/7429/6075 191/7430/6076
f 191/7430/6076 658/7429/6075 656/7431/6077
f 192/7432/6078 191/7433/6076 656/7434/6077
f 192/7435/6079 656/7436/6080 193/7437/6081
f 193/7437/6081 656/7436/6080 654/7438/6082
f 194/7439/6083 193/7440/6084 654/7441/6085
f 194/7442/6086 654/7443/6087 195/7444/6088
f 195/7444/6088 654/7443/6087 652/7445/6089
f 196/7446/6090 195/7447/6091 652/7448/6092
f 196/7449/6093 652/7450/6094 81/7451/6095
f 81/7451/6095 652/7450/6094 230/7452/6096
f 1725/7453/6097 252/7454/6098 1726/7455/6099
f 1725/7456/6097 1727/7457/6100 252/7458/6098
f 1728/7459/6101 1727/7460/6102 1725/7461/6103
f 1728/7462/6101 1729/7463/6104 1727/7464/6102
f 1730/7465/6105 1729/7466/6106 1728/7467/6107
f 1730/7468/6105 1731/7469/6108 1729/7470/6106
f 1732/7471/6109 1731/7472/6110 1730/7473/6111
f 1732/7474/6109 1733/7475/6112 1731/7476/6110
f 1734/7477/6113 1733/7478/6114 1732/7479/6115
f 1734/7480/6113 1735/7481/6116 1733/7482/6114
f 1736/7483/6117 1735/7484/6118 1734/7485/6119
f 1736/7486/6117 1737/7487/6120 1735/7488/6118
f 1738/7489/6121 1737/7490/6122 1736/7491/6123
f 1738/7492/6121 1739/7493/6124 1737/7494/6122
f 1740/7495/6125 1739/7496/6126 1738/7497/6127
f 1740/7498/6125 1741/7499/6128 1739/7500/6126
f 1742/7501/6129 1741/7502/6130 1740/7503/6131
f 1742/7504/6129 1743/7505/6132 1741/7506/6130
f 1744/7507/6133 1743/7508/6134 1742/7509/6135
f 1744/7510/6133 1745/7511/6136 1743/7512/6134
f 1746/7513/6137 1745/7514/6138 1744/7515/6139
f 1746/7516/6137 1747/7517/6140 1745/7518/6138
f 1748/7519/6141 1747/7520/6142 1746/7521/6143
f 1748/7522/6141 1749/7523/6144 1747/7524/6142
f 1750/7525/6145 1749/7526/6146 1748/7527/6147
f 1750/7528/6145 1751/7529/6148 1749/7530/6146
f 1752/7531/6149 1751/7532/6150 1750/7533/6151
f 1752/7534/6149 1753/7535/6152 1751/7536/6150
f 1754/7537/6153 1753/7538/6154 1752/7539/6155
f 1754/7540/6153 1755/7541/6156 1753/7542/6154
f 1756/7543/6157 1755/7544/6158 1754/7545/6159
f 1756/7546/6157 1757/7547/6160 1755/7548/6158
f 1758/7549/6161 1757/7550/6162 1756/7551/6163
f 1758/7552/6161 1759/7553/6164 1757/7554/6162
f 243/7555/6165 1759/7556/6166 1758/7557/6167
f 243/7558/6165 1760/7559/6168 1759/7560/6166
f 245/7561/6169 1760/7562/6170 243/7563/6171
f 245/7564/6169 1761/7565/6172 1760/7566/6170
f 246/7567/6173 1761/7568/6174 245/7569/6175
f 246/7570/6173 1762/7571/6176 1761/7572/6174
f 233/7573/6177 1762/7574/6178 246/7575/6179
f 233/7576/6177 1763/7577/6180 1762/7578/6178
f 232/7579/6181 1763/7580/6182 233/7581/6183
f 232/7582/6181 1764/7583/6184 1763/7584/6182
f 234/7585/6185 1764/7586/6186 232/7587/6187
f 234/7588/6185 1765/7589/6188 1764/7590/6186
f 235/7591/6189 1765/7592/6190 234/7593/6191
f 235/7594/6189 1766/7595/6192 1765/7596/6190
f 236/7597/6193 1766/7598/6194 235/7599/6195
f 236/7600/6193 1767/7601/6196 1766/7602/6194
f 237/7603/6197 1767/7604/6198 236/7605/6199
f 237/7606/6197 1768/7607/6200 1767/7608/6198
f 238/7609/6201 1768/7610/6202 237/7611/6203
f 238/7612/6201 1769/7613/6204 1768/7614/6202
f 242/7615/6205 1769/7616/6206 238/7617/6207
f 242/7618/6205 1770/7619/6208 1769/7620/6206
f 239/7621/6209 1770/7622/6210 242/7623/6211
f 239/7624/6209 1771/7625/6212 1770/7626/6210
f 241/7627/6213 1771/7628/6214 239/7629/6215
f 241/7630/6213 1772/7631/6216 1771/7632/6214
f 247/7633/6217 1772/7634/6218 241/7635/6219
f 247/7636/6217 1773/7637/6220 1772/7638/6218
f 248/7639/6221 1773/7640/6222 247/7641/6223
f 248/7642/6221 1774/7643/6224 1773/7644/6222
f 249/7645/6225 1774/7646/6226 248/7647/6227
f 249/7648/6225 1775/7649/6228 1774/7650/6226
f 250/7651/6229 1775/7652/6230 249/7653/6231
f 250/7654/6229 1776/7655/6232 1775/7656/6230
f 251/7657/6233 1776/7658/6234 250/7659/6235
f 251/7660/6233 1777/7661/6236 1776/7662/6234
f 252/7663/6237 1777/7664/6238 251/7665/6239
f 252/7666/6237 1778/7667/6240 1777/7668/6238
f 1727/7669/6100 1778/7670/6241 252/7671/6098
f 1758/7672/6167 1779/7673/6242 243/7674/6165
f 1780/7675/6243 1765/7676/6244 1766/7677/6245
f 1781/7678/6246 1765/7679/6244 1780/7680/6243
f 1781/7681/6246 1764/7682/6247 1765/7683/6244
f 1782/7684/6248 1764/7685/6247 1781/7686/6246
f 1782/7687/6248 1763/7688/6249 1764/7689/6247
f 1783/7690/6250 1763/7691/6249 1782/7692/6248
f 1783/7693/6250 1762/7694/6251 1763/7695/6249
f 1784/7696/6252 1762/7697/6251 1783/7698/6250
f 1784/7699/6252 1761/7700/6253 1762/7701/6251
f 1785/7702/6254 1761/7703/6253 1784/7704/6252
f 1785/7705/6254 1760/7706/6255 1761/7707/6253
f 1786/7708/6256 1760/7709/6255 1785/7710/6254
f 1786/7711/6256 1759/7712/6257 1760/7713/6255
f 1787/7714/6258 1759/7715/6257 1786/7716/6256
f 1787/7717/6258 1757/7718/6259 1759/7719/6257
f 1788/7720/6260 1757/7721/6259 1787/7722/6258
f 1788/7723/6260 1755/7724/6261 1757/7725/6259
f 1789/7726/6262 1755/7727/6261 1788/7728/6260
f 1789/7729/6262 1753/7730/6263 1755/7731/6261
f 1790/7732/6264 1753/7733/6263 1789/7734/6262
f 1790/7735/6264 1751/7736/6265 1753/7737/6263
f 1791/7738/6266 1751/7739/6265 1790/7740/6264
f 1791/7741/6266 1749/7742/6267 1751/7743/6265
f 1792/7744/6268 1749/7745/6267 1791/7746/6266
f 1792/7747/6268 1747/7748/6269 1749/7749/6267
f 1793/7750/6270 1747/7751/6269 1792/7752/6268
f 1793/7753/6270 1745/7754/6271 1747/7755/6269
f 1794/7756/6272 1745/7757/6271 1793/7758/6270
f 1794/7759/6272 1743/7760/6273 1745/7761/6271
f 1795/7762/6274 1743/7763/6273 1794/7764/6272
f 1795/7765/6274 1741/7766/6275 1743/7767/6273
f 1796/7768/6276 1741/7769/6275 1795/7770/6274
f 1796/7771/6276 1739/7772/6277 1741/7773/6275
f 1797/7774/6278 1739/7775/6277 1796/7776/6276
f 1797/7777/6278 1737/7778/6279 1739/7779/6277
f 1798/7780/6280 1737/7781/6279 1797/7782/6278
f 1798/7783/6280 1735/7784/6281 1737/7785/6279
f 1799/7786/6282 1735/7787/6281 1798/7788/6280
f 1799/7789/6282 1733/7790/6283 1735/7791/6281
f 1800/7792/6284 1733/7793/6283 1799/7794/6282
f 1800/7795/6284 1731/7796/6285 1733/7797/6283
f 1801/7798/6286 1731/7799/6285 1800/7800/6284
f 1801/7801/6286 1729/7802/6287 1731/7803/6285
f 1802/7804/6288 1729/7805/6287 1801/7806/6286
f 1802/7807/6288 1727/7808/6289 1729/7809/6287
f 1803/7810/6290 1727/7811/6289 1802/7812/6288
f 1803/7813/6290 1778/7814/6291 1727/7815/6289
f 1804/7816/6292 1778/7817/6291 1803/7818/6290
f 1804/7819/6292 1777/7820/6293 1778/7821/6291
f 1805/7822/6294 1777/7823/6293 1804/7824/6292
f 1805/7825/6294 1776/7826/6295 1777/7827/6293
f 1806/7828/6296 1776/7829/6295 1805/7830/6294
f 1806/7831/6296 1775/7832/6297 1776/7833/6295
f 1807/7834/6298 1775/7835/6297 1806/7836/6296
f 1807/7837/6298 1774/7838/6299 1775/7839/6297
f 1808/7840/6300 1774/7841/6299 1807/7842/6298
f 1808/7843/6300 1773/7844/6301 1774/7845/6299
f 1809/7846/6302 1773/7847/6301 1808/7848/6300
f 1809/7849/6302 1772/7850/6303 1773/7851/6301
f 1810/7852/6304 1772/7853/6303 1809/7854/6302
f 1810/7855/6304 1771/7856/6305 1772/7857/6303
f 1811/7858/6306 1771/7859/6305 1810/7860/6304
f 1811/7861/6306 1770/7862/6307 1771/7863/6305
f 1812/7864/6308 1770/7865/6307 1811/7866/6306
f 1812/7867/6308 1769/7868/6309 1770/7869/6307
f 1813/7870/6310 1769/7871/6309 1812/7872/6308
f 1813/7873/6310 1768/7874/6311 1769/7875/6309
f 1814/7876/6312 1768/7877/6311 1813/7878/6310
f 1814/7879/6312 1767/7880/6313 1768/7881/6311
f 1815/7882/6314 1767/7883/6313 1814/7884/6312
f 1815/7885/6314 1766/7886/6245 1767/7887/6313
f 1780/7888/6243 1766/7889/6245 1815/7890/6314
f 1544/7891/6315 846/7892/6316 845/7893/6317
f 1545/7894/6318 846/7895/6316 1544/7896/6315
f 777/7897/6319 1646/7898/6320 779/7899/6321
f 777/7900/6319 1644/7901/6322 1646/7902/6320
f 1816/7903/6323 1644/7904/6322 777/7905/6319
f 779/7906/6324 1158/7907/6325 780/7908/6326
f 779/7909/6324 1157/7910/6327 1158/7911/6325
f 1646/7912/6328 1157/7913/6327 779/7914/6324
f 1646/7915/6328 1817/7916/6329 1157/7917/6327
f 1645/7918/6330 1817/7919/6329 1646/7920/6328
f 1157/7921/6327 1154/7922/6331 1158/7923/6325
f 1152/7924/6332 1154/7925/6331 1157/7926/6327
f 1647/7927/6333 1817/7928/6334 1645/7929/6335
f 1818/7930/6336 1817/7931/6334 1647/7932/6333
f 1644/7933/6337 1148/7934/6338 1647/7935/6339
f 1816/7936/6340 1148/7937/6338 1644/7938/6337
f 1816/7939/6340 1151/7940/6341 1148/7941/6338
f 1819/7942/6342 1151/7943/6341 1816/7944/6340
f 1151/7945/6341 1147/7946/6343 1148/7947/6338
f 1145/7948/6344 1147/7949/6343 1151/7950/6341
f 1148/7951/6338 1818/7952/6345 1647/7953/6339
f 1642/7954/6346 783/7955/6347 782/7956/6348
f 1641/7957/6349 783/7958/6347 1642/7959/6346
f 783/7960/6350 1190/7961/6351 784/7962/6352
f 783/7963/6350 1189/7964/6353 1190/7965/6351
f 1641/7966/6354 1189/7967/6353 783/7968/6350
f 1641/7969/6354 1820/7970/6355 1189/7971/6353
f 1643/7972/6356 1820/7973/6355 1641/7974/6354
f 1189/7975/6353 1186/7976/6357 1190/7977/6351
f 1184/7978/6358 1186/7979/6357 1189/7980/6353
f 1640/7981/6359 1820/7982/6360 1643/7983/6361
f 1821/7984/6362 1820/7985/6360 1640/7986/6359
f 1642/7987/6363 1156/7988/6364 1640/7989/6365
f 782/7990/6366 1156/7991/6364 1642/7992/6363
f 782/7993/6366 1159/7994/6367 1156/7995/6364
f 781/7996/6368 1159/7997/6367 782/7998/6366
f 1159/7999/6367 1155/8000/6369 1156/8001/6364
f 1153/8002/6370 1155/8003/6369 1159/8004/6367
f 1156/8005/6364 1821/8006/6371 1640/8007/6365
f 1638/8008/6372 831/8009/6373 1636/8010/6374
f 832/8011/6375 831/8012/6373 1638/8013/6372
f 1513/8014/6376 1636/8015/6377 830/8016/6378
f 1514/8017/6379 1636/8018/6377 1513/8019/6376
f 1514/8020/6379 1639/8021/6380 1636/8022/6377
f 1822/8023/6381 1639/8024/6380 1514/8025/6379
f 1513/8026/6376 1510/8027/6382 1514/8028/6379
f 1508/8029/6383 1510/8030/6382 1513/8031/6376
f 1636/8032/6377 831/8033/6384 830/8034/6378
f 1520/8035/6385 1523/8036/6386 1519/8037/6387
f 1638/8038/6388 1523/8039/6386 1520/8040/6385
f 1638/8041/6388 1823/8042/6389 1523/8043/6386
f 1637/8044/6390 1823/8045/6389 1638/8046/6388
f 1520/8047/6385 832/8048/6391 1638/8049/6388
f 833/8050/6392 832/8051/6391 1520/8052/6385
f 1523/8053/6386 1517/8054/6393 1519/8055/6387
f 1639/8056/6394 1823/8057/6395 1637/8058/6396
f 1822/8059/6397 1823/8060/6395 1639/8061/6394
f 825/8062/6398 1630/8063/6399 828/8064/6400
f 825/8065/6398 1628/8066/6401 1630/8067/6399
f 1824/8068/6402 1628/8069/6401 825/8070/6398
f 1505/8071/6403 1628/8072/6404 1825/8073/6405
f 1507/8074/6406 1628/8075/6404 1505/8076/6403
f 1507/8077/6406 1631/8078/6407 1628/8079/6404
f 1826/8080/6408 1631/8081/6407 1507/8082/6406
f 1505/8083/6403 1502/8084/6409 1507/8085/6406
f 1500/8086/6410 1502/8087/6409 1505/8088/6403
f 1628/8089/6404 1824/8090/6411 1825/8091/6405
f 1512/8092/6412 1515/8093/6413 1511/8094/6414
f 1630/8095/6415 1515/8096/6413 1512/8097/6412
f 1630/8098/6415 1827/8099/6416 1515/8100/6413
f 1629/8101/6417 1827/8102/6416 1630/8103/6415
f 1512/8104/6412 828/8105/6418 1630/8106/6415
f 829/8107/6419 828/8108/6418 1512/8109/6412
f 1515/8110/6413 1509/8111/6420 1511/8112/6414
f 1631/8113/6421 1827/8114/6422 1629/8115/6423
f 1826/8116/6424 1827/8117/6422 1631/8118/6421
f 1779/8119/6425 535/8120/6426 537/8121/6427
f 1779/8122/6425 533/8123/6428 535/8124/6426
f 1758/8125/6429 533/8126/6428 1779/8127/6425
f 1758/8128/6429 531/8129/6430 533/8130/6428
f 1756/8131/6431 531/8132/6430 1758/8133/6429
f 1756/8134/6431 529/8135/6432 531/8136/6430
f 1754/8137/6433 529/8138/6432 1756/8139/6431
f 1754/8140/6433 527/8141/6434 529/8142/6432
f 1752/8143/6435 527/8144/6434 1754/8145/6433
f 1752/8146/6435 525/8147/6436 527/8148/6434
f 1750/8149/6437 525/8150/6436 1752/8151/6435
f 1750/8152/6437 523/8153/6438 525/8154/6436
f 1748/8155/6439 523/8156/6438 1750/8157/6437
f 1748/8158/6439 521/8159/6440 523/8160/6438
f 1746/8161/6441 521/8162/6440 1748/8163/6439
f 1746/8164/6441 519/8165/6442 521/8166/6440
f 1744/8167/6443 519/8168/6442 1746/8169/6441
f 1744/8170/6443 517/8171/6444 519/8172/6442
f 1742/8173/6445 517/8174/6444 1744/8175/6443
f 1742/8176/6445 515/8177/6446 517/8178/6444
f 1740/8179/6447 515/8180/6446 1742/8181/6445
f 1740/8182/6447 513/8183/6448 515/8184/6446
f 1738/8185/6449 513/8186/6448 1740/8187/6447
f 1738/8188/6449 511/8189/6450 513/8190/6448
f 1736/8191/6451 511/8192/6450 1738/8193/6449
f 1736/8194/6451 509/8195/6452 511/8196/6450
f 1734/8197/6453 509/8198/6452 1736/8199/6451
f 1734/8200/6453 507/8201/6454 509/8202/6452
f 1732/8203/6455 507/8204/6454 1734/8205/6453
f 1732/8206/6455 505/8207/6456 507/8208/6454
f 1730/8209/6457 505/8210/6456 1732/8211/6455
f 1730/8212/6457 503/8213/6458 505/8214/6456
f 1728/8215/6459 503/8216/6458 1730/8217/6457
f 1728/8218/6459 501/8219/6460 503/8220/6458
f 1725/8221/6461 501/8222/6460 1728/8223/6459
f 1725/8224/6461 499/8225/6462 501/8226/6460
f 1726/8227/6463 499/8228/6462 1725/8229/6461
f 1726/8230/6463 497/8231/6464 499/8232/6462
f 494/8233/6465 497/8234/6464 1726/8235/6463
f 1572/8236/6466 563/8237/6467 495/8238/6468
f 1572/8239/6466 561/8240/6469 563/8241/6467
f 1573/8242/6470 561/8243/6469 1572/8244/6466
f 1573/8245/6470 559/8246/6471 561/8247/6469
f 1574/8248/6472 559/8249/6471 1573/8250/6470
f 1574/8251/6472 557/8252/6473 559/8253/6471
f 1575/8254/6474 557/8255/6473 1574/8256/6472
f 1575/8257/6474 555/8258/6475 557/8259/6473
f 1576/8260/6476 555/8261/6475 1575/8262/6474
f 1576/8263/6476 553/8264/6477 555/8265/6475
f 1577/8266/6478 553/8267/6477 1576/8268/6476
f 1577/8269/6478 551/8270/6479 553/8271/6477
f 1578/8272/6480 551/8273/6479 1577/8274/6478
f 1578/8275/6480 549/8276/6481 551/8277/6479
f 1579/8278/6482 549/8279/6481 1578/8280/6480
f 1579/8281/6482 547/8282/6483 549/8283/6481
f 1580/8284/6484 547/8285/6483 1579/8286/6482
f 1580/8287/6484 545/8288/6485 547/8289/6483
f 1581/8290/6486 545/8291/6485 1580/8292/6484
f 1581/8293/6486 543/8294/6487 545/8295/6485
f 1571/8296/6488 543/8297/6487 1581/8298/6486
f 1571/8299/6488 541/8300/6489 543/8301/6487
f 539/8302/6490 541/8303/6489 1571/8304/6488
f 1726/8305/6463 1572/8306/6466 495/8307/6468
f 1726/8308/6463 1570/8309/6491 1572/8310/6466
f 1828/8311/6492 1570/8312/6491 1726/8313/6463
f 1828/8314/6492 1569/8315/6493 1570/8316/6491
f 1829/8317/6494 1569/8318/6493 1828/8319/6492
f 1829/8320/6494 1571/8321/6488 1569/8322/6493
f 1779/8323/6425 1571/8324/6488 1829/8325/6494
f 1779/8326/6425 539/8327/6490 1571/8328/6488
f 537/8329/6427 539/8330/6490 1779/8331/6425
f 495/8332/6468 494/8333/6465 1726/8334/6463
f 1536/8335/6495 842/8336/6496 841/8337/6497
f 1537/8338/6498 842/8339/6496 1536/8340/6495
f 1528/8341/6499 838/8342/6500 837/8343/6501
f 1529/8344/6502 838/8345/6500 1528/8346/6499
f 1520/8347/6503 834/8348/6504 833/8349/6505
f 1521/8350/6506 834/8351/6504 1520/8352/6503
f 1512/8353/6507 830/8354/6508 829/8355/6509
f 1513/8356/6510 830/8357/6508 1512/8358/6507
f 1158/8359/6511 781/8360/6512 780/8361/6513
f 1159/8362/6514 781/8363/6512 1158/8364/6511
f 1190/8365/6515 785/8366/6516 784/8367/6517
f 1191/8368/6518 785/8369/6516 1190/8370/6515
f 1198/8371/6519 789/8372/6520 788/8373/6521
f 1199/8374/6522 789/8375/6520 1198/8376/6519
f 1182/8377/6523 793/8378/6524 792/8379/6525
f 1183/8380/6526 793/8381/6524 1182/8382/6523
f 1174/8383/6527 797/8384/6528 796/8385/6529
f 1175/8386/6530 797/8387/6528 1174/8388/6527
f 683/8389/6531 1829/8390/6532 681/8391/6533
f 685/8392/6534 1829/8393/6535 683/8394/6536
f 685/8395/6537 1666/8396/6538 1829/8397/6539
f 687/8398/6540 1666/8399/6541 685/8400/6542
f 687/8401/6543 773/8402/6544 1666/8403/6545
f 771/8404/6546 773/8405/6547 687/8406/6548
f 773/8407/6549 774/8408/6550 1666/8409/6551
f 689/8410/6552 772/8411/6553 687/8412/6554
f 724/8413/6555 772/8414/6556 689/8415/6557
f 724/8416/6558 775/8417/6559 772/8418/6560
f 723/8419/6561 775/8420/6559 724/8421/6558
f 723/8422/6562 632/8423/6563 775/8424/6564
f 631/8425/6565 632/8426/6566 723/8427/6567
f 741/8428/6568 827/8429/6569 742/8430/6570
f 671/8431/6571 827/8432/6572 741/8433/6573
f 671/8434/6574 826/8435/6575 827/8436/6576
f 673/8437/6577 826/8438/6578 671/8439/6579
f 673/8440/6580 824/8441/6581 826/8442/6582
f 675/8443/6583 824/8444/6584 673/8445/6585
f 675/8446/6586 1824/8447/6587 824/8448/6588
f 677/8449/6589 1824/8450/6590 675/8451/6591
f 677/8452/6592 1828/8453/6593 1824/8454/6594
f 679/8455/6595 1828/8456/6596 677/8457/6597
f 679/8458/6598 1829/8459/6599 1828/8460/6600
f 681/8461/6601 1829/8462/6602 679/8463/6603
f 772/8464/6604 771/8465/6605 687/8466/6606
f 1688/8467/6607 637/8468/6608 638/8469/6609
f 1688/8470/6610 636/8471/6611 637/8472/6612
f 1687/8473/6613 636/8474/6614 1688/8475/6615
f 1687/8476/6616 635/8477/6617 636/8478/6618
f 1816/8479/6619 635/8480/6620 1687/8481/6621
f 1816/8482/6622 634/8483/6623 635/8484/6624
f 776/8485/6625 634/8486/6626 1816/8487/6627
f 776/8488/6628 633/8489/6629 634/8490/6630
f 778/8491/6631 633/8492/6632 776/8493/6633
f 778/8494/6634 632/8495/6635 633/8496/6636
f 775/8497/6637 632/8498/6638 778/8499/6639
f 1824/8500/6640 825/8501/6641 824/8502/6642
f 1816/8503/6643 777/8504/6644 776/8505/6645
f 1666/8506/6646 1667/8507/6647 1829/8508/6648
f 742/8509/6649 642/8510/6650 725/8511/6651
f 850/8512/6652 642/8513/6653 742/8514/6654
f 850/8515/6655 641/8516/6656 642/8517/6657
f 849/8518/6658 641/8519/6659 850/8520/6660
f 849/8521/6661 640/8522/6662 641/8523/6663
f 851/8524/6664 640/8525/6665 849/8526/6666
f 851/8527/6667 1656/8528/6668 640/8529/6669
f 848/8530/6670 1656/8531/6671 851/8532/6672
f 740/8533/6673 667/8534/6674 669/8535/6675
f 740/8536/6676 665/8537/6677 667/8538/6678
f 739/8539/6679 665/8540/6680 740/8541/6681
f 739/8542/6682 663/8543/6683 665/8544/6684
f 738/8545/6685 663/8546/6686 739/8547/6687
f 738/8548/6688 661/8549/6689 663/8550/6690
f 737/8551/6691 661/8552/6692 738/8553/6693
f 737/8554/6694 659/8555/6695 661/8556/6696
f 736/8557/6697 659/8558/6698 737/8559/6699
f 736/8560/6700 657/8561/6701 659/8562/6702
f 735/8563/6703 657/8564/6704 736/8565/6705
f 735/8566/6706 655/8567/6707 657/8568/6708
f 734/8569/6709 655/8570/6710 735/8571/6711
f 734/8572/6712 653/8573/6713 655/8574/6714
f 733/8575/6715 653/8576/6716 734/8577/6717
f 733/8578/6718 651/8579/6719 653/8580/6720
f 732/8581/6721 651/8582/6722 733/8583/6723
f 732/8584/6724 650/8585/6725 651/8586/6726
f 649/8587/6727 650/8588/6728 732/8589/6729
f 731/8590/6730 649/8591/6731 732/8592/6732
f 731/8593/6733 648/8594/6734 649/8595/6735
f 730/8596/6736 648/8597/6737 731/8598/6738
f 730/8599/6739 647/8600/6740 648/8601/6741
f 729/8602/6742 647/8603/6743 730/8604/6744
f 729/8605/6745 646/8606/6746 647/8607/6747
f 728/8608/6748 646/8609/6749 729/8610/6750
f 728/8611/6751 645/8612/6752 646/8613/6753
f 727/8614/6754 645/8615/6755 728/8616/6756
f 727/8617/6757 644/8618/6758 645/8619/6759
f 726/8620/6760 644/8621/6761 727/8622/6762
f 726/8623/6763 643/8624/6764 644/8625/6765
f 725/8626/6766 643/8627/6767 726/8628/6768
f 691/8629/6769 724/8630/6770 689/8631/6771
f 691/8632/6772 707/8633/6773 724/8634/6774
f 693/8635/6775 707/8636/6776 691/8637/6777
f 693/8638/6778 708/8639/6779 707/8640/6780
f 695/8641/6781 708/8642/6782 693/8643/6783
f 695/8644/6784 709/8645/6785 708/8646/6786
f 697/8647/6787 709/8648/6788 695/8649/6789
f 697/8650/6790 710/8651/6791 709/8652/6792
f 699/8653/6793 710/8654/6794 697/8655/6795
f 699/8656/6796 711/8657/6797 710/8658/6798
f 701/8659/6799 711/8660/6800 699/8661/6801
f 701/8662/6802 712/8663/6803 711/8664/6804
f 703/8665/6805 712/8666/6806 701/8667/6807
f 703/8668/6808 713/8669/6809 712/8670/6810
f 705/8671/6811 713/8672/6812 703/8673/6813
f 705/8674/6814 714/8675/6815 713/8676/6816
f 622/8677/6817 714/8678/6818 705/8679/6819
f 622/8680/6820 715/8681/6821 714/8682/6822
f 621/8683/6823 715/8684/6824 622/8685/6825
f 669/8686/6826 741/8687/6827 740/8688/6828
f 671/8689/6829 741/8690/6830 669/8691/6831
f 1828/8692/6832 1825/8693/6833 1824/8694/6834
f 1687/8695/6835 1819/8696/6836 1816/8697/6837
f 1688/8698/6838 1656/8699/6839 1657/8700/6840
f 1688/8701/6841 639/8702/6842 1656/8703/6843
f 638/8704/6844 639/8705/6845 1688/8706/6846
f 623/8707/6847 715/8708/6848 621/8709/6849
f 623/8710/6850 716/8711/6851 715/8712/6852
f 624/8713/6853 716/8714/6854 623/8715/6855
f 624/8716/6856 717/8717/6857 716/8718/6858
f 625/8719/6859 717/8720/6860 624/8721/6861
f 625/8722/6862 718/8723/6863 717/8724/6864
f 626/8725/6865 718/8726/6866 625/8727/6867
f 626/8728/6868 719/8729/6869 718/8730/6870
f 627/8731/6871 719/8732/6872 626/8733/6873
f 627/8734/6874 720/8735/6875 719/8736/6876
f 628/8737/6877 720/8738/6878 627/8739/6879
f 628/8740/6880 721/8741/6881 720/8742/6882
f 629/8743/6883 721/8744/6884 628/8745/6885
f 629/8746/6886 722/8747/6887 721/8748/6888
f 630/8749/6889 722/8750/6890 629/8751/6891
f 642/8752/6892 643/8753/6893 725/8754/6894
f 1656/8755/6895 639/8756/6896 640/8757/6897
f 722/8758/6898 631/8759/6899 723/8760/6900
f 630/8761/6901 631/8762/6902 722/8763/6903
f 742/8764/6570 827/8765/6569 850/8766/6904
f 1494/8767/6905 1498/8768/6906 1499/8769/6907
f 1495/8770/6908 1498/8771/6906 1494/8772/6905
f 1495/8773/6909 605/8774/6910 1498/8775/6911
f 601/8776/6912 605/8777/6910 1495/8778/6909
f 611/8779/6913 610/8780/6914 619/8781/6915
f 603/8782/6916 602/8783/6917 620/8784/6918
f 1807/8785/6919 575/8786/6920 574/8787/6921
f 1806/8788/6922 575/8789/6920 1807/8790/6919
f 1806/8791/6923 576/8792/6924 575/8793/6925
f 1805/8794/6926 576/8795/6924 1806/8796/6923
f 1805/8797/6927 577/8798/6928 576/8799/6929
f 1804/8800/6930 577/8801/6928 1805/8802/6927
f 1804/8803/6931 578/8804/6932 577/8805/6933
f 1803/8806/6934 578/8807/6932 1804/8808/6931
f 1803/8809/6935 579/8810/6936 578/8811/6937
f 1802/8812/6938 579/8813/6936 1803/8814/6935
f 1802/8815/6939 580/8816/6940 579/8817/6941
f 1801/8818/6942 580/8819/6940 1802/8820/6939
f 1801/8821/6943 581/8822/6944 580/8823/6945
f 1800/8824/6946 581/8825/6944 1801/8826/6943
f 1800/8827/6947 582/8828/6948 581/8829/6949
f 1799/8830/6950 582/8831/6948 1800/8832/6947
f 1799/8833/6951 583/8834/6952 582/8835/6953
f 1798/8836/6954 583/8837/6952 1799/8838/6951
f 1798/8839/6955 584/8840/6956 583/8841/6957
f 1797/8842/6958 584/8843/6956 1798/8844/6955
f 1797/8845/6959 585/8846/6960 584/8847/6961
f 1796/8848/6962 585/8849/6960 1797/8850/6959
f 1796/8851/6963 586/8852/6964 585/8853/6965
f 1795/8854/6966 586/8855/6964 1796/8856/6963
f 1795/8857/6967 587/8858/6968 586/8859/6969
f 1794/8860/6970 587/8861/6968 1795/8862/6967
f 1794/8863/6971 588/8864/6972 587/8865/6973
f 1793/8866/6974 588/8867/6972 1794/8868/6971
f 1793/8869/6975 589/8870/6976 588/8871/6977
f 1792/8872/6978 589/8873/6976 1793/8874/6975
f 1792/8875/6979 590/8876/6980 589/8877/6981
f 1791/8878/6982 590/8879/6980 1792/8880/6979
f 1791/8881/6983 591/8882/6984 590/8883/6985
f 1790/8884/6986 591/8885/6984 1791/8886/6983
f 1790/8887/6987 592/8888/6988 591/8889/6989
f 1789/8890/6990 592/8891/6988 1790/8892/6987
f 1789/8893/6991 593/8894/6992 592/8895/6993
f 1788/8896/6994 593/8897/6992 1789/8898/6991
f 1788/8899/6995 594/8900/6996 593/8901/6997
f 1787/8902/6998 594/8903/6996 1788/8904/6995
f 1787/8905/6999 595/8906/7000 594/8907/7001
f 1786/8908/7002 595/8909/7000 1787/8910/6999
f 1786/8911/7003 596/8912/7004 595/8913/7005
f 1785/8914/7006 596/8915/7004 1786/8916/7003
f 1785/8917/7007 597/8918/7008 596/8919/7009
f 1784/8920/7010 597/8921/7008 1785/8922/7007
f 1784/8923/7011 598/8924/7012 597/8925/7013
f 1783/8926/7014 598/8927/7012 1784/8928/7011
f 1783/8929/7015 599/8930/7016 598/8931/7017
f 1782/8932/7018 599/8933/7016 1783/8934/7015
f 1782/8935/7019 600/8936/7020 599/8937/7021
f 1781/8938/7022 600/8939/7020 1782/8940/7019
f 1781/8941/7023 565/8942/7024 600/8943/7025
f 1780/8944/7026 565/8945/7024 1781/8946/7023
f 1780/8947/7027 566/8948/7028 565/8949/7029
f 1815/8950/7030 566/8951/7028 1780/8952/7027
f 1815/8953/7031 567/8954/7032 566/8955/7033
f 1814/8956/7034 567/8957/7032 1815/8958/7031
f 1814/8959/7035 568/8960/7036 567/8961/7037
f 1813/8962/7038 568/8963/7036 1814/8964/7035
f 1813/8965/7039 569/8966/7040 568/8967/7041
f 1812/8968/7042 569/8969/7040 1813/8970/7039
f 1812/8971/7043 570/8972/7044 569/8973/7045
f 1811/8974/7046 570/8975/7044 1812/8976/7043
f 1811/8977/7047 571/8978/7048 570/8979/7049
f 1810/8980/7050 571/8981/7048 1811/8982/7047
f 1810/8983/7051 572/8984/7052 571/8985/7053
f 1809/8986/7054 572/8987/7052 1810/8988/7051
f 1809/8989/7055 573/8990/7056 572/8991/7057
f 1808/8992/7058 573/8993/7056 1809/8994/7055
f 1808/8995/7059 574/8996/7060 573/8997/7061
f 1807/8998/7062 574/8999/7060 1808/9000/7059
f 487/9001/7063 1830/9002/7064 1831/9003/7065
f 486/9004/7066 1830/9005/7064 487/9006/7063
f 486/9007/7067 1832/9008/7068 1830/9009/7069
f 485/9010/7070 1832/9011/7068 486/9012/7067
f 485/9013/7071 1833/9014/7072 1832/9015/7073
f 484/9016/7074 1833/9017/7072 485/9018/7071
f 484/9019/7075 1834/9020/7076 1833/9021/7077
f 483/9022/7078 1834/9023/7076 484/9024/7075
f 483/9025/7079 1835/9026/7080 1834/9027/7081
f 482/9028/7082 1835/9029/7080 483/9030/7079
f 482/9031/7083 1836/9032/7084 1835/9033/7085
f 481/9034/7086 1836/9035/7084 482/9036/7083
f 481/9037/7087 1837/9038/7088 1836/9039/7089
f 480/9040/7090 1837/9041/7088 481/9042/7087
f 480/9043/7091 1838/9044/7092 1837/9045/7093
f 479/9046/7094 1838/9047/7092 480/9048/7091
f 479/9049/7095 1839/9050/7096 1838/9051/7097
f 478/9052/7098 1839/9053/7096 479/9054/7095
f 478/9055/7099 1840/9056/7100 1839/9057/7101
f 477/9058/7102 1840/9059/7100 478/9060/7099
f 477/9061/7103 1841/9062/7104 1840/9063/7105
f 476/9064/7106 1841/9065/7104 477/9066/7103
f 476/9067/7107 1842/9068/7108 1841/9069/7109
f 475/9070/7110 1842/9071/7108 476/9072/7107
f 475/9073/7111 1843/9074/7112 1842/9075/7113
f 474/9076/7114 1843/9077/7112 475/9078/7111
f 474/9079/7115 1844/9080/7116 1843/9081/7117
f 473/9082/7118 1844/9083/7116 474/9084/7115
f 473/9085/7119 1845/9086/7120 1844/9087/7121
f 472/9088/7122 1845/9089/7120 473/9090/7119
f 472/9091/7123 1846/9092/7124 1845/9093/7125
f 471/9094/7126 1846/9095/7124 472/9096/7123
f 471/9097/7127 1847/9098/7128 1846/9099/7129
f 470/9100/7130 1847/9101/7128 471/9102/7127
f 470/9103/7131 1848/9104/7132 1847/9105/7133
f 469/9106/7134 1848/9107/7132 470/9108/7131
f 469/9109/7135 1849/9110/7136 1848/9111/7137
f 468/9112/7138 1849/9113/7136 469/9114/7135
f 468/9115/7139 1850/9116/7140 1849/9117/7141
f 467/9118/7142 1850/9119/7140 468/9120/7139
f 467/9121/7143 1851/9122/7144 1850/9123/7145
f 466/9124/7146 1851/9125/7144 467/9126/7143
f 466/9127/7147 1852/9128/7148 1851/9129/7149
f 465/9130/7150 1852/9131/7148 466/9132/7147
f 465/9133/7151 1853/9134/7152 1852/9135/7153
f 464/9136/7154 1853/9137/7152 465/9138/7151
f 464/9139/7155 1854/9140/7156 1853/9141/7157
f 463/9142/7158 1854/9143/7156 464/9144/7155
f 463/9145/7159 1855/9146/7160 1854/9147/7161
f 462/9148/7162 1855/9149/7160 463/9150/7159
f 462/9151/7163 1856/9152/7164 1855/9153/7165
f 461/9154/7166 1856/9155/7164 462/9156/7163
f 461/9157/7167 1857/9158/7168 1856/9159/7169
f 460/9160/7170 1857/9161/7168 461/9162/7167
f 460/9163/7171 1858/9164/7172 1857/9165/7173
f 459/9166/7174 1858/9167/7172 460/9168/7171
f 459/9169/7175 1859/9170/7176 1858/9171/7177
f 458/9172/7178 1859/9173/7176 459/9174/7175
f 458/9175/7179 1860/9176/7180 1859/9177/7181
f 457/9178/7182 1860/9179/7180 458/9180/7179
f 457/9181/7183 1861/9182/7184 1860/9183/7185
f 492/9184/7186 1861/9185/7184 457/9186/7183
f 492/9187/7187 1862/9188/7188 1861/9189/7189
f 491/9190/7190 1862/9191/7188 492/9192/7187
f 491/9193/7191 1863/9194/7192 1862/9195/7193
f 490/9196/7194 1863/9197/7192 491/9198/7191
f 490/9199/7195 1864/9200/7196 1863/9201/7197
f 489/9202/7198 1864/9203/7196 490/9204/7195
f 489/9205/7199 1865/9206/7200 1864/9207/7201
f 488/9208/7202 1865/9209/7200 489/9210/7199
f 488/9211/7203 1831/9212/7204 1865/9213/7205
f 487/9214/7206 1831/9215/7204 488/9216/7203
f 1860/9217/7207 1714/9218/7208 1715/9219/7209
f 1861/9220/7210 1714/9221/7208 1860/9222/7207
f 1861/9223/7210 1713/9224/7211 1714/9225/7208
f 1862/9226/7212 1713/9227/7211 1861/9228/7210
f 1862/9229/7212 1712/9230/7213 1713/9231/7211
f 1863/9232/7214 1712/9233/7213 1862/9234/7212
f 1863/9235/7214 1711/9236/7215 1712/9237/7213
f 1864/9238/7216 1711/9239/7215 1863/9240/7214
f 1864/9241/7216 1710/9242/7217 1711/9243/7215
f 1865/9244/7218 1710/9245/7217 1864/9246/7216
f 1865/9247/7218 1709/9248/7219 1710/9249/7217
f 1831/9250/7220 1709/9251/7219 1865/9252/7218
f 1831/9253/7220 1708/9254/7221 1709/9255/7219
f 1830/9256/7222 1708/9257/7221 1831/9258/7220
f 1830/9259/7222 1707/9260/7223 1708/9261/7221
f 1832/9262/7224 1707/9263/7223 1830/9264/7222
f 1832/9265/7224 1706/9266/7225 1707/9267/7223
f 1833/9268/7226 1706/9269/7225 1832/9270/7224
f 1833/9271/7226 1705/9272/7227 1706/9273/7225
f 1834/9274/7228 1705/9275/7227 1833/9276/7226
f 1834/9277/7228 1704/9278/7229 1705/9279/7227
f 1835/9280/7230 1704/9281/7229 1834/9282/7228
f 1835/9283/7230 1703/9284/7231 1704/9285/7229
f 1836/9286/7232 1703/9287/7231 1835/9288/7230
f 1836/9289/7232 1702/9290/7233 1703/9291/7231
f 1837/9292/7234 1702/9293/7233 1836/9294/7232
f 1837/9295/7234 1701/9296/7235 1702/9297/7233
f 1838/9298/7236 1701/9299/7235 1837/9300/7234
f 1838/9301/7236 1700/9302/7237 1701/9303/7235
f 1839/9304/7238 1700/9305/7237 1838/9306/7236
f 1839/9307/7238 1699/9308/7239 1700/9309/7237
f 1840/9310/7240 1699/9311/7239 1839/9312/7238
f 1840/9313/7240 1698/9314/7241 1699/9315/7239
f 1841/9316/7242 1698/9317/7241 1840/9318/7240
f 1841/9319/7242 1697/9320/7243 1698/9321/7241
f 1842/9322/7244 1697/9323/7243 1841/9324/7242
f 1842/9325/7244 1696/9326/7245 1697/9327/7243
f 1843/9328/7246 1696/9329/7245 1842/9330/7244
f 1843/9331/7246 1695/9332/7247 1696/9333/7245
f 1844/9334/7248 1695/9335/7247 1843/9336/7246
f 1844/9337/7248 1694/9338/7249 1695/9339/7247
f 1845/9340/7250 1694/9341/7249 1844/9342/7248
f 1845/9343/7250 1693/9344/7251 1694/9345/7249
f 1846/9346/7252 1693/9347/7251 1845/9348/7250
f 1846/9349/7252 1692/9350/7253 1693/9351/7251
f 1847/9352/7254 1692/9353/7253 1846/9354/7252
f 1847/9355/7254 1691/9356/7255 1692/9357/7253
f 1848/9358/7256 1691/9359/7255 1847/9360/7254
f 1848/9361/7256 1690/9362/7257 1691/9363/7255
f 1849/9364/7258 1690/9365/7257 1848/9366/7256
f 1849/9367/7258 1689/9368/7259 1690/9369/7257
f 1850/9370/7260 1689/9371/7259 1849/9372/7258
f 1850/9373/7260 1724/9374/7261 1689/9375/7259
f 1851/9376/7262 1724/9377/7261 1850/9378/7260
f 1851/9379/7262 1723/9380/7263 1724/9381/7261
f 1852/9382/7264 1723/9383/7263 1851/9384/7262
f 1852/9385/7264 1722/9386/7265 1723/9387/7263
f 1853/9388/7266 1722/9389/7265 1852/9390/7264
f 1853/9391/7266 1721/9392/7267 1722/9393/7265
f 1854/9394/7268 1721/9395/7267 1853/9396/7266
f 1854/9397/7268 1720/9398/7269 1721/9399/7267
f 1855/9400/7270 1720/9401/7269 1854/9402/7268
f 1855/9403/7270 1719/9404/7271 1720/9405/7269
f 1856/9406/7272 1719/9407/7271 1855/9408/7270
f 1856/9409/7272 1718/9410/7273 1719/9411/7271
f 1857/9412/7274 1718/9413/7273 1856/9414/7272
f 1857/9415/7274 1717/9416/7275 1718/9417/7273
f 1858/9418/7276 1717/9419/7275 1857/9420/7274
f 1858/9421/7276 1716/9422/7277 1717/9423/7275
f 1859/9424/7278 1716/9425/7277 1858/9426/7276
f 1859/9427/7278 1715/9428/7209 1716/9429/7277
f 1860/9430/7207 1715/9431/7209 1859/9432/7278
f 1823/9433/7279 1314/9434/7280 1315/9435/7281
f 1823/9436/7282 1313/9437/7283 1314/9438/7284
f 1312/9439/7285 1313/9440/7286 1823/9441/7287
f 1496/9442/7288 1335/9443/7289 1336/9444/7290
f 1496/9445/7291 1334/9446/7292 1335/9447/7293
f 1333/9448/7294 1334/9449/7295 1496/9450/7296
f 1523/9451/7297 1324/9452/7298 1325/9453/7299
f 1523/9454/7300 1323/9455/7301 1324/9456/7302
f 1322/9457/7303 1323/9458/7304 1523/9459/7305
f 1523/9460/7306 1320/9461/7307 1321/9462/7308
f 1523/9463/7309 1319/9464/7310 1320/9465/7311
f 1823/9466/7312 1319/9467/7313 1523/9468/7314
f 1823/9469/7315 1318/9470/7316 1319/9471/7317
f 1317/9472/7318 1318/9473/7319 1823/9474/7320
f 1316/9475/7321 1823/9476/7322 1315/9477/7323
f 1317/9478/7324 1823/9479/7325 1316/9480/7326
f 1496/9481/7327 1332/9482/7328 1333/9483/7329
f 1496/9484/7330 1331/9485/7331 1332/9486/7332
f 1330/9487/7333 1331/9488/7334 1496/9489/7335
f 1661/9490/7336 1468/9491/7337 1469/9492/7338
f 1661/9493/7339 1467/9494/7340 1468/9495/7341
f 1538/9496/7342 1467/9497/7343 1661/9498/7344
f 1538/9499/7345 1466/9500/7346 1467/9501/7347
f 1465/9502/7348 1466/9503/7349 1538/9504/7350
f 1523/9505/7351 1321/9506/7352 1322/9507/7353
f 1823/9508/7354 1310/9509/7355 1312/9510/7356
f 1823/9511/7357 1311/9512/7358 1310/9513/7359
f 1345/9514/7360 1311/9515/7361 1823/9516/7362
f 1343/9517/7363 1496/9518/7364 1342/9519/7365
f 1823/9520/7366 1496/9521/7367 1343/9522/7368
f 1823/9523/7369 257/9524/7370 1496/9525/7371
f 1822/9526/7372 257/9527/7373 1823/9528/7374
f 1822/9529/7375 1416/9530/7376 257/9531/7377
f 1415/9532/7378 1416/9533/7379 1822/9534/7380
f 1538/9535/7381 1464/9536/7382 1465/9537/7383
f 1538/9538/7384 1463/9539/7385 1464/9540/7386
f 1462/9541/7387 1463/9542/7388 1538/9543/7389
f 1496/9544/7390 1522/9545/7391 1523/9546/7392
f 1496/9547/7390 1531/9548/7393 1522/9549/7391
f 1493/9550/7394 1531/9551/7393 1496/9552/7390
f 1493/9553/7394 1530/9554/7395 1531/9555/7393
f 1539/9556/7396 1530/9557/7395 1493/9558/7394
f 1344/9559/7397 1823/9560/7398 1343/9561/7399
f 1345/9562/7400 1823/9563/7401 1344/9564/7402
f 1496/9565/7403 1341/9566/7404 1342/9567/7405
f 1496/9568/7406 1340/9569/7407 1341/9570/7408
f 1339/9571/7409 1340/9572/7410 1496/9573/7411
f 1496/9574/7412 1338/9575/7413 1339/9576/7414
f 1496/9577/7415 1337/9578/7416 1338/9579/7417
f 1336/9580/7418 1337/9581/7419 1496/9582/7420
f 1822/9583/7421 1407/9584/7422 1408/9585/7423
f 1822/9586/7424 1406/9587/7425 1407/9588/7426
f 1827/9589/7427 1406/9590/7428 1822/9591/7429
f 1827/9592/7430 1405/9593/7431 1406/9594/7432
f 1404/9595/7433 1405/9596/7434 1827/9597/7435
f 1538/9598/7436 1461/9599/7437 1462/9600/7438
f 1538/9601/7439 1460/9602/7440 1461/9603/7441
f 1459/9604/7442 1460/9605/7443 1538/9606/7444
f 1328/9607/7445 1523/9608/7446 1327/9609/7447
f 1329/9610/7448 1523/9611/7449 1328/9612/7450
f 1329/9613/7451 1496/9614/7390 1523/9615/7392
f 1330/9616/7452 1496/9617/7453 1329/9618/7454
f 1661/9619/7455 1471/9620/7456 1472/9621/7457
f 1661/9622/7458 1470/9623/7459 1471/9624/7460
f 1469/9625/7461 1470/9626/7462 1661/9627/7463
f 1538/9628/7464 1457/9629/7465 1456/9630/7466
f 1538/9631/7467 1491/9632/7468 1457/9633/7469
f 1493/9634/7470 1491/9635/7471 1538/9636/7472
f 1493/9637/7473 1490/9638/7474 1491/9639/7475
f 1489/9640/7476 1490/9641/7477 1493/9642/7478
f 1493/9643/7479 1483/9644/7480 1484/9645/7481
f 1493/9646/7482 1482/9647/7483 1483/9648/7484
f 1481/9649/7485 1482/9650/7486 1493/9651/7487
f 1493/9652/7488 1480/9653/7489 1481/9654/7490
f 1493/9655/7491 1479/9656/7492 1480/9657/7493
f 1478/9658/7494 1479/9659/7495 1493/9660/7496
f 1493/9661/7497 1477/9662/7498 1478/9663/7499
f 1493/9664/7500 1661/9665/7501 1477/9666/7502
f 282/9667/7503 1661/9668/7504 1493/9669/7505
f 282/9670/7506 1262/9671/7507 1661/9672/7508
f 1261/9673/7509 1262/9674/7510 282/9675/7511
f 1493/9676/7394 1538/9677/7512 1539/9678/7396
f 1523/9679/7513 1326/9680/7514 1327/9681/7515
f 1325/9682/7516 1326/9683/7517 1523/9684/7518
f 1822/9685/7519 1414/9686/7520 1415/9687/7521
f 1822/9688/7522 1413/9689/7523 1414/9690/7524
f 1412/9691/7525 1413/9692/7526 1822/9693/7527
f 1822/9694/7528 1411/9695/7529 1412/9696/7530
f 1822/9697/7531 1410/9698/7532 1411/9699/7533
f 1409/9700/7534 1410/9701/7535 1822/9702/7536
f 1826/9703/7537 1404/9704/7538 1827/9705/7539
f 1826/9706/7540 1403/9707/7541 1404/9708/7542
f 1402/9709/7543 1403/9710/7544 1826/9711/7545
f 253/9712/7546 1418/9713/7547 1384/9714/7548
f 253/9715/7549 1417/9716/7550 1418/9717/7551
f 257/9718/7552 1417/9719/7553 253/9720/7554
f 1661/9721/7555 1474/9722/7556 1475/9723/7557
f 1661/9724/7558 1473/9725/7559 1474/9726/7560
f 1472/9727/7561 1473/9728/7562 1661/9729/7563
f 1493/9730/7564 1487/9731/7565 1488/9732/7566
f 1493/9733/7567 1486/9734/7568 1487/9735/7569
f 1485/9736/7570 1486/9737/7571 1493/9738/7572
f 1408/9739/7573 1409/9740/7574 1822/9741/7575
f 253/9742/7576 1388/9743/7577 1389/9744/7578
f 253/9745/7579 1387/9746/7580 1388/9747/7581
f 1386/9748/7582 1387/9749/7583 253/9750/7584
f 253/9751/7585 1385/9752/7586 1386/9753/7587
f 253/9754/7588 1383/9755/7589 1385/9756/7590
f 1384/9757/7591 1383/9758/7592 253/9759/7593
f 1493/9760/7594 1484/9761/7595 1485/9762/7596
f 1547/9763/7597 1659/9764/7598 1546/9765/7599
f 1660/9766/7600 1659/9767/7598 1547/9768/7597
f 1660/9769/7601 1267/9770/7602 1659/9771/7603
f 1661/9772/7604 1267/9773/7602 1660/9774/7601
f 1661/9775/7605 1266/9776/7606 1267/9777/7607
f 1265/9778/7608 1266/9779/7609 1661/9780/7610
f 282/9781/7611 1259/9782/7612 1260/9783/7613
f 282/9784/7614 1258/9785/7615 1259/9786/7616
f 280/9787/7617 1258/9788/7618 282/9789/7619
f 280/9790/7620 1257/9791/7621 1258/9792/7622
f 1256/9793/7623 1257/9794/7624 280/9795/7625
f 1661/9796/7626 1476/9797/7627 1477/9798/7628
f 1475/9799/7629 1476/9800/7630 1661/9801/7631
f 1458/9802/7632 1538/9803/7633 1456/9804/7634
f 1459/9805/7635 1538/9806/7636 1458/9807/7637
f 1488/9808/7638 1489/9809/7639 1493/9810/7640
f 1658/9811/7641 1268/9812/7642 1269/9813/7643
f 1658/9814/7644 1267/9815/7645 1268/9816/7646
f 1659/9817/7603 1267/9818/7602 1658/9819/7647
f 282/9820/7648 1260/9821/7649 1261/9822/7650
f 280/9823/7651 1255/9824/7652 1256/9825/7653
f 280/9826/7654 1254/9827/7655 1255/9828/7656
f 1253/9829/7657 1254/9830/7658 280/9831/7659
f 1661/9832/7660 1264/9833/7661 1265/9834/7662
f 1661/9835/7663 1263/9836/7664 1264/9837/7665
f 1262/9838/7666 1263/9839/7667 1661/9840/7668
f 280/9841/7669 1252/9842/7670 1253/9843/7671
f 280/9844/7672 1251/9845/7673 1252/9846/7674
f 277/9847/7675 1251/9848/7676 280/9849/7677
f 277/9850/7678 1250/9851/7679 1251/9852/7680
f 1249/9853/7681 1250/9854/7682 277/9855/7683
f 1668/9856/7684 1248/9857/7685 1249/9858/7686
f 1668/9859/7687 1247/9860/7688 1248/9861/7689
f 1688/9862/7690 1247/9863/7691 1668/9864/7692
f 1688/9865/7693 1246/9866/7694 1247/9867/7695
f 1245/9868/7696 1246/9869/7697 1688/9870/7698
f 1822/9871/7699 1515/9872/7700 1827/9873/7701
f 1514/9874/7702 1515/9875/7700 1822/9876/7699
f 1416/9877/7703 1417/9878/7704 257/9879/7705
f 1828/9880/7706 1398/9881/7707 1399/9882/7708
f 1828/9883/7709 1397/9884/7710 1398/9885/7711
f 1396/9886/7712 1397/9887/7713 1828/9888/7714
f 1828/9889/7715 1393/9890/7716 1394/9891/7717
f 1828/9892/7718 1392/9893/7719 1393/9894/7720
f 1726/9895/7721 1392/9896/7722 1828/9897/7723
f 1726/9898/7724 1391/9899/7725 1392/9900/7726
f 1390/9901/7727 1391/9902/7728 1726/9903/7729
f 1506/9904/7730 1402/9905/7731 1826/9906/7732
f 1506/9907/7733 1401/9908/7734 1402/9909/7735
f 1828/9910/7736 1401/9911/7737 1506/9912/7738
f 1828/9913/7739 1400/9914/7740 1401/9915/7741
f 1399/9916/7742 1400/9917/7743 1828/9918/7744
f 1658/9919/7745 1238/9920/7746 1237/9921/7747
f 1658/9922/7748 1272/9923/7749 1238/9924/7750
f 1271/9925/7751 1272/9926/7752 1658/9927/7753
f 1270/9928/7754 1658/9929/7755 1269/9930/7756
f 1828/9931/7757 1395/9932/7758 1396/9933/7759
f 1394/9934/7760 1395/9935/7761 1828/9936/7762
f 277/9937/7763 1668/9938/7764 1249/9939/7765
f 1688/9940/7766 1244/9941/7767 1245/9942/7768
f 1688/9943/7769 1243/9944/7770 1244/9945/7771
f 1242/9946/7772 1243/9947/7773 1688/9948/7774
f 1270/9949/7775 1271/9950/7776 1658/9951/7777
f 1726/9952/7778 1389/9953/7779 1390/9954/7780
f 1726/9955/7781 253/9956/7782 1389/9957/7783
f 252/9958/7784 253/9959/7785 1726/9960/7786
f 1688/9961/7787 1241/9962/7788 1242/9963/7789
f 1688/9964/7790 1240/9965/7791 1241/9966/7792
f 1239/9967/7793 1240/9968/7794 1688/9969/7795
f 1554/9970/7796 1237/9971/7797 1239/9972/7798
f 1554/9973/7799 1658/9974/7800 1237/9975/7801
f 1555/9976/7802 1658/9977/7803 1554/9978/7804
f 1688/9979/7805 1554/9980/7806 1239/9981/7807
f 1688/9982/7808 1553/9983/7809 1554/9984/7810
f 1552/9985/7811 1553/9986/7809 1688/9987/7808
f 1826/9988/7812 1507/9989/7813 1506/9990/7814
f 1504/9991/7815 1828/9992/7816 1506/9993/7817
f 1504/9994/7815 1825/9995/7818 1828/9996/7816
f 1505/9997/7819 1825/9998/7818 1504/9999/7815
f 1688/10000/7808 1657/10001/7820 1552/10002/7811
f 275/10003/7821 899/10004/7822 900/10005/7823
f 275/10006/7824 898/10007/7825 899/10008/7826
f 284/10009/7827 898/10010/7828 275/10011/7829
f 284/10012/7830 1820/10013/7831 898/10014/7832
f 1494/10015/7833 1820/10016/7834 284/10017/7835
f 1494/10018/7836 1123/10019/7837 1820/10020/7838
f 1122/10021/7839 1123/10022/7840 1494/10023/7841
f 1494/10024/7842 1121/10025/7843 1122/10026/7844
f 1494/10027/7845 1120/10028/7846 1121/10029/7847
f 1119/10030/7848 1120/10031/7849 1494/10032/7850
f 1189/10033/7851 1136/10034/7852 1137/10035/7853
f 1189/10036/7854 1135/10037/7855 1136/10038/7856
f 1820/10039/7857 1135/10040/7858 1189/10041/7859
f 1820/10042/7860 1134/10043/7861 1135/10044/7862
f 1133/10045/7863 1134/10046/7864 1820/10047/7865
f 1494/10048/7866 1118/10049/7867 1119/10050/7868
f 1494/10051/7869 1117/10052/7870 1118/10053/7871
f 1116/10054/7872 1117/10055/7873 1494/10056/7874
f 1494/10057/7875 1115/10058/7876 1116/10059/7877
f 1494/10060/7878 1114/10061/7879 1115/10062/7880
f 1113/10063/7881 1114/10064/7882 1494/10065/7883
f 1494/10066/7884 1112/10067/7885 1113/10068/7886
f 1494/10069/7887 1111/10070/7888 1112/10071/7889
f 1189/10072/7890 1111/10073/7891 1494/10074/7892
f 1189/10075/7893 1110/10076/7894 1111/10077/7895
f 1108/10078/7896 1110/10079/7897 1189/10080/7898
f 1820/10081/7899 1132/10082/7900 1133/10083/7901
f 1820/10084/7902 1131/10085/7903 1132/10086/7904
f 1130/10087/7905 1131/10088/7906 1820/10089/7907
f 1499/10090/7908 972/10091/7909 973/10092/7910
f 1499/10093/7911 971/10094/7912 972/10095/7913
f 970/10096/7914 971/10097/7915 1499/10098/7916
f 1189/10099/7917 1109/10100/7918 1108/10101/7919
f 1189/10102/7920 1143/10103/7921 1109/10104/7922
f 1142/10105/7923 1143/10106/7924 1189/10107/7925
f 1662/10108/7926 992/10109/7927 993/10110/7928
f 1662/10111/7929 991/10112/7930 992/10113/7931
f 1180/10114/7932 991/10115/7933 1662/10116/7934
f 1180/10117/7935 990/10118/7936 991/10119/7937
f 989/10120/7938 990/10121/7939 1180/10122/7940
f 1180/10123/7941 984/10124/7942 985/10125/7943
f 1180/10126/7944 983/10127/7945 984/10128/7946
f 982/10129/7947 983/10130/7948 1180/10131/7949
f 1180/10132/7950 980/10133/7951 981/10134/7952
f 1180/10135/7953 979/10136/7954 980/10137/7955
f 1499/10138/7956 979/10139/7957 1180/10140/7958
f 1499/10141/7959 978/10142/7960 979/10143/7961
f 977/10144/7962 978/10145/7963 1499/10146/7964
f 1499/10147/7965 969/10148/7966 970/10149/7967
f 1499/10150/7968 968/10151/7969 969/10152/7970
f 967/10153/7971 968/10154/7972 1499/10155/7973
f 1499/10156/7974 1662/10157/7975 967/10158/7976
f 255/10159/7977 1662/10160/7978 1499/10161/7979
f 255/10162/7980 1040/10163/7981 1662/10164/7982
f 1039/10165/7983 1040/10166/7984 255/10167/7985
f 1189/10168/7986 1141/10169/7987 1142/10170/7988
f 1189/10171/7989 1140/10172/7990 1141/10173/7991
f 1139/10174/7992 1140/10175/7993 1189/10176/7994
f 1189/10177/7995 1138/10178/7996 1139/10179/7997
f 1137/10180/7998 1138/10181/7999 1189/10182/8000
f 981/10183/8001 982/10184/8002 1180/10185/8003
f 1499/10186/8004 975/10187/8005 976/10188/8006
f 1499/10189/8007 974/10190/8008 975/10191/8009
f 973/10192/8010 974/10193/8011 1499/10194/8012
f 1662/10195/8013 966/10196/8014 967/10197/8015
f 1662/10198/8016 965/10199/8017 966/10200/8018
f 964/10201/8019 965/10202/8020 1662/10203/8021
f 1180/10204/8022 988/10205/8023 989/10206/8024
f 1180/10207/8025 987/10208/8026 988/10209/8027
f 986/10210/8028 987/10211/8029 1180/10212/8030
f 985/10213/8031 986/10214/8032 1180/10215/8033
f 1499/10216/8034 976/10217/8035 977/10218/8036
f 1820/10219/8037 1126/10220/8038 1127/10221/8039
f 1820/10222/8040 1125/10223/8041 1126/10224/8042
f 1124/10225/8043 1125/10226/8044 1820/10227/8045
f 1662/10228/8046 962/10229/8047 964/10230/8048
f 1662/10231/8049 963/10232/8050 962/10233/8051
f 997/10234/8052 963/10235/8053 1662/10236/8054
f 1662/10237/8055 995/10238/8056 996/10239/8057
f 1662/10240/8058 994/10241/8059 995/10242/8060
f 993/10243/8061 994/10244/8062 1662/10245/8063
f 1494/10246/8064 1197/10247/8065 1188/10248/8066
f 1494/10249/8064 1196/10250/8067 1197/10251/8065
f 1499/10252/8068 1196/10253/8067 1494/10254/8064
f 1499/10255/8068 1181/10256/8069 1196/10257/8067
f 1180/10258/8070 1181/10259/8069 1499/10260/8068
f 1665/10261/8071 1052/10262/8072 1053/10263/8073
f 1665/10264/8074 1051/10265/8075 1052/10266/8076
f 1664/10267/8077 1051/10268/8078 1665/10269/8079
f 1664/10270/8080 1050/10271/8081 1051/10272/8082
f 1049/10273/8083 1050/10274/8084 1664/10275/8085
f 917/10276/8086 1686/10277/8087 916/10278/8088
f 1149/10279/8089 1686/10280/8090 917/10281/8091
f 1149/10282/8092 1687/10283/8093 1686/10284/8094
f 1150/10285/8095 1687/10286/8096 1149/10287/8097
f 1150/10288/8098 1819/10289/8099 1687/10290/8100
f 1151/10291/8101 1819/10292/8099 1150/10293/8098
f 1820/10294/8102 897/10295/8103 898/10296/8104
f 1820/10297/8105 896/10298/8106 897/10299/8107
f 1821/10300/8108 896/10301/8109 1820/10302/8110
f 1821/10303/8111 895/10304/8112 896/10305/8113
f 894/10306/8114 895/10307/8115 1821/10308/8116
f 1817/10309/8117 893/10310/8118 894/10311/8119
f 1817/10312/8120 892/10313/8121 893/10314/8122
f 1818/10315/8123 892/10316/8124 1817/10317/8125
f 1818/10318/8126 891/10319/8127 892/10320/8128
f 889/10321/8129 891/10322/8130 1818/10323/8131
f 1818/10324/8132 924/10325/8133 890/10326/8134
f 1818/10327/8135 923/10328/8136 924/10329/8137
f 922/10330/8138 923/10331/8139 1818/10332/8140
f 1662/10333/8141 996/10334/8142 997/10335/8143
f 1123/10336/8144 1124/10337/8145 1820/10338/8146
f 1820/10339/8147 1129/10340/8148 1130/10341/8149
f 1820/10342/8150 1128/10343/8151 1129/10344/8152
f 1127/10345/8153 1128/10346/8154 1820/10347/8155
f 1665/10348/8156 1058/10349/8157 1059/10350/8158
f 1665/10351/8159 1057/10352/8160 1058/10353/8161
f 1056/10354/8162 1057/10355/8163 1665/10356/8164
f 1663/10357/8165 1047/10358/8166 1048/10359/8167
f 1663/10360/8168 1046/10361/8169 1047/10362/8170
f 1045/10363/8171 1046/10364/8172 1663/10365/8173
f 1663/10366/8174 1044/10367/8175 1045/10368/8176
f 1663/10369/8177 1043/10370/8178 1044/10371/8179
f 1042/10372/8180 1043/10373/8181 1663/10374/8182
f 1149/10375/8183 919/10376/8184 920/10377/8185
f 1149/10378/8186 918/10379/8187 919/10380/8188
f 917/10381/8189 918/10382/8190 1149/10383/8191
f 1686/10384/8192 915/10385/8193 916/10386/8194
f 1686/10387/8195 914/10388/8196 915/10389/8197
f 913/10390/8198 914/10391/8199 1686/10392/8200
f 1821/10393/8201 1817/10394/8202 894/10395/8203
f 1821/10396/8204 1157/10397/8205 1817/10398/8206
f 1156/10399/8207 1157/10400/8205 1821/10401/8204
f 1818/10402/8208 890/10403/8209 889/10404/8210
f 255/10405/8211 1038/10406/8212 1039/10407/8213
f 244/10408/8214 1038/10409/8215 255/10410/8216
f 244/10411/8217 1037/10412/8218 1038/10413/8219
f 1035/10414/8220 1037/10415/8221 244/10416/8222
f 1665/10417/8223 1055/10418/8224 1056/10419/8225
f 1665/10420/8226 1054/10421/8227 1055/10422/8228
f 1053/10423/8229 1054/10424/8230 1665/10425/8231
f 1686/10426/8232 912/10427/8233 913/10428/8234
f 1686/10429/8235 911/10430/8236 912/10431/8237
f 910/10432/8238 911/10433/8239 1686/10434/8240
f 1818/10435/8241 921/10436/8242 922/10437/8243
f 1818/10438/8244 920/10439/8245 921/10440/8246
f 1148/10441/8247 920/10442/8248 1818/10443/8249
f 1663/10444/8250 1041/10445/8251 1042/10446/8252
f 1663/10447/8253 1040/10448/8254 1041/10449/8255
f 1662/10450/8256 1040/10451/8257 1663/10452/8258
f 1148/10453/8259 1149/10454/8260 920/10455/8261
f 1779/10456/8262 1069/10457/8263 1070/10458/8264
f 1779/10459/8265 1068/10460/8266 1069/10461/8267
f 1067/10462/8268 1068/10463/8269 1779/10464/8270
f 1779/10465/8271 1064/10466/8272 1065/10467/8273
f 1779/10468/8274 1063/10469/8275 1064/10470/8276
f 1164/10471/8277 1063/10472/8278 1779/10473/8279
f 1164/10474/8280 1062/10475/8281 1063/10476/8282
f 1061/10477/8283 1062/10478/8284 1164/10479/8285
f 1686/10480/8286 909/10481/8287 910/10482/8288
f 1686/10483/8289 908/10484/8290 909/10485/8291
f 274/10486/8292 908/10487/8293 1686/10488/8294
f 274/10489/8295 907/10490/8296 908/10491/8297
f 906/10492/8298 907/10493/8299 274/10494/8300
f 1188/10495/8066 1189/10496/8301 1494/10497/8064
f 1173/10498/8302 1664/10499/8303 1172/10500/8304
f 1663/10501/8305 1664/10502/8303 1173/10503/8302
f 1663/10504/8306 1049/10505/8307 1664/10506/8308
f 1048/10507/8309 1049/10508/8310 1663/10509/8311
f 1066/10510/8312 1779/10511/8313 1065/10512/8314
f 1067/10513/8315 1779/10514/8316 1066/10515/8317
f 275/10516/8318 905/10517/8319 906/10518/8320
f 275/10519/8321 904/10520/8322 905/10521/8323
f 903/10522/8324 904/10523/8325 275/10524/8326
f 1164/10525/8327 1060/10526/8328 1061/10527/8329
f 1164/10528/8330 1665/10529/8331 1060/10530/8332
f 1165/10531/8333 1665/10532/8334 1164/10533/8335
f 275/10534/8336 902/10535/8337 903/10536/8338
f 275/10537/8339 901/10538/8340 902/10539/8341
f 900/10540/8342 901/10541/8343 275/10542/8344
f 1036/10543/8345 1779/10544/8346 1070/10545/8347
f 1036/10546/8348 243/10547/8349 1779/10548/8350
f 1035/10549/8351 243/10550/8352 1036/10551/8353
f 1059/10552/8354 1060/10553/8355 1665/10554/8356
f 274/10555/8357 275/10556/8358 906/10557/8359
f 1829/10558/8360 1164/10559/8361 1779/10560/8362
f 1829/10561/8363 1166/10562/8364 1164/10563/8365
f 1167/10564/8366 1166/10565/8367 1829/10566/8368
f 1829/10567/8368 1667/10568/8369 1167/10569/8366
f 244/10570/8370 243/10571/8371 1035/10572/8372
# 1865 vertices
# 10572 texture params
# 8372 normals
# 3738 facets

# 1 groups
