# WaveFront *.obj file (generated by Autodesk ATF)

mtllib hinge.mtl

g Body10

v 139.550002 -0.000000 0.000000
v 139.568779 0.232596 0.000000
v 139.624624 0.459169 0.000000
v 139.716091 0.673849 0.000000
v 139.840810 0.871076 0.000000
v 139.995552 1.045744 0.000000
v 140.176308 1.193327 0.000000
v 140.378398 1.310003 0.000000
v 140.596587 1.392751 0.000000
v 140.825224 1.439428 0.000000
v 141.058388 1.448824 0.000000
v 141.290039 1.420696 0.000000
v 141.514179 1.355774 0.000000
v 141.725002 1.255737 0.000000
v 141.917048 1.123177 0.000000
v 142.085343 0.961528 0.000000
v 142.225528 0.774975 0.000000
v 142.333972 0.568352 0.000000
v 142.407868 0.347008 0.000000
v 142.445300 0.116677 0.000000
v 142.445300 -0.116677 0.000000
v 142.407868 -0.347008 0.000000
v 142.333972 -0.568352 0.000000
v 142.225528 -0.774975 0.000000
v 142.085343 -0.961528 0.000000
v 141.917048 -1.123177 0.000000
v 141.725002 -1.255737 0.000000
v 141.514179 -1.355774 0.000000
v 141.290039 -1.420696 0.000000
v 141.058388 -1.448824 0.000000
v 140.825224 -1.439428 0.000000
v 140.596587 -1.392751 0.000000
v 140.378398 -1.310003 0.000000
v 140.176308 -1.193327 0.000000
v 139.995552 -1.045744 0.000000
v 139.840810 -0.871076 0.000000
v 139.716091 -0.673849 0.000000
v 139.624624 -0.459169 0.000000
v 139.568779 -0.232596 0.000000
v 142.450002 0.000000 3.000000
v 142.431225 0.232596 3.000000
v 142.375380 0.459169 3.000000
v 142.283913 0.673849 3.000000
v 142.159194 0.871076 3.000000
v 142.004452 1.045744 3.000000
v 141.823696 1.193327 3.000000
v 141.621606 1.310003 3.000000
v 141.403417 1.392751 3.000000
v 141.174780 1.439428 3.000000
v 140.941616 1.448824 3.000000
v 140.709965 1.420696 3.000000
v 140.485825 1.355774 3.000000
v 140.275002 1.255737 3.000000
v 140.082956 1.123177 3.000000
v 139.914662 0.961528 3.000000
v 139.774476 0.774975 3.000000
v 139.666032 0.568352 3.000000
v 139.592136 0.347008 3.000000
v 139.554704 0.116677 3.000000
v 139.554704 -0.116677 3.000000
v 139.592136 -0.347008 3.000000
v 139.666032 -0.568352 3.000000
v 139.774476 -0.774975 3.000000
v 139.914662 -0.961528 3.000000
v 140.082956 -1.123177 3.000000
v 140.275002 -1.255737 3.000000
v 140.485825 -1.355774 3.000000
v 140.709965 -1.420696 3.000000
v 140.941616 -1.448824 3.000000
v 141.174780 -1.439428 3.000000
v 141.403417 -1.392751 3.000000
v 141.621606 -1.310003 3.000000
v 141.823696 -1.193327 3.000000
v 142.004452 -1.045744 3.000000
v 142.159194 -0.871076 3.000000
v 142.283913 -0.673849 3.000000
v 142.375380 -0.459169 3.000000
v 142.431225 -0.232596 3.000000
v 138.708714 -1.000000 1.500000
v 138.708714 -1.000000 0.000000
v 138.850110 -1.275917 0.000000
v 139.024570 -1.532211 0.000000
v 139.229412 -1.764939 0.000000
v 139.461485 -1.970524 0.000000
v 139.717220 -2.145803 0.000000
v 139.992683 -2.288080 0.000000
v 140.283639 -2.395167 0.000000
v 140.585612 -2.465417 0.000000
v 140.893958 -2.497750 0.000000
v 141.203935 -2.491668 0.000000
v 141.510776 -2.447266 0.000000
v 141.809761 -2.365225 0.000000
v 142.096293 -2.246808 0.000000
v 142.365964 -2.093836 0.000000
v 142.614627 -1.908661 0.000000
v 142.838457 -1.694132 0.000000
v 143.034013 -1.453548 0.000000
v 143.198286 -1.190608 0.000000
v 143.328750 -0.909358 0.000000
v 143.423399 -0.614121 0.000000
v 143.480778 -0.309440 0.000000
v 143.500002 0.000000 0.000000
v 143.480778 0.309440 0.000000
v 143.423399 0.614121 0.000000
v 143.328750 0.909358 0.000000
v 143.198286 1.190608 0.000000
v 143.034013 1.453548 0.000000
v 142.838457 1.694132 0.000000
v 142.614627 1.908661 0.000000
v 142.365964 2.093836 0.000000
v 142.096293 2.246808 0.000000
v 141.809761 2.365225 0.000000
v 141.510776 2.447266 0.000000
v 141.203935 2.491668 0.000000
v 140.893958 2.497750 0.000000
v 140.585612 2.465417 0.000000
v 140.283639 2.395167 0.000000
v 139.992683 2.288080 0.000000
v 139.717220 2.145803 0.000000
v 139.461485 1.970524 0.000000
v 139.229412 1.764939 0.000000
v 139.024570 1.532211 0.000000
v 138.850110 1.275917 0.000000
v 138.708714 1.000000 0.000000
v 138.708714 1.000000 1.500000
v 138.607228 0.724315 1.500000
v 138.538782 0.438629 1.500000
v 138.504321 0.146886 1.500000
v 138.504321 -0.146886 1.500000
v 138.538782 -0.438629 1.500000
v 138.607228 -0.724315 1.500000
v 138.500002 -0.000000 3.000000
v 138.518951 0.307221 3.000000
v 138.575510 0.609784 3.000000
v 138.668822 0.903104 3.000000
v 138.797472 1.182734 3.000000
v 138.959510 1.444435 3.000000
v 139.152480 1.684239 3.000000
v 139.373456 1.898512 3.000000
v 139.619090 2.084006 3.000000
v 139.885656 2.237908 3.000000
v 140.169115 2.357886 3.000000
v 140.465169 2.442121 3.000000
v 140.769331 2.489335 3.000000
v 141.076990 2.498814 3.000000
v 141.383481 2.470414 3.000000
v 141.684160 2.404564 3.000000
v 141.974467 2.302264 3.000000
v 142.250002 2.165064 3.000000
v 142.506589 1.995043 3.000000
v 142.740337 1.794780 3.000000
v 142.947704 1.567310 3.000000
v 143.125545 1.316080 3.000000
v 143.271165 1.044901 3.000000
v 143.382357 0.757882 3.000000
v 143.457435 0.459374 3.000000
v 143.495260 0.153902 3.000000
v 143.495260 -0.153902 3.000000
v 143.457435 -0.459374 3.000000
v 143.382357 -0.757882 3.000000
v 143.271165 -1.044901 3.000000
v 143.125545 -1.316080 3.000000
v 142.947704 -1.567310 3.000000
v 142.740337 -1.794780 3.000000
v 142.506589 -1.995043 3.000000
v 142.250002 -2.165064 3.000000
v 141.974467 -2.302264 3.000000
v 141.684160 -2.404564 3.000000
v 141.383481 -2.470414 3.000000
v 141.076990 -2.498814 3.000000
v 140.769331 -2.489335 3.000000
v 140.465169 -2.442121 3.000000
v 140.169115 -2.357886 3.000000
v 139.885656 -2.237908 3.000000
v 139.619090 -2.084006 3.000000
v 139.373456 -1.898512 3.000000
v 139.152480 -1.684239 3.000000
v 138.959510 -1.444435 3.000000
v 138.797472 -1.182734 3.000000
v 138.668822 -0.903104 3.000000
v 138.575510 -0.609784 3.000000
v 138.518951 -0.307221 3.000000
v 133.562305 1.000000 1.500000
v 133.638590 0.671323 1.500000
v 133.684617 0.337063 1.500000
v 133.700002 0.000000 1.500000
v 133.684617 -0.337063 1.500000
v 133.638590 -0.671323 1.500000
v 133.562305 -1.000000 1.500000
v 133.562305 1.000000 0.000000
v 126.300002 -0.000000 3.000000
v 126.319612 0.380438 3.000000
v 126.378236 0.756843 3.000000
v 126.475251 1.125225 3.000000
v 126.609629 1.481679 3.000000
v 126.779947 1.822428 3.000000
v 126.984397 2.143858 3.000000
v 127.220814 2.442563 3.000000
v 127.486691 2.715376 3.000000
v 127.779209 2.959405 3.000000
v 128.095269 3.172064 3.000000
v 128.431519 3.351098 3.000000
v 128.784395 3.494610 3.000000
v 129.150157 3.601078 3.000000
v 129.524928 3.669374 3.000000
v 129.904735 3.698773 3.000000
v 130.285551 3.688965 3.000000
v 130.663341 3.640052 3.000000
v 131.034099 3.552555 3.000000
v 131.393895 3.427399 3.000000
v 131.738916 3.265912 3.000000
v 132.065504 3.069805 3.000000
v 132.370197 2.841158 3.000000
v 132.649765 2.582393 3.000000
v 132.901245 2.296255 3.000000
v 133.121972 1.985776 3.000000
v 133.309604 1.654247 3.000000
v 133.462154 1.305183 3.000000
v 133.578005 0.942283 3.000000
v 133.655927 0.569395 3.000000
v 133.695096 0.190471 3.000000
v 133.695096 -0.190471 3.000000
v 133.655927 -0.569395 3.000000
v 133.578005 -0.942283 3.000000
v 133.462154 -1.305183 3.000000
v 133.309604 -1.654247 3.000000
v 133.121972 -1.985776 3.000000
v 132.901245 -2.296255 3.000000
v 132.649765 -2.582393 3.000000
v 132.370197 -2.841158 3.000000
v 132.065504 -3.069805 3.000000
v 131.738916 -3.265912 3.000000
v 131.393895 -3.427399 3.000000
v 131.034099 -3.552555 3.000000
v 130.663341 -3.640052 3.000000
v 130.285551 -3.688965 3.000000
v 129.904735 -3.698773 3.000000
v 129.524928 -3.669374 3.000000
v 129.150157 -3.601078 3.000000
v 128.784395 -3.494610 3.000000
v 128.431519 -3.351098 3.000000
v 128.095269 -3.172064 3.000000
v 127.779209 -2.959405 3.000000
v 127.486691 -2.715376 3.000000
v 127.220814 -2.442563 3.000000
v 126.984397 -2.143858 3.000000
v 126.779947 -1.822428 3.000000
v 126.609629 -1.481679 3.000000
v 126.475251 -1.125225 3.000000
v 126.378236 -0.756843 3.000000
v 126.319612 -0.380438 3.000000
v 133.562305 -1.000000 0.000000
v 133.444973 1.349879 0.000000
v 133.293373 1.686329 0.000000
v 133.109012 2.006005 0.000000
v 132.893724 2.305726 0.000000
v 132.649651 2.582511 0.000000
v 132.379220 2.833606 0.000000
v 132.085122 3.056514 0.000000
v 131.770282 3.249017 0.000000
v 131.437832 3.409200 0.000000
v 131.091079 3.535470 0.000000
v 130.733473 3.626571 0.000000
v 130.368571 3.681597 0.000000
v 130.000002 3.700000 0.000000
v 129.631433 3.681597 0.000000
v 129.266531 3.626571 0.000000
v 128.908925 3.535470 0.000000
v 128.562172 3.409200 0.000000
v 128.229722 3.249017 0.000000
v 127.914882 3.056514 0.000000
v 127.620784 2.833606 0.000000
v 127.350353 2.582511 0.000000
v 127.106280 2.305726 0.000000
v 126.890992 2.006005 0.000000
v 126.706631 1.686329 0.000000
v 126.555031 1.349879 0.000000
v 126.437699 1.000000 0.000000
v 126.437699 1.000000 1.500000
v 126.361414 0.671323 1.500000
v 126.315387 0.337063 1.500000
v 126.300002 -0.000000 1.500000
v 126.315387 -0.337063 1.500000
v 126.361414 -0.671323 1.500000
v 126.437699 -1.000000 1.500000
v 126.437699 -1.000000 0.000000
v 126.555031 -1.349879 0.000000
v 126.706631 -1.686329 0.000000
v 126.890992 -2.006005 0.000000
v 127.106280 -2.305726 0.000000
v 127.350353 -2.582511 0.000000
v 127.620784 -2.833606 0.000000
v 127.914882 -3.056514 0.000000
v 128.229722 -3.249017 0.000000
v 128.562172 -3.409200 0.000000
v 128.908925 -3.535470 0.000000
v 129.266531 -3.626571 0.000000
v 129.631433 -3.681597 0.000000
v 130.000002 -3.700000 0.000000
v 130.368571 -3.681597 0.000000
v 130.733473 -3.626571 0.000000
v 131.091079 -3.535470 0.000000
v 131.437832 -3.409200 0.000000
v 131.770282 -3.249017 0.000000
v 132.085122 -3.056514 0.000000
v 132.379220 -2.833606 0.000000
v 132.649651 -2.582511 0.000000
v 132.893724 -2.305726 0.000000
v 133.109012 -2.006005 0.000000
v 133.293373 -1.686329 0.000000
v 133.444973 -1.349879 0.000000
v 127.850000 0.000000 3.000000
v 127.869183 0.286567 3.000000
v 127.926391 0.568020 3.000000
v 128.020603 0.839337 3.000000
v 128.150137 1.095676 3.000000
v 128.312681 1.332462 3.000000
v 128.505336 1.545471 3.000000
v 128.724664 1.730901 3.000000
v 128.966749 1.885443 3.000000
v 129.227273 2.006339 3.000000
v 129.501587 2.091431 3.000000
v 129.784794 2.139203 3.000000
v 130.071842 2.148800 3.000000
v 130.357608 2.120051 3.000000
v 130.636992 2.053471 3.000000
v 130.905010 1.950246 3.000000
v 131.156877 1.812219 3.000000
v 131.388100 1.641852 3.000000
v 131.594552 1.442187 3.000000
v 131.772549 1.216786 3.000000
v 131.918915 0.969672 3.000000
v 132.031039 0.705254 3.000000
v 132.106918 0.428250 3.000000
v 132.145199 0.143604 3.000000
v 132.145199 -0.143604 3.000000
v 132.106918 -0.428250 3.000000
v 132.031039 -0.705253 3.000000
v 131.918915 -0.969672 3.000000
v 131.772549 -1.216786 3.000000
v 131.594552 -1.442187 3.000000
v 131.388100 -1.641852 3.000000
v 131.156877 -1.812218 3.000000
v 130.905010 -1.950245 3.000000
v 130.636992 -2.053470 3.000000
v 130.357608 -2.120051 3.000000
v 130.071842 -2.148799 3.000000
v 129.784794 -2.139202 3.000000
v 129.501587 -2.091431 3.000000
v 129.227273 -2.006338 3.000000
v 128.966749 -1.885442 3.000000
v 128.724664 -1.730900 3.000000
v 128.505336 -1.545471 3.000000
v 128.312681 -1.332462 3.000000
v 128.150137 -1.095676 3.000000
v 128.020603 -0.839337 3.000000
v 127.926391 -0.568020 3.000000
v 127.869183 -0.286567 3.000000
v 129.000000 0.000000 3.000000
v 129.019215 -0.195090 3.000000
v 129.076120 -0.382683 3.000000
v 129.168530 -0.555570 3.000000
v 129.292893 -0.707107 3.000000
v 129.444430 -0.831469 3.000000
v 129.617317 -0.923879 3.000000
v 129.804910 -0.980785 3.000000
v 130.000000 -1.000000 3.000000
v 130.195090 -0.980785 3.000000
v 130.382683 -0.923879 3.000000
v 130.555570 -0.831469 3.000000
v 130.707107 -0.707107 3.000000
v 130.831470 -0.555570 3.000000
v 130.923880 -0.382683 3.000000
v 130.980785 -0.195090 3.000000
v 131.000000 0.000000 3.000000
v 130.980785 0.195091 3.000000
v 130.923880 0.382684 3.000000
v 130.831470 0.555570 3.000000
v 130.707107 0.707107 3.000000
v 130.555570 0.831470 3.000000
v 130.382683 0.923880 3.000000
v 130.195090 0.980786 3.000000
v 130.000000 1.000000 3.000000
v 129.804910 0.980786 3.000000
v 129.617317 0.923880 3.000000
v 129.444430 0.831470 3.000000
v 129.292893 0.707107 3.000000
v 129.168530 0.555570 3.000000
v 129.076120 0.382684 3.000000
v 129.019215 0.195091 3.000000
v 131.000000 0.000000 8.500000
v 130.980785 0.195091 8.500000
v 130.923880 0.382684 8.500000
v 130.831470 0.555570 8.500000
v 130.707107 0.707107 8.500000
v 130.555570 0.831470 8.500000
v 130.382683 0.923880 8.500000
v 130.195090 0.980786 8.500000
v 130.000000 1.000000 8.500000
v 129.804910 0.980786 8.500000
v 129.617317 0.923880 8.500000
v 129.444430 0.831470 8.500000
v 129.292893 0.707107 8.500000
v 129.168530 0.555570 8.500000
v 129.076120 0.382684 8.500000
v 129.019215 0.195091 8.500000
v 129.000000 0.000000 8.500000
v 129.019215 -0.195090 8.500000
v 129.076120 -0.382683 8.500000
v 129.168530 -0.555570 8.500000
v 129.292893 -0.707107 8.500000
v 129.444430 -0.831469 8.500000
v 129.617317 -0.923879 8.500000
v 129.804910 -0.980785 8.500000
v 130.000000 -1.000000 8.500000
v 130.195090 -0.980785 8.500000
v 130.382683 -0.923879 8.500000
v 130.555570 -0.831469 8.500000
v 130.707107 -0.707107 8.500000
v 130.831470 -0.555570 8.500000
v 130.923880 -0.382683 8.500000
v 130.980785 -0.195090 8.500000
v 129.000000 0.000000 5.750000
v 129.019215 0.195091 5.750000
v 129.076120 0.382684 5.750000
v 129.168530 0.555570 5.750000
v 129.292893 0.707107 5.750000
v 129.444430 0.831470 5.750000
v 129.617317 0.923880 5.750000
v 129.804910 0.980786 5.750000
v 130.000000 1.000000 5.750000
v 130.195090 0.980786 5.750000
v 130.382683 0.923880 5.750000
v 130.555570 0.831470 5.750000
v 130.707107 0.707107 5.750000
v 130.831470 0.555570 5.750000
v 130.923880 0.382684 5.750000
v 130.980785 0.195091 5.750000
v 131.000000 0.000000 5.750000
v 130.980785 -0.195090 5.750000
v 130.923880 -0.382683 5.750000
v 130.831470 -0.555570 5.750000
v 130.707107 -0.707107 5.750000
v 130.555570 -0.831469 5.750000
v 130.382683 -0.923879 5.750000
v 130.195090 -0.980785 5.750000
v 130.000000 -1.000000 5.750000
v 129.804910 -0.980785 5.750000
v 129.617317 -0.923879 5.750000
v 129.444430 -0.831469 5.750000
v 129.292893 -0.707107 5.750000
v 129.168530 -0.555570 5.750000
v 129.076120 -0.382683 5.750000
v 129.019215 -0.195090 5.750000
v 127.850000 0.000000 8.500000
v 127.869183 0.286567 8.500000
v 127.926391 0.568020 8.500000
v 128.020603 0.839337 8.500000
v 128.150137 1.095676 8.500000
v 128.312681 1.332462 8.500000
v 128.505336 1.545471 8.500000
v 128.724664 1.730901 8.500000
v 128.966749 1.885443 8.500000
v 129.227273 2.006339 8.500000
v 129.501587 2.091431 8.500000
v 129.784794 2.139203 8.500000
v 130.071842 2.148800 8.500000
v 130.357608 2.120051 8.500000
v 130.636992 2.053471 8.500000
v 130.905010 1.950246 8.500000
v 131.156877 1.812219 8.500000
v 131.388100 1.641852 8.500000
v 131.594552 1.442187 8.500000
v 131.772549 1.216786 8.500000
v 131.918915 0.969672 8.500000
v 132.031039 0.705254 8.500000
v 132.106918 0.428250 8.500000
v 132.145199 0.143604 8.500000
v 132.145199 -0.143604 8.500000
v 132.106918 -0.428250 8.500000
v 132.031039 -0.705253 8.500000
v 131.918915 -0.969672 8.500000
v 131.772549 -1.216786 8.500000
v 131.594552 -1.442187 8.500000
v 131.388100 -1.641852 8.500000
v 131.156877 -1.812218 8.500000
v 130.905010 -1.950245 8.500000
v 130.636992 -2.053470 8.500000
v 130.357608 -2.120051 8.500000
v 130.071842 -2.148799 8.500000
v 129.784794 -2.139202 8.500000
v 129.501587 -2.091431 8.500000
v 129.227273 -2.006338 8.500000
v 128.966749 -1.885442 8.500000
v 128.724664 -1.730900 8.500000
v 128.505336 -1.545471 8.500000
v 128.312681 -1.332462 8.500000
v 128.150137 -1.095676 8.500000
v 128.020603 -0.839337 8.500000
v 127.926391 -0.568020 8.500000
v 127.869183 -0.286567 8.500000
v 121.197266 1.000000 0.000000
v 121.197266 1.000000 1.500000
v 121.197266 -1.000000 1.500000
v 121.197266 -1.000000 0.000000
v 121.281830 0.672388 1.500000
v 121.332915 0.337918 1.500000
v 121.350002 0.000000 1.500000
v 121.332915 -0.337918 1.500000
v 121.281830 -0.672388 1.500000
v 121.072036 1.336079 0.000000
v 120.911593 1.656845 0.000000
v 120.717778 1.958619 0.000000
v 120.492812 2.237944 0.000000
v 120.239274 2.491618 0.000000
v 119.960069 2.716733 0.000000
v 119.658397 2.910708 0.000000
v 119.337718 3.071322 0.000000
v 119.001705 3.196731 0.000000
v 118.654211 3.285500 0.000000
v 118.299218 3.336611 0.000000
v 117.940796 3.349477 0.000000
v 117.583052 3.323951 0.000000
v 117.230087 3.260327 0.000000
v 116.885947 3.159333 0.000000
v 116.554577 3.022126 0.000000
v 116.239773 2.850280 0.000000
v 115.945146 2.645764 0.000000
v 115.674071 2.410922 0.000000
v 115.429656 2.148447 0.000000
v 115.214703 1.861346 0.000000
v 115.031674 1.552910 0.000000
v 114.882668 1.226675 0.000000
v 114.769393 0.886379 0.000000
v 114.693148 0.535924 0.000000
v 114.654805 0.179327 0.000000
v 114.654805 -0.179327 0.000000
v 114.693148 -0.535924 0.000000
v 114.769393 -0.886379 0.000000
v 114.882668 -1.226675 0.000000
v 115.031674 -1.552910 0.000000
v 115.214703 -1.861346 0.000000
v 115.429656 -2.148447 0.000000
v 115.674071 -2.410922 0.000000
v 115.945146 -2.645764 0.000000
v 116.239773 -2.850280 0.000000
v 116.554577 -3.022126 0.000000
v 116.885947 -3.159333 0.000000
v 117.230087 -3.260327 0.000000
v 117.583052 -3.323951 0.000000
v 117.940796 -3.349477 0.000000
v 118.299218 -3.336611 0.000000
v 118.654211 -3.285500 0.000000
v 119.001705 -3.196731 0.000000
v 119.337718 -3.071322 0.000000
v 119.658397 -2.910708 0.000000
v 119.960069 -2.716733 0.000000
v 120.239274 -2.491618 0.000000
v 120.492812 -2.237944 0.000000
v 120.717778 -1.958619 0.000000
v 120.911593 -1.656845 0.000000
v 121.072036 -1.336079 0.000000
v 114.650002 0.000000 3.500000
v 114.668980 0.356083 3.500000
v 114.725700 0.708132 3.500000
v 114.819520 1.052157 3.500000
v 114.949375 1.384261 3.500000
v 115.113796 1.700680 3.500000
v 115.310918 1.997831 3.500000
v 115.538508 2.272345 3.500000
v 115.793989 2.521112 3.500000
v 116.074464 2.741314 3.500000
v 116.376756 2.930456 3.500000
v 116.697441 3.086395 3.500000
v 117.032884 3.207364 3.500000
v 117.379285 3.291992 3.500000
v 117.732718 3.339320 3.500000
v 118.089181 3.348813 3.500000
v 118.444632 3.320362 3.500000
v 118.795046 3.254290 3.500000
v 119.136452 3.151346 3.500000
v 119.464981 3.012696 3.500000
v 119.776912 2.839910 3.500000
v 120.068709 2.634948 3.500000
v 120.337067 2.400130 3.500000
v 120.578946 2.138118 3.500000
v 120.791603 1.851880 3.500000
v 120.972631 1.544660 3.500000
v 121.119978 1.219938 3.500000
v 121.231974 0.881394 3.500000
v 121.307351 0.532863 3.500000
v 121.345254 0.178294 3.500000
v 121.345254 -0.178294 3.500000
v 121.307351 -0.532863 3.500000
v 121.231974 -0.881394 3.500000
v 121.119978 -1.219938 3.500000
v 120.972631 -1.544660 3.500000
v 120.791603 -1.851880 3.500000
v 120.578946 -2.138118 3.500000
v 120.337067 -2.400130 3.500000
v 120.068709 -2.634948 3.500000
v 119.776912 -2.839910 3.500000
v 119.464981 -3.012696 3.500000
v 119.136452 -3.151346 3.500000
v 118.795046 -3.254290 3.500000
v 118.444632 -3.320362 3.500000
v 118.089181 -3.348813 3.500000
v 117.732718 -3.339320 3.500000
v 117.379285 -3.291992 3.500000
v 117.032884 -3.207364 3.500000
v 116.697441 -3.086395 3.500000
v 116.376756 -2.930456 3.500000
v 116.074464 -2.741314 3.500000
v 115.793989 -2.521112 3.500000
v 115.538508 -2.272345 3.500000
v 115.310918 -1.997831 3.500000
v 115.113796 -1.700680 3.500000
v 114.949375 -1.384261 3.500000
v 114.819520 -1.052157 3.500000
v 114.725700 -0.708132 3.500000
v 114.668980 -0.356083 3.500000
v 117.000002 -0.000000 7.000000
v 117.019216 0.195090 7.000000
v 117.076122 0.382683 7.000000
v 117.168532 0.555570 7.000000
v 117.292895 0.707107 7.000000
v 117.444432 0.831470 7.000000
v 117.617318 0.923880 7.000000
v 117.804911 0.980785 7.000000
v 118.000002 1.000000 7.000000
v 118.195092 0.980785 7.000000
v 118.382685 0.923880 7.000000
v 118.555572 0.831470 7.000000
v 118.707109 0.707107 7.000000
v 118.831471 0.555570 7.000000
v 118.923881 0.382683 7.000000
v 118.980787 0.195090 7.000000
v 119.000002 0.000000 7.000000
v 118.980787 -0.195090 7.000000
v 118.923881 -0.382683 7.000000
v 118.831471 -0.555570 7.000000
v 118.707109 -0.707107 7.000000
v 118.555572 -0.831470 7.000000
v 118.382685 -0.923880 7.000000
v 118.195092 -0.980785 7.000000
v 118.000002 -1.000000 7.000000
v 117.804911 -0.980785 7.000000
v 117.617318 -0.923880 7.000000
v 117.444432 -0.831470 7.000000
v 117.292895 -0.707107 7.000000
v 117.168532 -0.555570 7.000000
v 117.076122 -0.382683 7.000000
v 117.019216 -0.195090 7.000000
v 117.000002 0.000000 3.500000
v 117.019216 -0.195090 3.500000
v 117.076122 -0.382683 3.500000
v 117.168532 -0.555570 3.500000
v 117.292895 -0.707107 3.500000
v 117.444432 -0.831470 3.500000
v 117.617318 -0.923880 3.500000
v 117.804911 -0.980785 3.500000
v 118.000002 -1.000000 3.500000
v 118.195092 -0.980785 3.500000
v 118.382685 -0.923880 3.500000
v 118.555572 -0.831470 3.500000
v 118.707109 -0.707107 3.500000
v 118.831471 -0.555570 3.500000
v 118.923881 -0.382683 3.500000
v 118.980787 -0.195090 3.500000
v 119.000002 0.000000 3.500000
v 118.980787 0.195090 3.500000
v 118.923881 0.382683 3.500000
v 118.831471 0.555570 3.500000
v 118.707109 0.707107 3.500000
v 118.555572 0.831470 3.500000
v 118.382685 0.923880 3.500000
v 118.195092 0.980785 3.500000
v 118.000002 1.000000 3.500000
v 117.804911 0.980785 3.500000
v 117.617318 0.923880 3.500000
v 117.444432 0.831470 3.500000
v 117.292895 0.707107 3.500000
v 117.168532 0.555570 3.500000
v 117.076122 0.382683 3.500000
v 117.019216 0.195090 3.500000
vt 0.050000 -0.432170 0.000000
vt -0.250000 -0.443851 0.000000
vt 0.050000 -0.455531 0.000000
vt 0.050000 0.455531 0.000000
vt -0.250000 0.467211 0.000000
vt -0.250000 0.443851 0.000000
vt 0.050000 0.432170 0.000000
vt -0.250000 0.420490 0.000000
vt 0.050000 0.408810 0.000000
vt -0.250000 0.397130 0.000000
vt 0.050000 0.385449 0.000000
vt -0.250000 0.373769 0.000000
vt 0.050000 0.362089 0.000000
vt -0.250000 0.350408 0.000000
vt 0.050000 0.338728 0.000000
vt -0.250000 0.327048 0.000000
vt 0.050000 0.315368 0.000000
vt -0.250000 0.303687 0.000000
vt 0.050000 0.292007 0.000000
vt -0.250000 0.280327 0.000000
vt 0.050000 0.268646 0.000000
vt -0.250000 0.256966 0.000000
vt 0.050000 0.245286 0.000000
vt -0.250000 0.233606 0.000000
vt 0.050000 0.221925 0.000000
vt -0.250000 0.210245 0.000000
vt 0.050000 0.198565 0.000000
vt -0.250000 0.186884 0.000000
vt 0.050000 0.175204 0.000000
vt -0.250000 0.163524 0.000000
vt 0.050000 0.151844 0.000000
vt -0.250000 0.140163 0.000000
vt 0.050000 0.128483 0.000000
vt -0.250000 0.116803 0.000000
vt 0.050000 0.105123 0.000000
vt -0.250000 0.093442 0.000000
vt 0.050000 0.081762 0.000000
vt -0.250000 0.070082 0.000000
vt 0.050000 0.058401 0.000000
vt -0.250000 0.046721 0.000000
vt 0.050000 0.035041 0.000000
vt -0.250000 0.023361 0.000000
vt 0.050000 0.011680 0.000000
vt -0.250000 0.000000 0.000000
vt 0.050000 -0.011680 0.000000
vt -0.250000 -0.023361 0.000000
vt 0.050000 -0.035041 0.000000
vt -0.250000 -0.046721 0.000000
vt 0.050000 -0.058401 0.000000
vt -0.250000 -0.070082 0.000000
vt 0.050000 -0.081762 0.000000
vt -0.250000 -0.093442 0.000000
vt 0.050000 -0.105123 0.000000
vt -0.250000 -0.116803 0.000000
vt 0.050000 -0.128483 0.000000
vt -0.250000 -0.140163 0.000000
vt 0.050000 -0.151844 0.000000
vt -0.250000 -0.163524 0.000000
vt 0.050000 -0.175204 0.000000
vt -0.250000 -0.186884 0.000000
vt 0.050000 -0.198565 0.000000
vt -0.250000 -0.210245 0.000000
vt 0.050000 -0.221925 0.000000
vt -0.250000 -0.233606 0.000000
vt 0.050000 -0.245286 0.000000
vt -0.250000 -0.256966 0.000000
vt 0.050000 -0.268646 0.000000
vt -0.250000 -0.280327 0.000000
vt 0.050000 -0.292007 0.000000
vt -0.250000 -0.303687 0.000000
vt 0.050000 -0.315368 0.000000
vt -0.250000 -0.327048 0.000000
vt 0.050000 -0.338728 0.000000
vt -0.250000 -0.350408 0.000000
vt 0.050000 -0.362089 0.000000
vt -0.250000 -0.373769 0.000000
vt 0.050000 -0.385449 0.000000
vt -0.250000 -0.397130 0.000000
vt 0.050000 -0.408810 0.000000
vt -0.250000 -0.420490 0.000000
vt -0.000000 -0.682519 0.000000
vt -0.300000 -0.662198 0.000000
vt -0.150000 -0.682519 0.000000
vt -0.300000 -0.692998 0.000000
vt -0.150000 -0.711913 0.000000
vt -0.300000 -0.723798 0.000000
vt -0.150000 -0.741307 0.000000
vt -0.300000 -0.754598 0.000000
vt -0.150000 -0.770701 0.000000
vt -0.300000 -0.785398 0.000000
vt -0.150000 -0.800095 0.000000
vt -0.150000 0.770701 0.000000
vt -0.300000 0.785398 0.000000
vt -0.300000 0.754598 0.000000
vt -0.150000 0.741307 0.000000
vt -0.300000 0.723798 0.000000
vt -0.150000 0.711913 0.000000
vt -0.300000 0.692998 0.000000
vt -0.150000 0.682519 0.000000
vt -0.300000 0.662198 0.000000
vt -0.000000 0.682519 0.000000
vt -0.000000 0.651495 0.000000
vt -0.300000 0.631399 0.000000
vt -0.000000 0.620472 0.000000
vt -0.300000 0.600599 0.000000
vt -0.000000 0.589448 0.000000
vt -0.300000 0.569799 0.000000
vt -0.000000 0.558425 0.000000
vt -0.300000 0.538999 0.000000
vt -0.000000 0.527401 0.000000
vt -0.300000 0.508199 0.000000
vt -0.000000 0.496377 0.000000
vt -0.300000 0.477399 0.000000
vt -0.000000 0.465354 0.000000
vt -0.300000 0.446599 0.000000
vt -0.000000 0.434330 0.000000
vt -0.300000 0.415799 0.000000
vt -0.000000 0.403307 0.000000
vt -0.300000 0.384999 0.000000
vt -0.000000 0.372283 0.000000
vt -0.300000 0.354199 0.000000
vt -0.000000 0.341259 0.000000
vt -0.300000 0.323399 0.000000
vt -0.000000 0.310236 0.000000
vt -0.300000 0.292599 0.000000
vt -0.000000 0.279212 0.000000
vt -0.300000 0.261799 0.000000
vt -0.000000 0.248189 0.000000
vt -0.300000 0.230999 0.000000
vt -0.000000 0.217165 0.000000
vt -0.300000 0.200200 0.000000
vt -0.000000 0.186142 0.000000
vt -0.300000 0.169400 0.000000
vt -0.000000 0.155118 0.000000
vt -0.300000 0.138600 0.000000
vt -0.000000 0.124094 0.000000
vt -0.300000 0.107800 0.000000
vt -0.000000 0.093071 0.000000
vt -0.300000 0.077000 0.000000
vt -0.000000 0.062047 0.000000
vt -0.300000 0.046200 0.000000
vt -0.000000 0.031024 0.000000
vt -0.300000 0.015400 0.000000
vt -0.000000 0.000000 0.000000
vt -0.300000 -0.015400 0.000000
vt -0.000000 -0.031024 0.000000
vt -0.300000 -0.046200 0.000000
vt -0.000000 -0.062047 0.000000
vt -0.300000 -0.077000 0.000000
vt -0.000000 -0.093071 0.000000
vt -0.300000 -0.107800 0.000000
vt -0.000000 -0.124094 0.000000
vt -0.300000 -0.138600 0.000000
vt -0.000000 -0.155118 0.000000
vt -0.300000 -0.169400 0.000000
vt -0.000000 -0.186142 0.000000
vt -0.300000 -0.200200 0.000000
vt -0.000000 -0.217165 0.000000
vt -0.300000 -0.230999 0.000000
vt -0.000000 -0.248189 0.000000
vt -0.300000 -0.261799 0.000000
vt -0.000000 -0.279212 0.000000
vt -0.300000 -0.292599 0.000000
vt -0.000000 -0.310236 0.000000
vt -0.300000 -0.323399 0.000000
vt -0.000000 -0.341259 0.000000
vt -0.300000 -0.354199 0.000000
vt -0.000000 -0.372283 0.000000
vt -0.300000 -0.384999 0.000000
vt -0.000000 -0.403307 0.000000
vt -0.300000 -0.415799 0.000000
vt -0.000000 -0.434330 0.000000
vt -0.300000 -0.446599 0.000000
vt -0.000000 -0.465354 0.000000
vt -0.300000 -0.477399 0.000000
vt -0.000000 -0.496377 0.000000
vt -0.300000 -0.508199 0.000000
vt -0.000000 -0.527401 0.000000
vt -0.300000 -0.538999 0.000000
vt -0.000000 -0.558425 0.000000
vt -0.300000 -0.569799 0.000000
vt -0.000000 -0.589448 0.000000
vt -0.300000 -0.600599 0.000000
vt -0.000000 -0.620472 0.000000
vt -0.300000 -0.631399 0.000000
vt -0.000000 -0.651495 0.000000
vt 0.143122 -0.023260 0.000000
vt 0.249526 -0.015390 0.000000
vt 0.145000 0.000000 0.000000
vt 0.249526 0.015390 0.000000
vt 0.143122 0.023260 0.000000
vt 0.245743 0.045937 0.000000
vt 0.137538 0.045917 0.000000
vt 0.238236 0.075788 0.000000
vt 0.227116 0.104490 0.000000
vt 0.245743 -0.045937 0.000000
vt 0.137538 -0.045917 0.000000
vt 0.238236 -0.075788 0.000000
vt 0.227116 -0.104490 0.000000
vt 0.128391 -0.067385 0.000000
vt 0.212554 -0.131608 0.000000
vt 0.115919 -0.087108 0.000000
vt 0.194770 -0.156731 0.000000
vt 0.100445 -0.104574 0.000000
vt 0.174033 -0.179478 0.000000
vt 0.150659 -0.199504 0.000000
vt 0.082369 -0.119333 0.000000
vt 0.125000 -0.216506 0.000000
vt 0.062160 -0.131000 0.000000
vt 0.097446 -0.230226 0.000000
vt 0.040342 -0.139275 0.000000
vt 0.068416 -0.240456 0.000000
vt 0.038348 -0.247041 0.000000
vt 0.017478 -0.143943 0.000000
vt 0.007699 -0.249881 0.000000
vt -0.005839 -0.144882 0.000000
vt -0.023067 -0.248934 0.000000
vt -0.029004 -0.142070 0.000000
vt -0.053483 -0.244212 0.000000
vt -0.083089 -0.235789 0.000000
vt -0.051418 -0.135577 0.000000
vt -0.111435 -0.223791 0.000000
vt -0.072500 -0.125574 0.000000
vt -0.138091 -0.208401 0.000000
vt -0.091705 -0.112318 0.000000
vt -0.162655 -0.189851 0.000000
vt -0.108534 -0.096153 0.000000
vt -0.184752 -0.168424 0.000000
vt -0.204049 -0.144443 0.000000
vt -0.122553 -0.077498 0.000000
vt -0.220253 -0.118273 0.000000
vt -0.133397 -0.056835 0.000000
vt -0.233118 -0.090310 0.000000
vt -0.140787 -0.034701 0.000000
vt -0.242449 -0.060978 0.000000
vt -0.248105 -0.030722 0.000000
vt -0.144530 -0.011668 0.000000
vt -0.250000 -0.000000 0.000000
vt -0.144530 0.011668 0.000000
vt -0.248105 0.030722 0.000000
vt -0.140787 0.034701 0.000000
vt -0.242449 0.060978 0.000000
vt -0.233118 0.090310 0.000000
vt -0.133397 0.056835 0.000000
vt -0.220253 0.118273 0.000000
vt -0.122553 0.077498 0.000000
vt -0.204049 0.144443 0.000000
vt -0.108534 0.096153 0.000000
vt -0.184752 0.168424 0.000000
vt -0.162655 0.189851 0.000000
vt -0.091705 0.112318 0.000000
vt -0.138091 0.208401 0.000000
vt -0.072500 0.125574 0.000000
vt -0.111435 0.223791 0.000000
vt -0.051418 0.135577 0.000000
vt -0.083089 0.235789 0.000000
vt -0.029004 0.142070 0.000000
vt -0.053483 0.244212 0.000000
vt -0.023067 0.248934 0.000000
vt -0.005839 0.144882 0.000000
vt 0.007699 0.249881 0.000000
vt 0.017478 0.143943 0.000000
vt 0.038348 0.247041 0.000000
vt 0.040342 0.139275 0.000000
vt 0.068416 0.240456 0.000000
vt 0.097446 0.230226 0.000000
vt 0.062160 0.131000 0.000000
vt 0.125000 0.216506 0.000000
vt 0.082369 0.119333 0.000000
vt 0.150659 0.199504 0.000000
vt 0.100445 0.104574 0.000000
vt 0.174033 0.179478 0.000000
vt 0.194770 0.156731 0.000000
vt 0.115919 0.087108 0.000000
vt 0.212554 0.131608 0.000000
vt 0.128391 0.067385 0.000000
vt 0.270871 -0.100000 0.000000
vt 0.260723 -0.072432 0.000000
vt -0.243770 -0.100000 0.000000
vt -0.236141 -0.067132 0.000000
vt 0.253878 -0.043863 0.000000
vt -0.231538 -0.033706 0.000000
vt 0.250432 -0.014689 0.000000
vt -0.230000 0.000000 0.000000
vt 0.250432 0.014689 0.000000
vt -0.231538 0.033706 0.000000
vt 0.253878 0.043863 0.000000
vt -0.236141 0.067132 0.000000
vt 0.260723 0.072432 0.000000
vt -0.243770 0.100000 0.000000
vt 0.270871 0.100000 0.000000
vt 0.029129 0.000000 0.000000
vt 0.543770 0.000000 0.000000
vt 0.029129 0.150000 0.000000
vt 0.543770 0.150000 0.000000
vt -0.300000 1.124278 0.000000
vt -0.150000 1.128636 0.000000
vt -0.300000 1.162389 0.000000
vt -0.150000 1.162389 0.000000
vt -0.300000 -1.162389 0.000000
vt -0.150000 -1.162389 0.000000
vt -0.150000 -1.128636 0.000000
vt -0.150000 1.094883 0.000000
vt -0.300000 1.086167 0.000000
vt -0.150000 1.061130 0.000000
vt -0.300000 1.048056 0.000000
vt -0.000000 1.061130 0.000000
vt -0.000000 1.024212 0.000000
vt -0.300000 1.009945 0.000000
vt -0.000000 0.987294 0.000000
vt -0.300000 0.971834 0.000000
vt -0.000000 0.950376 0.000000
vt -0.300000 0.933723 0.000000
vt -0.000000 0.913458 0.000000
vt -0.300000 0.895611 0.000000
vt -0.000000 0.876539 0.000000
vt -0.300000 0.857500 0.000000
vt -0.000000 0.839621 0.000000
vt -0.300000 0.819389 0.000000
vt -0.000000 0.802703 0.000000
vt -0.300000 0.781278 0.000000
vt -0.000000 0.765785 0.000000
vt -0.300000 0.743167 0.000000
vt -0.000000 0.728867 0.000000
vt -0.300000 0.705056 0.000000
vt -0.000000 0.691949 0.000000
vt -0.300000 0.666945 0.000000
vt -0.000000 0.655031 0.000000
vt -0.300000 0.628834 0.000000
vt -0.000000 0.618113 0.000000
vt -0.300000 0.590722 0.000000
vt -0.000000 0.581195 0.000000
vt -0.300000 0.552611 0.000000
vt -0.000000 0.544277 0.000000
vt -0.300000 0.514500 0.000000
vt -0.000000 0.507358 0.000000
vt -0.300000 0.476389 0.000000
vt -0.000000 0.470440 0.000000
vt -0.300000 0.438278 0.000000
vt -0.000000 0.433522 0.000000
vt -0.300000 0.400167 0.000000
vt -0.000000 0.396604 0.000000
vt -0.300000 0.362056 0.000000
vt -0.000000 0.359686 0.000000
vt -0.300000 0.323945 0.000000
vt -0.000000 0.322768 0.000000
vt -0.300000 0.285833 0.000000
vt -0.000000 0.285850 0.000000
vt -0.000000 0.248932 0.000000
vt -0.300000 0.247722 0.000000
vt -0.000000 0.212014 0.000000
vt -0.300000 0.209611 0.000000
vt -0.000000 0.175095 0.000000
vt -0.300000 0.171500 0.000000
vt -0.000000 0.138177 0.000000
vt -0.300000 0.133389 0.000000
vt -0.000000 0.101259 0.000000
vt -0.150000 0.101259 0.000000
vt -0.300000 0.095278 0.000000
vt -0.150000 0.067506 0.000000
vt -0.300000 0.057167 0.000000
vt -0.150000 0.033753 0.000000
vt -0.300000 0.019056 0.000000
vt -0.150000 0.000000 0.000000
vt -0.300000 -0.019056 0.000000
vt -0.150000 -0.033753 0.000000
vt -0.300000 -0.057167 0.000000
vt -0.150000 -0.067506 0.000000
vt -0.300000 -0.095278 0.000000
vt -0.150000 -0.101259 0.000000
vt -0.300000 -0.133389 0.000000
vt -0.000000 -0.101259 0.000000
vt -0.000000 -0.138177 0.000000
vt -0.300000 -0.171500 0.000000
vt -0.000000 -0.175095 0.000000
vt -0.300000 -0.209611 0.000000
vt -0.000000 -0.212014 0.000000
vt -0.300000 -0.247722 0.000000
vt -0.000000 -0.248932 0.000000
vt -0.300000 -0.285833 0.000000
vt -0.000000 -0.285850 0.000000
vt -0.000000 -0.322768 0.000000
vt -0.300000 -0.323945 0.000000
vt -0.000000 -0.359686 0.000000
vt -0.300000 -0.362056 0.000000
vt -0.000000 -0.396604 0.000000
vt -0.300000 -0.400167 0.000000
vt -0.000000 -0.433522 0.000000
vt -0.300000 -0.438278 0.000000
vt -0.000000 -0.470440 0.000000
vt -0.300000 -0.476389 0.000000
vt -0.000000 -0.507358 0.000000
vt -0.300000 -0.514500 0.000000
vt -0.000000 -0.544277 0.000000
vt -0.300000 -0.552611 0.000000
vt -0.000000 -0.581195 0.000000
vt -0.300000 -0.590722 0.000000
vt -0.000000 -0.618113 0.000000
vt -0.300000 -0.628834 0.000000
vt -0.000000 -0.655031 0.000000
vt -0.300000 -0.666945 0.000000
vt -0.000000 -0.691949 0.000000
vt -0.300000 -0.705056 0.000000
vt -0.000000 -0.728867 0.000000
vt -0.300000 -0.743167 0.000000
vt -0.000000 -0.765785 0.000000
vt -0.300000 -0.781278 0.000000
vt -0.000000 -0.802703 0.000000
vt -0.300000 -0.819389 0.000000
vt -0.000000 -0.839621 0.000000
vt -0.300000 -0.857500 0.000000
vt -0.000000 -0.876539 0.000000
vt -0.300000 -0.895611 0.000000
vt -0.000000 -0.913458 0.000000
vt -0.300000 -0.933723 0.000000
vt -0.000000 -0.950376 0.000000
vt -0.300000 -0.971834 0.000000
vt -0.000000 -0.987294 0.000000
vt -0.300000 -1.009945 0.000000
vt -0.000000 -1.024212 0.000000
vt -0.300000 -1.048056 0.000000
vt -0.000000 -1.061130 0.000000
vt -0.150000 -1.061130 0.000000
vt -0.300000 -1.086167 0.000000
vt -0.150000 -1.094883 0.000000
vt -0.300000 -1.124278 0.000000
vt -0.368039 0.038044 0.000000
vt -0.370000 -0.000000 0.000000
vt -0.215000 0.000000 0.000000
vt -0.368039 -0.038044 0.000000
vt -0.213082 -0.028657 0.000000
vt -0.362177 -0.075684 0.000000
vt -0.207361 -0.056802 0.000000
vt -0.352475 -0.112522 0.000000
vt -0.197940 -0.083934 0.000000
vt -0.339037 -0.148168 0.000000
vt -0.322006 -0.182243 0.000000
vt -0.184987 -0.109568 0.000000
vt -0.301560 -0.214386 0.000000
vt -0.168732 -0.133246 0.000000
vt -0.277919 -0.244256 0.000000
vt -0.149467 -0.154547 0.000000
vt -0.251331 -0.271538 0.000000
vt -0.127534 -0.173090 0.000000
vt -0.222079 -0.295941 0.000000
vt -0.190473 -0.317206 0.000000
vt -0.103325 -0.188544 0.000000
vt -0.156848 -0.335110 0.000000
vt -0.077273 -0.200634 0.000000
vt -0.121561 -0.349461 0.000000
vt -0.049842 -0.209143 0.000000
vt -0.084984 -0.360108 0.000000
vt -0.047507 -0.366937 0.000000
vt -0.021521 -0.213920 0.000000
vt -0.009527 -0.369877 0.000000
vt 0.007184 -0.214880 0.000000
vt 0.028555 -0.368896 0.000000
vt 0.035761 -0.212005 0.000000
vt 0.066334 -0.364005 0.000000
vt 0.103410 -0.355255 0.000000
vt 0.063699 -0.205347 0.000000
vt 0.139389 -0.342740 0.000000
vt 0.090501 -0.195025 0.000000
vt 0.173891 -0.326591 0.000000
vt 0.115688 -0.181222 0.000000
vt 0.206550 -0.306980 0.000000
vt 0.138810 -0.164185 0.000000
vt 0.237019 -0.284116 0.000000
vt 0.264976 -0.258239 0.000000
vt 0.159455 -0.144219 0.000000
vt 0.290124 -0.229626 0.000000
vt 0.177255 -0.121679 0.000000
vt 0.312197 -0.198578 0.000000
vt 0.191891 -0.096967 0.000000
vt 0.330960 -0.165425 0.000000
vt 0.346215 -0.130518 0.000000
vt 0.203104 -0.070525 0.000000
vt 0.357800 -0.094228 0.000000
vt 0.210692 -0.042825 0.000000
vt 0.365593 -0.056940 0.000000
vt 0.214520 -0.014360 0.000000
vt 0.369509 -0.019047 0.000000
vt 0.369509 0.019047 0.000000
vt 0.214520 0.014360 0.000000
vt 0.365593 0.056940 0.000000
vt 0.210692 0.042825 0.000000
vt 0.357800 0.094228 0.000000
vt 0.203104 0.070525 0.000000
vt 0.346215 0.130518 0.000000
vt 0.191891 0.096967 0.000000
vt 0.330960 0.165425 0.000000
vt 0.312197 0.198578 0.000000
vt 0.177255 0.121679 0.000000
vt 0.290124 0.229626 0.000000
vt 0.159455 0.144219 0.000000
vt 0.264976 0.258239 0.000000
vt 0.138810 0.164185 0.000000
vt 0.237019 0.284116 0.000000
vt 0.206550 0.306980 0.000000
vt 0.115688 0.181222 0.000000
vt 0.173891 0.326591 0.000000
vt 0.090501 0.195025 0.000000
vt 0.139389 0.342740 0.000000
vt 0.063699 0.205347 0.000000
vt 0.103410 0.355255 0.000000
vt 0.035761 0.212005 0.000000
vt 0.066334 0.364005 0.000000
vt 0.028555 0.368896 0.000000
vt 0.007184 0.214880 0.000000
vt -0.009527 0.369877 0.000000
vt -0.021521 0.213920 0.000000
vt -0.047507 0.366937 0.000000
vt -0.049842 0.209143 0.000000
vt -0.084984 0.360108 0.000000
vt -0.121561 0.349461 0.000000
vt -0.077273 0.200634 0.000000
vt -0.156848 0.335110 0.000000
vt -0.103325 0.188544 0.000000
vt -0.190473 0.317206 0.000000
vt -0.127534 0.173090 0.000000
vt -0.222079 0.295941 0.000000
vt -0.251331 0.271538 0.000000
vt -0.149467 0.154547 0.000000
vt -0.277919 0.244256 0.000000
vt -0.168732 0.133246 0.000000
vt -0.301560 0.214386 0.000000
vt -0.184987 0.109568 0.000000
vt -0.322006 0.182243 0.000000
vt -0.197940 0.083934 0.000000
vt -0.339037 0.148168 0.000000
vt -0.352475 0.112522 0.000000
vt -0.207361 0.056802 0.000000
vt -0.362177 0.075684 0.000000
vt -0.213082 0.028657 0.000000
vt -0.098079 -0.019509 0.000000
vt 0.098078 -0.019509 0.000000
vt -0.100000 0.000000 0.000000
vt 0.100000 0.000000 0.000000
vt -0.098079 0.019509 0.000000
vt 0.098078 0.019509 0.000000
vt -0.092388 0.038268 0.000000
vt 0.092388 0.038268 0.000000
vt -0.083147 0.055557 0.000000
vt 0.083147 0.055557 0.000000
vt -0.070711 0.070711 0.000000
vt 0.070710 0.070711 0.000000
vt -0.055557 0.083147 0.000000
vt 0.055557 0.083147 0.000000
vt -0.038269 0.092388 0.000000
vt 0.038268 0.092388 0.000000
vt -0.019509 0.098079 0.000000
vt 0.019509 0.098079 0.000000
vt -0.000000 0.100000 0.000000
vt 0.092388 -0.038268 0.000000
vt -0.092388 -0.038268 0.000000
vt 0.083147 -0.055557 0.000000
vt -0.083147 -0.055557 0.000000
vt 0.070710 -0.070711 0.000000
vt -0.070711 -0.070711 0.000000
vt 0.055557 -0.083147 0.000000
vt -0.055557 -0.083147 0.000000
vt 0.038268 -0.092388 0.000000
vt -0.038269 -0.092388 0.000000
vt 0.019509 -0.098079 0.000000
vt -0.019509 -0.098079 0.000000
vt -0.000000 -0.100000 0.000000
vt -0.050000 -0.294524 0.000000
vt -0.325000 -0.294524 0.000000
vt -0.050000 -0.314159 0.000000
vt -0.325000 -0.314159 0.000000
vt -0.050000 0.314159 0.000000
vt -0.325000 0.314159 0.000000
vt -0.050000 0.294524 0.000000
vt -0.325000 0.294524 0.000000
vt -0.050000 0.274889 0.000000
vt -0.325000 0.274889 0.000000
vt -0.050000 0.255254 0.000000
vt -0.325000 0.255254 0.000000
vt -0.050000 0.235619 0.000000
vt -0.325000 0.235619 0.000000
vt -0.050000 0.215984 0.000000
vt -0.325000 0.215984 0.000000
vt -0.050000 0.196350 0.000000
vt -0.325000 0.196350 0.000000
vt -0.050000 0.176715 0.000000
vt -0.325000 0.176715 0.000000
vt -0.050000 0.157080 0.000000
vt -0.325000 0.157080 0.000000
vt -0.050000 0.137445 0.000000
vt -0.325000 0.137445 0.000000
vt -0.050000 0.117810 0.000000
vt -0.325000 0.117810 0.000000
vt -0.050000 0.098175 0.000000
vt -0.325000 0.098175 0.000000
vt -0.050000 0.078540 0.000000
vt -0.325000 0.078540 0.000000
vt -0.050000 0.058905 0.000000
vt -0.325000 0.058905 0.000000
vt -0.050000 0.039270 0.000000
vt -0.325000 0.039270 0.000000
vt -0.050000 0.019635 0.000000
vt -0.325000 0.019635 0.000000
vt -0.050000 0.000000 0.000000
vt -0.325000 0.000000 0.000000
vt -0.050000 -0.019635 0.000000
vt -0.325000 -0.019635 0.000000
vt -0.050000 -0.039270 0.000000
vt -0.325000 -0.039270 0.000000
vt -0.050000 -0.058905 0.000000
vt -0.325000 -0.058905 0.000000
vt -0.050000 -0.078540 0.000000
vt -0.325000 -0.078540 0.000000
vt -0.050000 -0.098175 0.000000
vt -0.325000 -0.098175 0.000000
vt -0.050000 -0.117810 0.000000
vt -0.325000 -0.117810 0.000000
vt -0.050000 -0.137445 0.000000
vt -0.325000 -0.137445 0.000000
vt -0.050000 -0.157080 0.000000
vt -0.325000 -0.157080 0.000000
vt -0.050000 -0.176715 0.000000
vt -0.325000 -0.176715 0.000000
vt -0.050000 -0.196350 0.000000
vt -0.325000 -0.196350 0.000000
vt -0.050000 -0.215984 0.000000
vt -0.325000 -0.215984 0.000000
vt -0.050000 -0.235619 0.000000
vt -0.325000 -0.235619 0.000000
vt -0.050000 -0.255254 0.000000
vt -0.325000 -0.255254 0.000000
vt -0.050000 -0.274889 0.000000
vt -0.325000 -0.274889 0.000000
vt -0.600000 -0.019635 0.000000
vt -0.600000 0.000000 0.000000
vt -0.600000 0.019635 0.000000
vt -0.600000 0.039270 0.000000
vt -0.600000 0.058905 0.000000
vt -0.600000 0.078540 0.000000
vt -0.600000 0.098175 0.000000
vt -0.600000 0.117810 0.000000
vt -0.600000 0.137445 0.000000
vt -0.600000 0.157080 0.000000
vt -0.600000 0.176715 0.000000
vt -0.600000 0.196350 0.000000
vt -0.600000 0.215984 0.000000
vt -0.600000 0.235619 0.000000
vt -0.600000 0.255254 0.000000
vt -0.600000 0.274889 0.000000
vt -0.600000 0.294524 0.000000
vt -0.600000 0.314159 0.000000
vt -0.600000 -0.314159 0.000000
vt -0.600000 -0.294524 0.000000
vt -0.600000 -0.274889 0.000000
vt -0.600000 -0.255254 0.000000
vt -0.600000 -0.235619 0.000000
vt -0.600000 -0.215984 0.000000
vt -0.600000 -0.196350 0.000000
vt -0.600000 -0.176715 0.000000
vt -0.600000 -0.157080 0.000000
vt -0.600000 -0.137445 0.000000
vt -0.600000 -0.117810 0.000000
vt -0.600000 -0.098175 0.000000
vt -0.600000 -0.078540 0.000000
vt -0.600000 -0.058905 0.000000
vt -0.600000 -0.039270 0.000000
vt -0.300000 -0.646700 0.000000
vt -0.850000 -0.646700 0.000000
vt -0.300000 -0.675442 0.000000
vt -0.850000 -0.675442 0.000000
vt -0.300000 0.675442 0.000000
vt -0.850000 0.675442 0.000000
vt -0.300000 0.646700 0.000000
vt -0.850000 0.646700 0.000000
vt -0.300000 0.617958 0.000000
vt -0.850000 0.617958 0.000000
vt -0.300000 0.589216 0.000000
vt -0.850000 0.589216 0.000000
vt -0.300000 0.560473 0.000000
vt -0.850000 0.560473 0.000000
vt -0.300000 0.531731 0.000000
vt -0.850000 0.531731 0.000000
vt -0.300000 0.502989 0.000000
vt -0.850000 0.502989 0.000000
vt -0.300000 0.474247 0.000000
vt -0.850000 0.474247 0.000000
vt -0.300000 0.445505 0.000000
vt -0.850000 0.445505 0.000000
vt -0.300000 0.416762 0.000000
vt -0.850000 0.416762 0.000000
vt -0.300000 0.388020 0.000000
vt -0.850000 0.388020 0.000000
vt -0.300000 0.359278 0.000000
vt -0.850000 0.359278 0.000000
vt -0.300000 0.330536 0.000000
vt -0.850000 0.330536 0.000000
vt -0.300000 0.301793 0.000000
vt -0.850000 0.301793 0.000000
vt -0.300000 0.273051 0.000000
vt -0.850000 0.273051 0.000000
vt -0.300000 0.244309 0.000000
vt -0.850000 0.244309 0.000000
vt -0.300000 0.215567 0.000000
vt -0.850000 0.215567 0.000000
vt -0.300000 0.186824 0.000000
vt -0.850000 0.186824 0.000000
vt -0.300000 0.158082 0.000000
vt -0.850000 0.158082 0.000000
vt -0.300000 0.129340 0.000000
vt -0.850000 0.129340 0.000000
vt -0.300000 0.100598 0.000000
vt -0.850000 0.100598 0.000000
vt -0.300000 0.071856 0.000000
vt -0.850000 0.071856 0.000000
vt -0.300000 0.043113 0.000000
vt -0.850000 0.043113 0.000000
vt -0.300000 0.014371 0.000000
vt -0.850000 0.014371 0.000000
vt -0.300000 -0.014371 0.000000
vt -0.850000 -0.014371 0.000000
vt -0.300000 -0.043113 0.000000
vt -0.850000 -0.043113 0.000000
vt -0.300000 -0.071856 0.000000
vt -0.850000 -0.071856 0.000000
vt -0.300000 -0.100598 0.000000
vt -0.850000 -0.100598 0.000000
vt -0.300000 -0.129340 0.000000
vt -0.850000 -0.129340 0.000000
vt -0.300000 -0.158082 0.000000
vt -0.850000 -0.158082 0.000000
vt -0.300000 -0.186824 0.000000
vt -0.850000 -0.186824 0.000000
vt -0.300000 -0.215567 0.000000
vt -0.850000 -0.215567 0.000000
vt -0.300000 -0.244309 0.000000
vt -0.850000 -0.244309 0.000000
vt -0.300000 -0.273051 0.000000
vt -0.850000 -0.273051 0.000000
vt -0.300000 -0.301793 0.000000
vt -0.850000 -0.301793 0.000000
vt -0.300000 -0.330536 0.000000
vt -0.850000 -0.330536 0.000000
vt -0.300000 -0.359278 0.000000
vt -0.850000 -0.359278 0.000000
vt -0.300000 -0.388020 0.000000
vt -0.850000 -0.388020 0.000000
vt -0.300000 -0.416762 0.000000
vt -0.850000 -0.416762 0.000000
vt -0.300000 -0.445505 0.000000
vt -0.850000 -0.445505 0.000000
vt -0.300000 -0.474247 0.000000
vt -0.850000 -0.474247 0.000000
vt -0.300000 -0.502989 0.000000
vt -0.850000 -0.502989 0.000000
vt -0.300000 -0.531731 0.000000
vt -0.850000 -0.531731 0.000000
vt -0.300000 -0.560473 0.000000
vt -0.850000 -0.560473 0.000000
vt -0.300000 -0.589216 0.000000
vt -0.850000 -0.589216 0.000000
vt -0.300000 -0.617958 0.000000
vt -0.850000 -0.617958 0.000000
vt 0.098079 -0.019509 0.000000
vt 0.214520 -0.014360 0.000000
vt 0.100000 0.000000 0.000000
vt 0.214520 0.014360 0.000000
vt 0.098079 0.019509 0.000000
vt 0.210692 0.042825 0.000000
vt 0.203104 0.070525 0.000000
vt 0.092388 -0.038268 0.000000
vt 0.203104 -0.070525 0.000000
vt 0.210692 -0.042825 0.000000
vt 0.191892 -0.096967 0.000000
vt 0.083147 -0.055557 0.000000
vt 0.177255 -0.121679 0.000000
vt 0.159455 -0.144219 0.000000
vt 0.070711 -0.070711 0.000000
vt 0.138810 -0.164185 0.000000
vt 0.055557 -0.083147 0.000000
vt 0.115688 -0.181222 0.000000
vt 0.090501 -0.195025 0.000000
vt 0.038268 -0.092388 0.000000
vt 0.063699 -0.205347 0.000000
vt 0.019509 -0.098079 0.000000
vt 0.035761 -0.212005 0.000000
vt 0.007184 -0.214880 0.000000
vt 0.000000 -0.100000 0.000000
vt -0.021521 -0.213920 0.000000
vt -0.019509 -0.098079 0.000000
vt -0.049841 -0.209143 0.000000
vt -0.038268 -0.092388 0.000000
vt -0.077273 -0.200634 0.000000
vt -0.103325 -0.188544 0.000000
vt -0.055557 -0.083147 0.000000
vt -0.127534 -0.173090 0.000000
vt -0.070711 -0.070711 0.000000
vt -0.149466 -0.154547 0.000000
vt -0.168732 -0.133246 0.000000
vt -0.083147 -0.055557 0.000000
vt -0.184986 -0.109568 0.000000
vt -0.092388 -0.038268 0.000000
vt -0.197940 -0.083934 0.000000
vt -0.207361 -0.056802 0.000000
vt -0.098079 -0.019509 0.000000
vt -0.213082 -0.028657 0.000000
vt -0.100000 -0.000000 0.000000
vt -0.215000 0.000000 0.000000
vt -0.213082 0.028657 0.000000
vt -0.098079 0.019509 0.000000
vt -0.207361 0.056802 0.000000
vt -0.092388 0.038268 0.000000
vt -0.197940 0.083934 0.000000
vt -0.184986 0.109568 0.000000
vt -0.083147 0.055557 0.000000
vt -0.168732 0.133246 0.000000
vt -0.070711 0.070711 0.000000
vt -0.149466 0.154547 0.000000
vt -0.127534 0.173090 0.000000
vt -0.055557 0.083147 0.000000
vt -0.103325 0.188544 0.000000
vt -0.038268 0.092388 0.000000
vt -0.077273 0.200634 0.000000
vt -0.049841 0.209143 0.000000
vt -0.019509 0.098079 0.000000
vt -0.021521 0.213920 0.000000
vt 0.000000 0.100000 0.000000
vt 0.007184 0.214880 0.000000
vt 0.019509 0.098079 0.000000
vt 0.035761 0.212005 0.000000
vt 0.063699 0.205347 0.000000
vt 0.038268 0.092388 0.000000
vt 0.090501 0.195025 0.000000
vt 0.055557 0.083147 0.000000
vt 0.115688 0.181222 0.000000
vt 0.138810 0.164185 0.000000
vt 0.070711 0.070711 0.000000
vt 0.159455 0.144219 0.000000
vt 0.083147 0.055557 0.000000
vt 0.177255 0.121679 0.000000
vt 0.191892 0.096967 0.000000
vt 0.092388 0.038268 0.000000
vt 0.056230 0.000000 0.000000
vt 0.580274 0.000000 0.000000
vt 0.056230 0.150000 0.000000
vt 0.580274 0.150000 0.000000
vt 0.543770 0.150000 0.000000
vt 0.019726 0.150000 0.000000
vt 0.543770 0.000000 0.000000
vt 0.019726 0.000000 0.000000
vt -0.280274 -0.100000 0.000000
vt 0.243770 -0.100000 0.000000
vt -0.271817 -0.067239 0.000000
vt 0.236141 -0.067132 0.000000
vt -0.266709 -0.033792 0.000000
vt 0.231538 -0.033706 0.000000
vt -0.265000 0.000000 0.000000
vt 0.230000 -0.000000 0.000000
vt 0.231538 0.033706 0.000000
vt -0.266709 0.033792 0.000000
vt 0.236141 0.067132 0.000000
vt -0.271817 0.067239 0.000000
vt 0.243770 0.100000 0.000000
vt -0.280274 0.100000 0.000000
vt -0.000000 -0.137430 0.000000
vt -0.000000 -0.101548 0.000000
vt -0.350000 -0.124865 0.000000
vt -0.150000 -0.101548 0.000000
vt -0.350000 -0.089189 0.000000
vt -0.150000 -0.067699 0.000000
vt -0.350000 -0.053514 0.000000
vt -0.150000 -0.033849 0.000000
vt -0.350000 -0.017838 0.000000
vt -0.150000 0.000000 0.000000
vt -0.350000 0.017838 0.000000
vt -0.150000 0.033849 0.000000
vt -0.350000 0.053514 0.000000
vt -0.150000 0.067699 0.000000
vt -0.350000 0.089189 0.000000
vt -0.150000 0.101548 0.000000
vt -0.350000 0.124865 0.000000
vt -0.000000 0.137430 0.000000
vt -0.350000 0.160541 0.000000
vt -0.000000 0.173313 0.000000
vt -0.350000 0.196216 0.000000
vt -0.000000 0.209195 0.000000
vt -0.350000 0.231892 0.000000
vt -0.000000 0.245078 0.000000
vt -0.350000 0.267568 0.000000
vt -0.000000 0.280960 0.000000
vt -0.350000 0.303244 0.000000
vt -0.000000 0.316843 0.000000
vt -0.350000 0.338919 0.000000
vt -0.000000 0.352725 0.000000
vt -0.350000 0.374595 0.000000
vt -0.000000 0.388608 0.000000
vt -0.350000 0.410271 0.000000
vt -0.000000 0.424490 0.000000
vt -0.350000 0.445946 0.000000
vt -0.000000 0.460373 0.000000
vt -0.350000 0.481622 0.000000
vt -0.000000 0.496255 0.000000
vt -0.350000 0.517298 0.000000
vt -0.000000 0.532138 0.000000
vt -0.350000 0.552974 0.000000
vt -0.000000 0.568020 0.000000
vt -0.350000 0.588649 0.000000
vt -0.000000 0.603903 0.000000
vt -0.350000 0.624325 0.000000
vt -0.000000 0.639785 0.000000
vt -0.350000 0.660001 0.000000
vt -0.000000 0.675668 0.000000
vt -0.350000 0.695676 0.000000
vt -0.000000 0.711550 0.000000
vt -0.350000 0.731352 0.000000
vt -0.000000 0.747433 0.000000
vt -0.350000 0.767028 0.000000
vt -0.000000 0.783315 0.000000
vt -0.350000 0.802704 0.000000
vt -0.000000 0.819197 0.000000
vt -0.350000 0.838379 0.000000
vt -0.000000 0.855080 0.000000
vt -0.350000 0.874055 0.000000
vt -0.000000 0.890962 0.000000
vt -0.350000 0.909731 0.000000
vt -0.000000 0.926845 0.000000
vt -0.350000 0.945406 0.000000
vt -0.000000 0.962727 0.000000
vt -0.350000 0.981082 0.000000
vt -0.000000 0.998610 0.000000
vt -0.350000 1.016758 0.000000
vt -0.000000 1.034492 0.000000
vt -0.350000 1.052434 0.000000
vt -0.350000 -1.052434 0.000000
vt 0.000000 -1.070375 0.000000
vt -0.000000 -1.034492 0.000000
vt -0.350000 -1.016758 0.000000
vt -0.000000 -0.998610 0.000000
vt -0.350000 -0.981082 0.000000
vt -0.000000 -0.962727 0.000000
vt -0.350000 -0.945406 0.000000
vt -0.000000 -0.926845 0.000000
vt -0.350000 -0.909731 0.000000
vt -0.000000 -0.890962 0.000000
vt -0.350000 -0.874055 0.000000
vt -0.000000 -0.855080 0.000000
vt -0.350000 -0.838379 0.000000
vt -0.000000 -0.819197 0.000000
vt -0.350000 -0.802704 0.000000
vt -0.000000 -0.783315 0.000000
vt -0.350000 -0.767028 0.000000
vt -0.000000 -0.747433 0.000000
vt -0.350000 -0.731352 0.000000
vt -0.000000 -0.711550 0.000000
vt -0.350000 -0.695676 0.000000
vt -0.000000 -0.675668 0.000000
vt -0.350000 -0.660001 0.000000
vt -0.000000 -0.639785 0.000000
vt -0.350000 -0.624325 0.000000
vt -0.000000 -0.603903 0.000000
vt -0.350000 -0.588649 0.000000
vt -0.000000 -0.568020 0.000000
vt -0.350000 -0.552974 0.000000
vt -0.000000 -0.532138 0.000000
vt -0.350000 -0.517298 0.000000
vt -0.000000 -0.496255 0.000000
vt -0.350000 -0.481622 0.000000
vt -0.000000 -0.460373 0.000000
vt -0.350000 -0.445946 0.000000
vt -0.000000 -0.424490 0.000000
vt -0.350000 -0.410271 0.000000
vt -0.000000 -0.388608 0.000000
vt -0.350000 -0.374595 0.000000
vt -0.000000 -0.352725 0.000000
vt -0.350000 -0.338919 0.000000
vt -0.000000 -0.316843 0.000000
vt -0.350000 -0.303244 0.000000
vt -0.000000 -0.280960 0.000000
vt -0.350000 -0.267568 0.000000
vt -0.000000 -0.245078 0.000000
vt -0.350000 -0.231892 0.000000
vt -0.000000 -0.209195 0.000000
vt -0.350000 -0.196216 0.000000
vt -0.000000 -0.173313 0.000000
vt -0.350000 -0.160541 0.000000
vt -0.000000 0.101548 0.000000
vt -0.700000 0.294524 0.000000
vt -0.350000 0.294524 0.000000
vt -0.700000 0.314159 0.000000
vt -0.350000 0.314159 0.000000
vt -0.700000 -0.314159 0.000000
vt -0.350000 -0.314159 0.000000
vt -0.700000 -0.294524 0.000000
vt -0.350000 -0.294524 0.000000
vt -0.700000 -0.274889 0.000000
vt -0.350000 -0.274889 0.000000
vt -0.700000 -0.255254 0.000000
vt -0.350000 -0.255254 0.000000
vt -0.700000 -0.235619 0.000000
vt -0.350000 -0.235619 0.000000
vt -0.700000 -0.215984 0.000000
vt -0.350000 -0.215984 0.000000
vt -0.700000 -0.196350 0.000000
vt -0.350000 -0.196350 0.000000
vt -0.700000 -0.176715 0.000000
vt -0.350000 -0.176715 0.000000
vt -0.700000 -0.157080 0.000000
vt -0.350000 -0.157080 0.000000
vt -0.700000 -0.137445 0.000000
vt -0.350000 -0.137445 0.000000
vt -0.700000 -0.117810 0.000000
vt -0.350000 -0.117810 0.000000
vt -0.700000 -0.098175 0.000000
vt -0.350000 -0.098175 0.000000
vt -0.700000 -0.078540 0.000000
vt -0.350000 -0.078540 0.000000
vt -0.700000 -0.058905 0.000000
vt -0.350000 -0.058905 0.000000
vt -0.700000 -0.039270 0.000000
vt -0.350000 -0.039270 0.000000
vt -0.700000 -0.019635 0.000000
vt -0.350000 -0.019635 0.000000
vt -0.700000 0.000000 0.000000
vt -0.350000 0.000000 0.000000
vt -0.700000 0.019635 0.000000
vt -0.350000 0.019635 0.000000
vt -0.700000 0.039270 0.000000
vt -0.350000 0.039270 0.000000
vt -0.700000 0.058905 0.000000
vt -0.350000 0.058905 0.000000
vt -0.700000 0.078540 0.000000
vt -0.350000 0.078540 0.000000
vt -0.700000 0.098175 0.000000
vt -0.350000 0.098175 0.000000
vt -0.700000 0.117810 0.000000
vt -0.350000 0.117810 0.000000
vt -0.700000 0.137445 0.000000
vt -0.350000 0.137445 0.000000
vt -0.700000 0.157080 0.000000
vt -0.350000 0.157080 0.000000
vt -0.700000 0.176715 0.000000
vt -0.350000 0.176715 0.000000
vt -0.700000 0.196350 0.000000
vt -0.350000 0.196350 0.000000
vt -0.700000 0.215984 0.000000
vt -0.350000 0.215984 0.000000
vt -0.700000 0.235619 0.000000
vt -0.350000 0.235619 0.000000
vt -0.700000 0.255254 0.000000
vt -0.350000 0.255254 0.000000
vt -0.700000 0.274889 0.000000
vt -0.350000 0.274889 0.000000
vt -0.098079 -0.019509 0.000000
vt 0.098079 -0.019509 0.000000
vt -0.100000 -0.000000 0.000000
vt 0.100000 0.000000 0.000000
vt -0.098079 0.019509 0.000000
vt 0.098079 0.019509 0.000000
vt -0.092388 0.038268 0.000000
vt 0.092388 0.038268 0.000000
vt -0.083147 0.055557 0.000000
vt 0.083147 0.055557 0.000000
vt -0.070711 0.070711 0.000000
vt 0.070711 0.070711 0.000000
vt -0.055557 0.083147 0.000000
vt 0.055557 0.083147 0.000000
vt -0.038268 0.092388 0.000000
vt 0.038268 0.092388 0.000000
vt -0.019509 0.098079 0.000000
vt 0.019509 0.098079 0.000000
vt 0.000000 0.100000 0.000000
vt 0.092388 -0.038268 0.000000
vt -0.092388 -0.038268 0.000000
vt 0.083147 -0.055557 0.000000
vt -0.083147 -0.055557 0.000000
vt 0.070711 -0.070711 0.000000
vt -0.070711 -0.070711 0.000000
vt 0.055557 -0.083147 0.000000
vt -0.055557 -0.083147 0.000000
vt 0.038268 -0.092388 0.000000
vt -0.038268 -0.092388 0.000000
vt 0.019509 -0.098079 0.000000
vt -0.019509 -0.098079 0.000000
vt 0.000000 -0.100000 0.000000
vt -0.098079 0.019509 0.000000
vt -0.333102 0.035608 0.000000
vt -0.100000 0.000000 0.000000
vt -0.335000 0.000000 0.000000
vt -0.333102 -0.035608 0.000000
vt -0.092388 0.038268 0.000000
vt -0.318048 0.105216 0.000000
vt -0.327430 0.070813 0.000000
vt -0.083147 0.055557 0.000000
vt -0.288621 0.170068 0.000000
vt -0.305063 0.138426 0.000000
vt -0.268908 0.199783 0.000000
vt -0.070711 0.070711 0.000000
vt -0.246149 0.227234 0.000000
vt -0.220601 0.252111 0.000000
vt -0.055557 0.083147 0.000000
vt -0.192554 0.274131 0.000000
vt -0.162325 0.293046 0.000000
vt -0.038268 0.092388 0.000000
vt -0.130256 0.308640 0.000000
vt -0.096712 0.320736 0.000000
vt -0.019509 0.098079 0.000000
vt -0.062072 0.329199 0.000000
vt -0.026728 0.333932 0.000000
vt 0.000000 0.100000 0.000000
vt 0.008918 0.334881 0.000000
vt 0.044463 0.332036 0.000000
vt 0.019509 0.098079 0.000000
vt 0.079504 0.325429 0.000000
vt 0.113645 0.315135 0.000000
vt 0.038268 0.092388 0.000000
vt 0.146498 0.301270 0.000000
vt 0.055557 0.083147 0.000000
vt 0.177691 0.283991 0.000000
vt 0.206871 0.263495 0.000000
vt 0.070711 0.070711 0.000000
vt 0.233707 0.240013 0.000000
vt 0.257894 0.213812 0.000000
vt 0.083147 0.055557 0.000000
vt 0.279160 0.185188 0.000000
vt 0.297263 0.154466 0.000000
vt 0.092388 0.038268 0.000000
vt 0.311998 0.121994 0.000000
vt 0.323197 0.088139 0.000000
vt 0.098079 0.019509 0.000000
vt 0.330735 0.053286 0.000000
vt 0.334525 0.017829 0.000000
vt 0.100000 0.000000 0.000000
vt 0.334525 -0.017829 0.000000
vt 0.098079 -0.019509 0.000000
vt 0.330735 -0.053286 0.000000
vt 0.323197 -0.088139 0.000000
vt 0.092388 -0.038268 0.000000
vt 0.311998 -0.121994 0.000000
vt 0.297263 -0.154466 0.000000
vt 0.083147 -0.055557 0.000000
vt 0.279160 -0.185188 0.000000
vt 0.257894 -0.213812 0.000000
vt 0.070711 -0.070711 0.000000
vt 0.233707 -0.240013 0.000000
vt 0.206871 -0.263495 0.000000
vt 0.055557 -0.083147 0.000000
vt 0.177691 -0.283991 0.000000
vt 0.146498 -0.301270 0.000000
vt 0.038268 -0.092388 0.000000
vt 0.113645 -0.315135 0.000000
vt 0.019509 -0.098079 0.000000
vt 0.079504 -0.325429 0.000000
vt 0.044463 -0.332036 0.000000
vt 0.000000 -0.100000 0.000000
vt 0.008918 -0.334881 0.000000
vt -0.026728 -0.333932 0.000000
vt -0.019509 -0.098079 0.000000
vt -0.062072 -0.329199 0.000000
vt -0.096712 -0.320736 0.000000
vt -0.038268 -0.092388 0.000000
vt -0.130256 -0.308640 0.000000
vt -0.162325 -0.293046 0.000000
vt -0.192554 -0.274131 0.000000
vt -0.220601 -0.252111 0.000000
vt -0.246149 -0.227234 0.000000
vt -0.268908 -0.199783 0.000000
vt -0.288621 -0.170068 0.000000
vt -0.055557 -0.083147 0.000000
vt -0.070711 -0.070711 0.000000
vt -0.083147 -0.055557 0.000000
vt -0.092388 -0.038268 0.000000
vt -0.305063 -0.138426 0.000000
vt -0.318048 -0.105216 0.000000
vt -0.098079 -0.019509 0.000000
vt -0.327430 -0.070813 0.000000
vt 0.570871 0.150000 0.000000
vt 0.056230 0.150000 0.000000
vt 0.570871 0.000000 0.000000
vt 0.056230 0.000000 0.000000
vt 0.243770 -0.100000 0.000000
vt -0.362462 -0.045917 0.000000
vt -0.270871 -0.100000 0.000000
vt -0.371609 -0.067385 0.000000
vt -0.384081 -0.087108 0.000000
vt 0.255503 -0.134988 0.000000
vt 0.944497 -0.134988 0.000000
vt 0.956230 -0.100000 0.000000
vt 0.243770 0.100000 0.000000
vt 0.956230 0.100000 0.000000
vt 0.255503 0.134988 0.000000
vt 0.944497 0.134988 0.000000
vt 0.270663 0.168633 0.000000
vt 0.929337 0.168633 0.000000
vt 0.289099 0.200600 0.000000
vt 0.910901 0.200600 0.000000
vt 0.310628 0.230573 0.000000
vt 0.889372 0.230573 0.000000
vt 0.335035 0.258251 0.000000
vt 0.864965 0.258251 0.000000
vt 0.362078 0.283361 0.000000
vt 0.837922 0.283361 0.000000
vt 0.391488 0.305651 0.000000
vt 0.808512 0.305651 0.000000
vt 0.422972 0.324902 0.000000
vt 0.777028 0.324902 0.000000
vt 0.456217 0.340920 0.000000
vt 0.743783 0.340920 0.000000
vt 0.490892 0.353547 0.000000
vt 0.709108 0.353547 0.000000
vt 0.526653 0.362657 0.000000
vt 0.673347 0.362657 0.000000
vt 0.563143 0.368160 0.000000
vt 0.636857 0.368160 0.000000
vt 0.600000 0.370000 0.000000
vt 0.929337 -0.168633 0.000000
vt 0.270663 -0.168633 0.000000
vt 0.910901 -0.200600 0.000000
vt 0.289099 -0.200600 0.000000
vt 0.889372 -0.230573 0.000000
vt 0.310628 -0.230573 0.000000
vt 0.864965 -0.258251 0.000000
vt 0.335035 -0.258251 0.000000
vt 0.837922 -0.283361 0.000000
vt 0.362078 -0.283361 0.000000
vt 0.808512 -0.305651 0.000000
vt 0.391488 -0.305651 0.000000
vt 0.777028 -0.324902 0.000000
vt 0.422972 -0.324902 0.000000
vt 0.743783 -0.340920 0.000000
vt 0.456217 -0.340920 0.000000
vt 0.709108 -0.353547 0.000000
vt 0.490892 -0.353547 0.000000
vt 0.673347 -0.362657 0.000000
vt 0.526653 -0.362657 0.000000
vt 0.636857 -0.368160 0.000000
vt 0.563143 -0.368160 0.000000
vt 0.600000 -0.370000 0.000000
vt 1.480274 -0.100000 0.000000
vt 1.480274 0.100000 0.000000
vt 2.134520 0.017933 0.000000
vt 2.130685 0.053592 0.000000
vt 1.492797 -0.133608 0.000000
vt 2.111733 -0.122667 0.000000
vt 2.123061 -0.088638 0.000000
vt 2.130685 -0.053592 0.000000
vt 2.096833 -0.155291 0.000000
vt 1.508841 -0.165684 0.000000
vt 2.078530 -0.186135 0.000000
vt 1.528222 -0.195862 0.000000
vt 2.057035 -0.214845 0.000000
vt 1.550719 -0.223794 0.000000
vt 2.032593 -0.241092 0.000000
vt 1.576073 -0.249162 0.000000
vt 2.005486 -0.264576 0.000000
vt 1.603993 -0.271673 0.000000
vt 1.976023 -0.285028 0.000000
vt 1.634160 -0.291071 0.000000
vt 1.944543 -0.302213 0.000000
vt 1.666228 -0.307132 0.000000
vt 1.911405 -0.315933 0.000000
vt 1.699830 -0.319673 0.000000
vt 1.876991 -0.326033 0.000000
vt 1.734579 -0.328550 0.000000
vt 1.841695 -0.332395 0.000000
vt 1.770078 -0.333661 0.000000
vt 1.805921 -0.334948 0.000000
vt 2.134520 -0.017933 0.000000
vt 2.123061 0.088638 0.000000
vt 2.111733 0.122667 0.000000
vt 1.492797 0.133608 0.000000
vt 2.096833 0.155291 0.000000
vt 1.508841 0.165684 0.000000
vt 2.078530 0.186135 0.000000
vt 1.528222 0.195862 0.000000
vt 2.057035 0.214845 0.000000
vt 1.550719 0.223794 0.000000
vt 2.032593 0.241092 0.000000
vt 1.576073 0.249162 0.000000
vt 2.005486 0.264576 0.000000
vt 1.603993 0.271673 0.000000
vt 1.976023 0.285028 0.000000
vt 1.634160 0.291071 0.000000
vt 1.944543 0.302213 0.000000
vt 1.666228 0.307132 0.000000
vt 1.911405 0.315933 0.000000
vt 1.699830 0.319673 0.000000
vt 1.876991 0.326033 0.000000
vt 1.734579 0.328550 0.000000
vt 1.841695 0.332395 0.000000
vt 1.770078 0.333661 0.000000
vt 1.805921 0.334948 0.000000
vt -0.270871 0.100000 0.000000
vt -0.362462 0.045917 0.000000
vt -0.356878 0.023260 0.000000
vt -0.355000 -0.000000 0.000000
vt -0.285011 0.127592 0.000000
vt -0.399555 0.104574 0.000000
vt -0.384081 0.087108 0.000000
vt -0.371609 0.067385 0.000000
vt -0.302457 0.153221 0.000000
vt -0.437840 0.131000 0.000000
vt -0.417631 0.119333 0.000000
vt -0.459658 0.139275 0.000000
vt -0.322941 0.176494 0.000000
vt -0.482522 0.143943 0.000000
vt -0.346148 0.197052 0.000000
vt -0.505839 0.144882 0.000000
vt -0.661462 0.190866 0.000000
vt -0.683846 0.169413 0.000000
vt -0.636596 0.209384 0.000000
vt -0.371722 0.214580 0.000000
vt -0.609629 0.224681 0.000000
vt -0.399268 0.228808 0.000000
vt -0.580976 0.236523 0.000000
vt -0.428364 0.239517 0.000000
vt -0.551077 0.244727 0.000000
vt -0.458561 0.246542 0.000000
vt -0.520393 0.249167 0.000000
vt -0.489396 0.249775 0.000000
vt -0.703401 0.145355 0.000000
vt -0.551418 0.135577 0.000000
vt -0.529004 0.142070 0.000000
vt -0.572500 0.125574 0.000000
vt -0.719828 0.119061 0.000000
vt -0.591705 0.112318 0.000000
vt -0.608534 0.096153 0.000000
vt -0.732875 0.090936 0.000000
vt -0.622553 0.077498 0.000000
vt -0.742340 0.061412 0.000000
vt -0.633397 0.056835 0.000000
vt -0.640787 0.034701 0.000000
vt -0.748078 0.030944 0.000000
vt -0.644530 0.011668 0.000000
vt -0.750000 0.000000 0.000000
vt -0.644530 -0.011668 0.000000
vt -0.748078 -0.030944 0.000000
vt -0.640787 -0.034701 0.000000
vt -0.742340 -0.061412 0.000000
vt -0.633397 -0.056835 0.000000
vt -0.622553 -0.077498 0.000000
vt -0.732875 -0.090936 0.000000
vt -0.608534 -0.096153 0.000000
vt -0.719828 -0.119061 0.000000
vt -0.591705 -0.112318 0.000000
vt -0.572500 -0.125574 0.000000
vt -0.703401 -0.145355 0.000000
vt -0.551418 -0.135577 0.000000
vt -0.683846 -0.169413 0.000000
vt -0.529004 -0.142070 0.000000
vt -0.505839 -0.144882 0.000000
vt -0.661462 -0.190866 0.000000
vt -0.346148 -0.197052 0.000000
vt -0.636596 -0.209384 0.000000
vt -0.371722 -0.214580 0.000000
vt -0.609629 -0.224681 0.000000
vt -0.399268 -0.228808 0.000000
vt -0.580976 -0.236523 0.000000
vt -0.428364 -0.239517 0.000000
vt -0.551077 -0.244727 0.000000
vt -0.458561 -0.246542 0.000000
vt -0.520393 -0.249167 0.000000
vt -0.489396 -0.249775 0.000000
vt -0.482522 -0.143943 0.000000
vt -0.322941 -0.176494 0.000000
vt -0.459658 -0.139275 0.000000
vt -0.302457 -0.153221 0.000000
vt -0.437840 -0.131000 0.000000
vt -0.285011 -0.127592 0.000000
vt -0.417631 -0.119333 0.000000
vt -0.399555 -0.104574 0.000000
vt -0.356878 -0.023260 0.000000
vn 0.098705 -0.016041 0.000000
vn 0.099676 -0.008047 0.000000
vn 0.100000 -0.000000 0.000000
vn 0.099676 0.008047 0.000000
vn 0.098705 0.016041 0.000000
vn 0.097094 0.023932 0.000000
vn 0.094854 0.031667 0.000000
vn 0.091998 0.039197 0.000000
vn 0.088546 0.046472 0.000000
vn 0.084519 0.053447 0.000000
vn 0.079944 0.060074 0.000000
vn 0.074851 0.066312 0.000000
vn 0.069272 0.072120 0.000000
vn 0.063245 0.077460 0.000000
vn 0.056806 0.082298 0.000000
vn 0.050000 0.086603 0.000000
vn 0.042869 0.090345 0.000000
vn 0.035460 0.093502 0.000000
vn 0.027822 0.096052 0.000000
vn 0.020003 0.097979 0.000000
vn 0.012054 0.099271 0.000000
vn 0.004027 0.099919 0.000000
vn -0.004027 0.099919 0.000000
vn -0.012054 0.099271 0.000000
vn -0.020003 0.097979 0.000000
vn -0.027822 0.096052 0.000000
vn -0.035460 0.093502 0.000000
vn -0.042869 0.090345 0.000000
vn -0.050000 0.086603 0.000000
vn -0.056806 0.082298 0.000000
vn -0.063245 0.077460 0.000000
vn -0.069272 0.072120 0.000000
vn -0.074851 0.066312 0.000000
vn -0.079944 0.060074 0.000000
vn -0.084519 0.053447 0.000000
vn -0.088546 0.046472 0.000000
vn -0.091998 0.039197 0.000000
vn -0.094854 0.031667 0.000000
vn -0.097094 0.023932 0.000000
vn -0.098705 0.016041 0.000000
vn -0.099676 0.008047 0.000000
vn -0.100000 0.000000 0.000000
vn -0.099676 -0.008047 0.000000
vn -0.098705 -0.016041 0.000000
vn -0.097094 -0.023932 0.000000
vn -0.094854 -0.031667 0.000000
vn -0.091998 -0.039197 0.000000
vn -0.088546 -0.046472 0.000000
vn -0.084519 -0.053447 0.000000
vn -0.079944 -0.060074 0.000000
vn -0.074851 -0.066312 0.000000
vn -0.069272 -0.072120 0.000000
vn -0.063245 -0.077460 0.000000
vn -0.056806 -0.082298 0.000000
vn -0.050000 -0.086603 0.000000
vn -0.042869 -0.090345 0.000000
vn -0.035460 -0.093502 0.000000
vn -0.027822 -0.096052 0.000000
vn -0.020003 -0.097979 0.000000
vn -0.012054 -0.099271 0.000000
vn -0.004027 -0.099919 0.000000
vn 0.004027 -0.099919 0.000000
vn 0.012054 -0.099271 0.000000
vn 0.020003 -0.097979 0.000000
vn 0.027822 -0.096052 0.000000
vn 0.035460 -0.093502 0.000000
vn 0.042869 -0.090345 0.000000
vn 0.050000 -0.086603 0.000000
vn 0.056806 -0.082298 0.000000
vn 0.063245 -0.077460 0.000000
vn 0.069272 -0.072120 0.000000
vn 0.074851 -0.066312 0.000000
vn 0.079944 -0.060074 0.000000
vn 0.084519 -0.053447 0.000000
vn 0.088546 -0.046472 0.000000
vn 0.091998 -0.039197 0.000000
vn 0.094854 -0.031667 0.000000
vn 0.097094 -0.023932 0.000000
vn -0.091652 -0.040000 0.000000
vn -0.088101 -0.047309 0.000000
vn -0.091652 -0.040000 0.000000
vn -0.093247 -0.036124 0.000000
vn -0.095711 -0.028973 0.000000
vn -0.096980 -0.024391 0.000000
vn -0.098449 -0.017545 0.000000
vn -0.099242 -0.012289 0.000000
vn -0.099827 -0.005875 0.000000
vn -0.100000 -0.000000 0.000000
vn -0.099827 0.005875 -0.000000
vn -0.099242 0.012289 -0.000000
vn -0.098449 0.017545 -0.000000
vn -0.096980 0.024391 -0.000000
vn -0.095711 0.028973 -0.000000
vn -0.093247 0.036124 -0.000000
vn -0.091652 0.040000 -0.000000
vn -0.088101 0.047309 -0.000000
vn -0.091652 0.040000 -0.000000
vn -0.085996 0.051037 -0.000000
vn -0.081620 0.057777 -0.000000
vn -0.079017 0.061288 -0.000000
vn -0.073901 0.067370 -0.000000
vn -0.070824 0.070598 -0.000000
vn -0.065062 0.075940 -0.000000
vn -0.061541 0.078821 -0.000000
vn -0.055236 0.083360 -0.000000
vn -0.051311 0.085832 -0.000000
vn -0.044574 0.089516 -0.000000
vn -0.040293 0.091523 -0.000000
vn -0.033235 0.094315 -0.000000
vn -0.028655 0.095807 -0.000000
vn -0.021393 0.097685 -0.000000
vn -0.016576 0.098617 -0.000000
vn -0.009227 0.099573 -0.000000
vn -0.004242 0.099910 -0.000000
vn 0.003080 0.099953 0.000000
vn 0.008157 0.099667 0.000000
vn 0.015339 0.098817 0.000000
vn 0.020431 0.097891 0.000000
vn 0.027366 0.096183 0.000000
vn 0.032390 0.094609 0.000000
vn 0.038979 0.092091 0.000000
vn 0.043852 0.089872 0.000000
vn 0.050000 0.086603 0.000000
vn 0.054638 0.083753 0.000000
vn 0.060263 0.079802 0.000000
vn 0.064585 0.076346 0.000000
vn 0.069613 0.071791 0.000000
vn 0.073538 0.067765 0.000000
vn 0.077908 0.062692 0.000000
vn 0.081360 0.058142 0.000000
vn 0.085022 0.052643 0.000000
vn 0.087931 0.047624 0.000000
vn 0.090847 0.041796 0.000000
vn 0.093150 0.036374 0.000000
vn 0.095294 0.030315 0.000000
vn 0.096936 0.024565 0.000000
vn 0.098297 0.018375 0.000000
vn 0.099231 0.012378 0.000000
vn 0.099810 0.006156 0.000000
vn 0.100000 0.000000 0.000000
vn 0.099810 -0.006156 0.000000
vn 0.099231 -0.012378 0.000000
vn 0.098297 -0.018375 0.000000
vn 0.096936 -0.024565 0.000000
vn 0.095294 -0.030315 0.000000
vn 0.093150 -0.036374 0.000000
vn 0.090847 -0.041796 0.000000
vn 0.087931 -0.047624 0.000000
vn 0.085022 -0.052643 0.000000
vn 0.081360 -0.058142 0.000000
vn 0.077908 -0.062692 0.000000
vn 0.073538 -0.067765 0.000000
vn 0.069613 -0.071791 0.000000
vn 0.064585 -0.076346 0.000000
vn 0.060263 -0.079802 0.000000
vn 0.054638 -0.083753 0.000000
vn 0.050000 -0.086603 0.000000
vn 0.043852 -0.089872 0.000000
vn 0.038979 -0.092091 0.000000
vn 0.032390 -0.094609 0.000000
vn 0.027366 -0.096183 0.000000
vn 0.020431 -0.097891 0.000000
vn 0.015339 -0.098817 0.000000
vn 0.008157 -0.099667 0.000000
vn 0.003080 -0.099953 0.000000
vn -0.004242 -0.099910 0.000000
vn -0.009227 -0.099573 0.000000
vn -0.016576 -0.098617 0.000000
vn -0.021393 -0.097685 0.000000
vn -0.028655 -0.095807 0.000000
vn -0.033235 -0.094315 0.000000
vn -0.040293 -0.091523 0.000000
vn -0.044574 -0.089516 0.000000
vn -0.051311 -0.085832 0.000000
vn -0.055236 -0.083360 0.000000
vn -0.061541 -0.078821 0.000000
vn -0.065062 -0.075940 0.000000
vn -0.070824 -0.070598 0.000000
vn -0.073901 -0.067370 0.000000
vn -0.079017 -0.061288 0.000000
vn -0.081620 -0.057777 0.000000
vn -0.085996 -0.051037 0.000000
vn 0.000000 0.000000 0.100000
vn 0.000000 0.000000 0.100000
vn 0.000000 0.000000 0.100000
vn 0.000000 0.000000 0.100000
vn 0.000000 0.000000 0.100000
vn 0.000000 0.000000 0.100000
vn 0.000000 0.000000 0.100000
vn 0.000000 0.000000 0.100000
vn 0.000000 0.000000 0.100000
vn 0.000000 0.000000 0.100000
vn 0.000000 0.000000 0.100000
vn 0.000000 0.000000 0.100000
vn 0.000000 0.000000 0.100000
vn 0.000000 0.000000 0.100000
vn 0.000000 0.000000 0.100000
vn 0.000000 0.000000 0.100000
vn 0.000000 0.000000 0.100000
vn 0.000000 0.000000 0.100000
vn 0.000000 0.000000 0.100000
vn 0.000000 0.000000 0.100000
vn 0.000000 0.000000 0.100000
vn 0.000000 0.000000 0.100000
vn 0.000000 0.000000 0.100000
vn 0.000000 0.000000 0.100000
vn 0.000000 0.000000 0.100000
vn 0.000000 0.000000 0.100000
vn 0.000000 0.000000 0.100000
vn 0.000000 0.000000 0.100000
vn 0.000000 0.000000 0.100000
vn 0.000000 0.000000 0.100000
vn 0.000000 0.000000 0.100000
vn 0.000000 0.000000 0.100000
vn 0.000000 0.000000 0.100000
vn 0.000000 0.000000 0.100000
vn 0.000000 0.000000 0.100000
vn 0.000000 0.000000 0.100000
vn 0.000000 0.000000 0.100000
vn 0.000000 0.000000 0.100000
vn 0.000000 0.000000 0.100000
vn 0.000000 0.000000 0.100000
vn 0.000000 0.000000 0.100000
vn 0.000000 0.000000 0.100000
vn 0.000000 0.000000 0.100000
vn 0.000000 0.000000 0.100000
vn 0.000000 0.000000 0.100000
vn 0.000000 0.000000 0.100000
vn 0.000000 0.000000 0.100000
vn 0.000000 0.000000 0.100000
vn 0.000000 0.000000 0.100000
vn 0.000000 0.000000 0.100000
vn 0.000000 0.000000 0.100000
vn 0.000000 0.000000 0.100000
vn 0.000000 0.000000 0.100000
vn 0.000000 0.000000 0.100000
vn 0.000000 0.000000 0.100000
vn 0.000000 0.000000 0.100000
vn 0.000000 0.000000 0.100000
vn 0.000000 0.000000 0.100000
vn 0.000000 0.000000 0.100000
vn 0.000000 0.000000 0.100000
vn 0.000000 0.000000 0.100000
vn 0.000000 0.000000 0.100000
vn 0.000000 0.000000 0.100000
vn 0.000000 0.000000 0.100000
vn 0.000000 0.000000 0.100000
vn 0.000000 0.000000 0.100000
vn 0.000000 0.000000 0.100000
vn 0.000000 0.000000 0.100000
vn 0.000000 0.000000 0.100000
vn 0.000000 0.000000 0.100000
vn 0.000000 0.000000 0.100000
vn 0.000000 0.000000 0.100000
vn 0.000000 0.000000 0.100000
vn 0.000000 0.000000 0.100000
vn 0.000000 0.000000 0.100000
vn 0.000000 0.000000 0.100000
vn 0.000000 0.000000 0.100000
vn 0.000000 0.000000 0.100000
vn 0.000000 0.000000 0.100000
vn 0.000000 0.000000 0.100000
vn 0.000000 0.000000 0.100000
vn 0.000000 0.000000 0.100000
vn 0.000000 0.000000 0.100000
vn 0.000000 0.000000 0.100000
vn 0.000000 0.000000 0.100000
vn 0.000000 0.000000 0.100000
vn 0.000000 0.000000 0.100000
vn 0.000000 0.000000 0.100000
vn 0.000000 0.000000 0.100000
vn 0.000000 0.000000 0.100000
vn 0.000000 0.000000 0.100000
vn 0.000000 0.000000 0.100000
vn 0.000000 0.000000 0.100000
vn 0.000000 0.000000 0.100000
vn 0.000000 0.000000 0.100000
vn 0.000000 0.000000 0.100000
vn 0.000000 0.000000 0.100000
vn 0.000000 0.000000 0.100000
vn 0.000000 0.000000 0.100000
vn 0.000000 0.000000 0.100000
vn 0.000000 0.000000 0.100000
vn 0.000000 0.000000 0.100000
vn 0.000000 0.000000 0.100000
vn 0.000000 0.000000 0.100000
vn 0.000000 0.000000 0.100000
vn 0.000000 0.100000 0.000000
vn 0.000000 0.100000 0.000000
vn 0.000000 0.100000 0.000000
vn 0.000000 0.100000 0.000000
vn -0.099470 0.010282 -0.000000
vn -0.099584 0.009110 -0.000000
vn -0.100000 0.000000 -0.000000
vn -0.100000 0.000000 -0.000000
vn -0.099584 -0.009110 0.000000
vn -0.098340 0.018144 -0.000000
vn -0.097886 0.020455 -0.000000
vn -0.096278 0.027027 -0.000000
vn -0.095264 0.030411 -0.000000
vn -0.096278 0.027027 -0.000000
vn -0.093107 0.036483 -0.000000
vn -0.091632 0.040045 -0.000000
vn -0.089010 0.045576 -0.000000
vn -0.087029 0.049255 -0.000000
vn -0.084027 0.054216 -0.000000
vn -0.081503 0.057942 -0.000000
vn -0.078209 0.062317 -0.000000
vn -0.075113 0.066015 -0.000000
vn -0.071612 0.069798 -0.000000
vn -0.067927 0.073389 -0.000000
vn -0.064303 0.076584 -0.000000
vn -0.060021 0.079984 -0.000000
vn -0.056355 0.082608 -0.000000
vn -0.051479 0.085731 -0.000000
vn -0.047845 0.087811 -0.000000
vn -0.042391 0.090570 -0.000000
vn -0.038860 0.092141 -0.000000
vn -0.032854 0.094449 -0.000000
vn -0.029489 0.095553 -0.000000
vn -0.022969 0.097326 -0.000000
vn -0.019824 0.098015 -0.000000
vn -0.012840 0.099172 -0.000000
vn -0.009961 0.099503 -0.000000
vn -0.002575 0.099967 -0.000000
vn 0.000000 0.100000 0.000000
vn 0.007718 0.099702 0.000000
vn 0.009961 0.099503 0.000000
vn 0.017928 0.098380 0.000000
vn 0.019824 0.098015 0.000000
vn 0.027949 0.096015 0.000000
vn 0.029489 0.095553 0.000000
vn 0.037673 0.092632 0.000000
vn 0.038860 0.092141 0.000000
vn 0.046998 0.088268 0.000000
vn 0.047845 0.087811 0.000000
vn 0.055824 0.082968 0.000000
vn 0.056355 0.082608 0.000000
vn 0.064059 0.076788 0.000000
vn 0.064303 0.076584 0.000000
vn 0.071615 0.069794 0.000000
vn 0.071612 0.069798 0.000000
vn 0.078209 0.062317 0.000000
vn 0.078412 0.062061 0.000000
vn 0.084027 0.054216 0.000000
vn 0.084378 0.053670 0.000000
vn 0.089010 0.045576 0.000000
vn 0.089449 0.044709 0.000000
vn 0.093107 0.036483 0.000000
vn 0.093572 0.035275 0.000000
vn 0.096278 0.027027 0.000000
vn 0.096278 0.027027 0.000000
vn 0.096703 0.025467 0.000000
vn 0.098340 0.018144 0.000000
vn 0.098809 0.015389 0.000000
vn 0.099584 0.009110 0.000000
vn 0.099867 0.005148 0.000000
vn 0.100000 0.000000 0.000000
vn 0.099867 -0.005148 0.000000
vn 0.099584 -0.009110 0.000000
vn 0.098809 -0.015389 0.000000
vn 0.098340 -0.018144 0.000000
vn 0.096703 -0.025467 0.000000
vn 0.096278 -0.027027 0.000000
vn 0.093572 -0.035275 0.000000
vn 0.096278 -0.027027 0.000000
vn 0.093107 -0.036483 0.000000
vn 0.089449 -0.044709 0.000000
vn 0.089010 -0.045576 0.000000
vn 0.084378 -0.053670 0.000000
vn 0.084027 -0.054216 0.000000
vn 0.078412 -0.062061 0.000000
vn 0.078209 -0.062317 0.000000
vn 0.071615 -0.069794 0.000000
vn 0.071612 -0.069798 0.000000
vn 0.064303 -0.076584 0.000000
vn 0.064059 -0.076788 0.000000
vn 0.056355 -0.082608 0.000000
vn 0.055824 -0.082968 0.000000
vn 0.047845 -0.087811 0.000000
vn 0.046998 -0.088268 0.000000
vn 0.038860 -0.092141 0.000000
vn 0.037673 -0.092632 0.000000
vn 0.029489 -0.095553 0.000000
vn 0.027949 -0.096015 0.000000
vn 0.019824 -0.098015 0.000000
vn 0.017928 -0.098380 0.000000
vn 0.009961 -0.099503 0.000000
vn 0.007718 -0.099702 0.000000
vn 0.000000 -0.100000 0.000000
vn -0.002575 -0.099967 0.000000
vn -0.009961 -0.099503 0.000000
vn -0.012840 -0.099172 0.000000
vn -0.019824 -0.098015 0.000000
vn -0.022969 -0.097326 0.000000
vn -0.029489 -0.095553 0.000000
vn -0.032854 -0.094449 0.000000
vn -0.038860 -0.092141 0.000000
vn -0.042391 -0.090570 0.000000
vn -0.047845 -0.087811 0.000000
vn -0.051479 -0.085731 0.000000
vn -0.056355 -0.082608 0.000000
vn -0.060021 -0.079984 0.000000
vn -0.064303 -0.076584 0.000000
vn -0.067927 -0.073389 0.000000
vn -0.071612 -0.069798 0.000000
vn -0.075113 -0.066015 0.000000
vn -0.078209 -0.062317 0.000000
vn -0.081503 -0.057942 0.000000
vn -0.084027 -0.054216 0.000000
vn -0.087029 -0.049255 0.000000
vn -0.089010 -0.045576 0.000000
vn -0.091632 -0.040045 0.000000
vn -0.093107 -0.036483 0.000000
vn -0.095264 -0.030411 0.000000
vn -0.096278 -0.027027 0.000000
vn -0.096278 -0.027027 0.000000
vn -0.097886 -0.020455 0.000000
vn -0.098340 -0.018144 0.000000
vn -0.099470 -0.010282 0.000000
vn 0.000000 0.000000 0.100000
vn 0.000000 0.000000 0.100000
vn 0.000000 0.000000 0.100000
vn 0.000000 0.000000 0.100000
vn 0.000000 0.000000 0.100000
vn 0.000000 0.000000 0.100000
vn 0.000000 0.000000 0.100000
vn 0.000000 0.000000 0.100000
vn 0.000000 0.000000 0.100000
vn 0.000000 0.000000 0.100000
vn 0.000000 0.000000 0.100000
vn 0.000000 0.000000 0.100000
vn 0.000000 0.000000 0.100000
vn 0.000000 0.000000 0.100000
vn 0.000000 0.000000 0.100000
vn 0.000000 0.000000 0.100000
vn 0.000000 0.000000 0.100000
vn 0.000000 0.000000 0.100000
vn 0.000000 0.000000 0.100000
vn 0.000000 0.000000 0.100000
vn 0.000000 0.000000 0.100000
vn 0.000000 0.000000 0.100000
vn 0.000000 0.000000 0.100000
vn 0.000000 0.000000 0.100000
vn 0.000000 0.000000 0.100000
vn 0.000000 0.000000 0.100000
vn 0.000000 0.000000 0.100000
vn 0.000000 0.000000 0.100000
vn 0.000000 0.000000 0.100000
vn 0.000000 0.000000 0.100000
vn 0.000000 0.000000 0.100000
vn 0.000000 0.000000 0.100000
vn 0.000000 0.000000 0.100000
vn 0.000000 0.000000 0.100000
vn 0.000000 0.000000 0.100000
vn 0.000000 0.000000 0.100000
vn 0.000000 0.000000 0.100000
vn 0.000000 0.000000 0.100000
vn 0.000000 0.000000 0.100000
vn 0.000000 0.000000 0.100000
vn 0.000000 0.000000 0.100000
vn 0.000000 0.000000 0.100000
vn 0.000000 0.000000 0.100000
vn 0.000000 0.000000 0.100000
vn 0.000000 0.000000 0.100000
vn 0.000000 0.000000 0.100000
vn 0.000000 0.000000 0.100000
vn 0.000000 0.000000 0.100000
vn 0.000000 0.000000 0.100000
vn 0.000000 0.000000 0.100000
vn 0.000000 0.000000 0.100000
vn 0.000000 0.000000 0.100000
vn 0.000000 0.000000 0.100000
vn 0.000000 0.000000 0.100000
vn 0.000000 0.000000 0.100000
vn 0.000000 0.000000 0.100000
vn 0.000000 0.000000 0.100000
vn 0.000000 0.000000 0.100000
vn 0.000000 0.000000 0.100000
vn 0.000000 0.000000 0.100000
vn 0.000000 0.000000 0.100000
vn 0.000000 0.000000 0.100000
vn 0.000000 0.000000 0.100000
vn 0.000000 0.000000 0.100000
vn 0.000000 0.000000 0.100000
vn 0.000000 0.000000 0.100000
vn 0.000000 0.000000 0.100000
vn 0.000000 0.000000 0.100000
vn 0.000000 0.000000 0.100000
vn 0.000000 0.000000 0.100000
vn 0.000000 0.000000 0.100000
vn 0.000000 0.000000 0.100000
vn 0.000000 0.000000 0.100000
vn 0.000000 0.000000 0.100000
vn 0.000000 0.000000 0.100000
vn 0.000000 0.000000 0.100000
vn 0.000000 0.000000 0.100000
vn 0.000000 0.000000 0.100000
vn 0.000000 0.000000 0.100000
vn 0.000000 0.000000 0.100000
vn 0.000000 0.000000 0.100000
vn 0.000000 0.000000 0.100000
vn 0.000000 0.000000 0.100000
vn 0.000000 0.000000 0.100000
vn 0.000000 0.000000 0.100000
vn 0.000000 0.000000 0.100000
vn 0.000000 0.000000 0.100000
vn 0.000000 0.000000 0.100000
vn 0.000000 0.000000 0.100000
vn 0.000000 0.000000 0.100000
vn 0.000000 0.000000 0.100000
vn 0.000000 0.000000 0.100000
vn 0.000000 0.000000 0.100000
vn 0.000000 0.000000 0.100000
vn 0.000000 0.000000 0.100000
vn 0.000000 0.000000 0.100000
vn 0.000000 0.000000 0.100000
vn 0.000000 0.000000 0.100000
vn 0.000000 0.000000 0.100000
vn 0.000000 0.000000 0.100000
vn 0.000000 0.000000 0.100000
vn 0.000000 0.000000 0.100000
vn 0.000000 0.000000 0.100000
vn 0.000000 0.000000 0.100000
vn 0.000000 0.000000 0.100000
vn 0.000000 0.000000 0.100000
vn 0.000000 0.000000 0.100000
vn 0.000000 0.000000 0.100000
vn 0.000000 0.000000 0.100000
vn 0.000000 0.000000 0.100000
vn 0.000000 0.000000 0.100000
vn 0.000000 0.000000 0.100000
vn 0.000000 0.000000 0.100000
vn 0.000000 0.000000 0.100000
vn 0.000000 0.000000 0.100000
vn 0.000000 0.000000 0.100000
vn 0.000000 0.000000 0.100000
vn 0.000000 0.000000 0.100000
vn 0.000000 0.000000 0.100000
vn 0.000000 0.000000 0.100000
vn 0.000000 0.000000 0.100000
vn 0.000000 0.000000 0.100000
vn 0.000000 0.000000 0.100000
vn 0.000000 0.000000 0.100000
vn 0.000000 0.000000 0.100000
vn 0.000000 0.000000 0.100000
vn 0.000000 0.000000 0.100000
vn 0.000000 0.000000 0.100000
vn 0.000000 0.000000 0.100000
vn 0.000000 0.000000 0.100000
vn 0.000000 0.000000 0.100000
vn 0.000000 0.000000 0.100000
vn 0.000000 0.000000 0.100000
vn 0.000000 0.000000 0.100000
vn 0.000000 0.000000 0.100000
vn 0.000000 0.000000 0.100000
vn 0.000000 0.000000 0.100000
vn 0.000000 0.000000 0.100000
vn 0.000000 0.000000 0.100000
vn 0.000000 0.000000 0.100000
vn 0.098079 -0.019509 0.000000
vn 0.098079 -0.019509 0.000000
vn 0.100000 -0.000000 0.000000
vn 0.100000 -0.000000 0.000000
vn 0.098079 0.019509 0.000000
vn 0.098079 0.019509 0.000000
vn 0.092388 0.038268 0.000000
vn 0.092388 0.038268 0.000000
vn 0.083147 0.055557 0.000000
vn 0.083147 0.055557 0.000000
vn 0.070711 0.070711 0.000000
vn 0.070711 0.070711 0.000000
vn 0.055557 0.083147 0.000000
vn 0.055557 0.083147 0.000000
vn 0.038268 0.092388 0.000000
vn 0.038268 0.092388 0.000000
vn 0.019509 0.098079 0.000000
vn 0.019509 0.098079 0.000000
vn -0.000000 0.100000 0.000000
vn -0.000000 0.100000 0.000000
vn -0.019509 0.098079 0.000000
vn -0.019509 0.098079 0.000000
vn -0.038268 0.092388 0.000000
vn -0.038268 0.092388 0.000000
vn -0.055557 0.083147 0.000000
vn -0.055557 0.083147 0.000000
vn -0.070711 0.070711 0.000000
vn -0.070711 0.070711 0.000000
vn -0.083147 0.055557 0.000000
vn -0.083147 0.055557 0.000000
vn -0.092388 0.038268 0.000000
vn -0.092388 0.038268 0.000000
vn -0.098079 0.019509 0.000000
vn -0.098079 0.019509 0.000000
vn -0.100000 0.000000 0.000000
vn -0.100000 0.000000 0.000000
vn -0.098079 -0.019509 0.000000
vn -0.098079 -0.019509 0.000000
vn -0.092388 -0.038268 0.000000
vn -0.092388 -0.038268 0.000000
vn -0.083147 -0.055557 0.000000
vn -0.083147 -0.055557 0.000000
vn -0.070711 -0.070711 0.000000
vn -0.070711 -0.070711 0.000000
vn -0.055557 -0.083147 0.000000
vn -0.055557 -0.083147 0.000000
vn -0.038268 -0.092388 0.000000
vn -0.038268 -0.092388 0.000000
vn -0.019509 -0.098079 0.000000
vn -0.019509 -0.098079 0.000000
vn -0.000000 -0.100000 0.000000
vn -0.000000 -0.100000 0.000000
vn 0.019509 -0.098079 0.000000
vn 0.019509 -0.098079 0.000000
vn 0.038268 -0.092388 0.000000
vn 0.038268 -0.092388 0.000000
vn 0.055557 -0.083147 0.000000
vn 0.055557 -0.083147 0.000000
vn 0.070711 -0.070711 0.000000
vn 0.070711 -0.070711 0.000000
vn 0.083147 -0.055557 0.000000
vn 0.083147 -0.055557 0.000000
vn 0.092388 -0.038268 0.000000
vn 0.092388 -0.038268 0.000000
vn -0.098079 -0.019509 0.000000
vn -0.100000 0.000000 0.000000
vn -0.098079 0.019509 0.000000
vn -0.092388 0.038268 0.000000
vn -0.083147 0.055557 0.000000
vn -0.070711 0.070711 0.000000
vn -0.055557 0.083147 0.000000
vn -0.038268 0.092388 0.000000
vn -0.019509 0.098079 0.000000
vn -0.000000 0.100000 0.000000
vn 0.019509 0.098079 0.000000
vn 0.038268 0.092388 0.000000
vn 0.055557 0.083147 0.000000
vn 0.070711 0.070711 0.000000
vn 0.083147 0.055557 0.000000
vn 0.092388 0.038268 0.000000
vn 0.098079 0.019509 0.000000
vn 0.100000 0.000000 0.000000
vn 0.098079 -0.019509 0.000000
vn 0.092388 -0.038268 0.000000
vn 0.083147 -0.055557 0.000000
vn 0.070711 -0.070711 0.000000
vn 0.055557 -0.083147 0.000000
vn 0.038268 -0.092388 0.000000
vn 0.019509 -0.098079 0.000000
vn -0.000000 -0.100000 0.000000
vn -0.019509 -0.098079 0.000000
vn -0.038268 -0.092388 0.000000
vn -0.055557 -0.083147 0.000000
vn -0.070711 -0.070711 0.000000
vn -0.083147 -0.055557 0.000000
vn -0.092388 -0.038268 0.000000
vn -0.099108 -0.013329 0.000000
vn -0.099108 -0.013329 0.000000
vn -0.100000 -0.000000 0.000000
vn -0.100000 -0.000000 0.000000
vn -0.099108 0.013329 -0.000000
vn -0.099108 0.013329 -0.000000
vn -0.096447 0.026420 -0.000000
vn -0.096447 0.026420 -0.000000
vn -0.092065 0.039039 -0.000000
vn -0.092065 0.039039 -0.000000
vn -0.086040 0.050962 -0.000000
vn -0.086040 0.050962 -0.000000
vn -0.078480 0.061975 -0.000000
vn -0.078480 0.061975 -0.000000
vn -0.069519 0.071882 -0.000000
vn -0.069519 0.071882 -0.000000
vn -0.059318 0.080507 -0.000000
vn -0.059318 0.080507 -0.000000
vn -0.048058 0.087695 -0.000000
vn -0.048058 0.087695 -0.000000
vn -0.035941 0.093318 -0.000000
vn -0.035941 0.093318 -0.000000
vn -0.023182 0.097276 -0.000000
vn -0.023182 0.097276 -0.000000
vn -0.010010 0.099498 -0.000000
vn -0.010010 0.099498 -0.000000
vn 0.003341 0.099944 0.000000
vn 0.003341 0.099944 0.000000
vn 0.016633 0.098607 0.000000
vn 0.016633 0.098607 0.000000
vn 0.029628 0.095510 0.000000
vn 0.029628 0.095510 0.000000
vn 0.042093 0.090709 0.000000
vn 0.042093 0.090709 0.000000
vn 0.053808 0.084289 0.000000
vn 0.053808 0.084289 0.000000
vn 0.064563 0.076365 0.000000
vn 0.064563 0.076365 0.000000
vn 0.074165 0.067078 0.000000
vn 0.074165 0.067078 0.000000
vn 0.082444 0.056595 0.000000
vn 0.082444 0.056595 0.000000
vn 0.089252 0.045101 0.000000
vn 0.089252 0.045101 0.000000
vn 0.094467 0.032802 0.000000
vn 0.094467 0.032802 0.000000
vn 0.097996 0.019919 0.000000
vn 0.097996 0.019919 0.000000
vn 0.099777 0.006679 0.000000
vn 0.099777 0.006679 0.000000
vn 0.099777 -0.006679 0.000000
vn 0.099777 -0.006679 0.000000
vn 0.097996 -0.019919 0.000000
vn 0.097996 -0.019919 0.000000
vn 0.094467 -0.032802 0.000000
vn 0.094467 -0.032802 0.000000
vn 0.089252 -0.045101 0.000000
vn 0.089252 -0.045101 0.000000
vn 0.082444 -0.056595 0.000000
vn 0.082444 -0.056595 0.000000
vn 0.074165 -0.067078 0.000000
vn 0.074165 -0.067078 0.000000
vn 0.064563 -0.076365 0.000000
vn 0.064563 -0.076365 0.000000
vn 0.053808 -0.084289 0.000000
vn 0.053808 -0.084289 0.000000
vn 0.042093 -0.090709 0.000000
vn 0.042093 -0.090709 0.000000
vn 0.029628 -0.095510 0.000000
vn 0.029628 -0.095510 0.000000
vn 0.016633 -0.098607 0.000000
vn 0.016633 -0.098607 0.000000
vn 0.003341 -0.099944 0.000000
vn 0.003341 -0.099944 0.000000
vn -0.010010 -0.099498 0.000000
vn -0.010010 -0.099498 0.000000
vn -0.023182 -0.097276 0.000000
vn -0.023182 -0.097276 0.000000
vn -0.035941 -0.093318 0.000000
vn -0.035941 -0.093318 0.000000
vn -0.048058 -0.087695 0.000000
vn -0.048058 -0.087695 0.000000
vn -0.059318 -0.080507 0.000000
vn -0.059318 -0.080507 0.000000
vn -0.069519 -0.071882 0.000000
vn -0.069519 -0.071882 0.000000
vn -0.078480 -0.061975 0.000000
vn -0.078480 -0.061975 0.000000
vn -0.086040 -0.050962 0.000000
vn -0.086040 -0.050962 0.000000
vn -0.092065 -0.039039 0.000000
vn -0.092065 -0.039039 0.000000
vn -0.096447 -0.026420 0.000000
vn -0.096447 -0.026420 0.000000
vn 0.000000 0.000000 0.100000
vn 0.000000 0.000000 0.100000
vn 0.000000 0.000000 0.100000
vn 0.000000 0.000000 0.100000
vn 0.000000 0.000000 0.100000
vn 0.000000 0.000000 0.100000
vn 0.000000 0.000000 0.100000
vn 0.000000 0.000000 0.100000
vn 0.000000 0.000000 0.100000
vn 0.000000 0.000000 0.100000
vn 0.000000 0.000000 0.100000
vn 0.000000 0.000000 0.100000
vn 0.000000 0.000000 0.100000
vn 0.000000 0.000000 0.100000
vn 0.000000 0.000000 0.100000
vn 0.000000 0.000000 0.100000
vn 0.000000 0.000000 0.100000
vn 0.000000 0.000000 0.100000
vn 0.000000 0.000000 0.100000
vn 0.000000 0.000000 0.100000
vn 0.000000 0.000000 0.100000
vn 0.000000 0.000000 0.100000
vn 0.000000 0.000000 0.100000
vn 0.000000 0.000000 0.100000
vn 0.000000 0.000000 0.100000
vn 0.000000 0.000000 0.100000
vn 0.000000 0.000000 0.100000
vn 0.000000 0.000000 0.100000
vn 0.000000 0.000000 0.100000
vn 0.000000 0.000000 0.100000
vn 0.000000 0.000000 0.100000
vn 0.000000 0.000000 0.100000
vn 0.000000 0.000000 0.100000
vn 0.000000 0.000000 0.100000
vn 0.000000 0.000000 0.100000
vn 0.000000 0.000000 0.100000
vn 0.000000 0.000000 0.100000
vn 0.000000 0.000000 0.100000
vn 0.000000 0.000000 0.100000
vn 0.000000 0.000000 0.100000
vn 0.000000 0.000000 0.100000
vn 0.000000 0.000000 0.100000
vn 0.000000 0.000000 0.100000
vn 0.000000 0.000000 0.100000
vn 0.000000 0.000000 0.100000
vn 0.000000 0.000000 0.100000
vn 0.000000 0.000000 0.100000
vn 0.000000 0.000000 0.100000
vn 0.000000 0.000000 0.100000
vn 0.000000 0.000000 0.100000
vn 0.000000 0.000000 0.100000
vn 0.000000 0.000000 0.100000
vn 0.000000 0.000000 0.100000
vn 0.000000 0.000000 0.100000
vn 0.000000 0.000000 0.100000
vn 0.000000 0.000000 0.100000
vn 0.000000 0.000000 0.100000
vn 0.000000 0.000000 0.100000
vn 0.000000 0.000000 0.100000
vn 0.000000 0.000000 0.100000
vn 0.000000 0.000000 0.100000
vn 0.000000 0.000000 0.100000
vn 0.000000 0.000000 0.100000
vn 0.000000 0.000000 0.100000
vn 0.000000 0.000000 0.100000
vn 0.000000 0.000000 0.100000
vn 0.000000 0.000000 0.100000
vn 0.000000 0.000000 0.100000
vn 0.000000 0.000000 0.100000
vn 0.000000 0.000000 0.100000
vn 0.000000 0.000000 0.100000
vn 0.000000 0.000000 0.100000
vn 0.000000 0.000000 0.100000
vn 0.000000 0.000000 0.100000
vn 0.000000 0.000000 0.100000
vn 0.000000 0.000000 0.100000
vn 0.000000 0.000000 0.100000
vn 0.000000 0.000000 0.100000
vn 0.000000 0.000000 0.100000
vn 0.000000 0.100000 0.000000
vn 0.000000 0.100000 0.000000
vn 0.000000 0.100000 0.000000
vn 0.000000 0.100000 0.000000
vn 0.000000 -0.100000 0.000000
vn 0.000000 -0.100000 0.000000
vn 0.000000 -0.100000 0.000000
vn 0.000000 -0.100000 0.000000
vn 0.000000 0.000000 0.100000
vn 0.000000 0.000000 0.100000
vn 0.000000 0.000000 0.100000
vn 0.000000 0.000000 0.100000
vn 0.000000 0.000000 0.100000
vn 0.000000 0.000000 0.100000
vn 0.000000 0.000000 0.100000
vn 0.000000 0.000000 0.100000
vn 0.000000 0.000000 0.100000
vn 0.000000 0.000000 0.100000
vn 0.000000 0.000000 0.100000
vn 0.000000 0.000000 0.100000
vn 0.000000 0.000000 0.100000
vn 0.000000 0.000000 0.100000
vn 0.091703 -0.039883 0.000000
vn 0.095441 -0.029851 0.000000
vn 0.093134 -0.036416 0.000000
vn 0.095441 -0.029851 0.000000
vn 0.096477 -0.026310 0.000000
vn 0.097965 -0.020071 0.000000
vn 0.098727 -0.015906 0.000000
vn 0.099490 -0.010087 0.000000
vn 0.099858 -0.005322 0.000000
vn 0.100000 0.000000 0.000000
vn 0.099858 0.005322 0.000000
vn 0.099490 0.010087 0.000000
vn 0.098727 0.015906 0.000000
vn 0.097965 0.020071 0.000000
vn 0.096477 0.026310 0.000000
vn 0.095441 0.029851 0.000000
vn 0.093134 0.036416 0.000000
vn 0.091703 0.039883 0.000000
vn 0.088735 0.046109 0.000000
vn 0.086913 0.049458 0.000000
vn 0.083331 0.055280 0.000000
vn 0.081128 0.058466 0.000000
vn 0.076983 0.063824 0.000000
vn 0.074412 0.066804 0.000000
vn 0.069763 0.071646 0.000000
vn 0.066844 0.074377 0.000000
vn 0.061752 0.078655 0.000000
vn 0.058509 0.081097 0.000000
vn 0.053042 0.084773 0.000000
vn 0.049504 0.086887 0.000000
vn 0.043731 0.089931 0.000000
vn 0.039932 0.091681 0.000000
vn 0.033924 0.094070 0.000000
vn 0.029902 0.095425 0.000000
vn 0.023733 0.097143 0.000000
vn 0.019529 0.098075 0.000000
vn 0.013273 0.099115 0.000000
vn 0.008932 0.099600 0.000000
vn 0.002662 0.099965 0.000000
vn -0.001767 0.099984 -0.000000
vn -0.007979 0.099681 -0.000000
vn -0.012446 0.099222 -0.000000
vn -0.018529 0.098268 -0.000000
vn -0.022983 0.097323 -0.000000
vn -0.028869 0.095742 -0.000000
vn -0.033255 0.094308 -0.000000
vn -0.038882 0.092131 -0.000000
vn -0.043147 0.090213 -0.000000
vn -0.048455 0.087476 -0.000000
vn -0.052544 0.085083 -0.000000
vn -0.057479 0.081830 -0.000000
vn -0.061339 0.078978 -0.000000
vn -0.065851 0.075257 -0.000000
vn -0.069431 0.071968 -0.000000
vn -0.073477 0.067831 -0.000000
vn -0.076727 0.064133 -0.000000
vn -0.080271 0.059637 -0.000000
vn -0.083143 0.055563 -0.000000
vn -0.086155 0.050767 -0.000000
vn -0.088607 0.046356 -0.000000
vn -0.091063 0.041321 -0.000000
vn -0.093055 0.036617 -0.000000
vn -0.094940 0.031408 -0.000000
vn -0.096436 0.026459 -0.000000
vn -0.097740 0.021138 -0.000000
vn -0.098712 0.015998 -0.000000
vn -0.099433 0.010629 -0.000000
vn -0.099857 0.005353 -0.000000
vn -0.100000 0.000000 -0.000000
vn -0.099857 -0.005353 0.000000
vn -0.099433 -0.010629 0.000000
vn -0.098712 -0.015998 0.000000
vn -0.097740 -0.021138 0.000000
vn -0.096436 -0.026459 0.000000
vn -0.094940 -0.031408 0.000000
vn -0.093055 -0.036617 0.000000
vn -0.091063 -0.041321 0.000000
vn -0.088607 -0.046356 0.000000
vn -0.086155 -0.050767 0.000000
vn -0.083143 -0.055563 0.000000
vn -0.080271 -0.059637 0.000000
vn -0.076727 -0.064133 0.000000
vn -0.073477 -0.067831 0.000000
vn -0.069431 -0.071968 0.000000
vn -0.065851 -0.075257 0.000000
vn -0.061339 -0.078978 0.000000
vn -0.057479 -0.081830 0.000000
vn -0.052544 -0.085083 0.000000
vn -0.048455 -0.087476 0.000000
vn -0.043147 -0.090213 0.000000
vn -0.038882 -0.092131 0.000000
vn -0.033255 -0.094308 0.000000
vn -0.028869 -0.095742 0.000000
vn -0.022983 -0.097323 0.000000
vn -0.018529 -0.098268 0.000000
vn -0.012446 -0.099222 0.000000
vn -0.007979 -0.099681 0.000000
vn -0.001767 -0.099984 0.000000
vn 0.002662 -0.099965 0.000000
vn 0.008932 -0.099600 0.000000
vn 0.013273 -0.099115 0.000000
vn 0.019529 -0.098075 0.000000
vn 0.023733 -0.097143 0.000000
vn 0.029902 -0.095425 0.000000
vn 0.033924 -0.094070 0.000000
vn 0.039932 -0.091681 0.000000
vn 0.043731 -0.089931 0.000000
vn 0.049504 -0.086887 0.000000
vn 0.053042 -0.084773 0.000000
vn 0.058509 -0.081097 0.000000
vn 0.061752 -0.078655 0.000000
vn 0.066844 -0.074377 0.000000
vn 0.069763 -0.071646 0.000000
vn 0.074412 -0.066804 0.000000
vn 0.076983 -0.063824 0.000000
vn 0.081128 -0.058466 0.000000
vn 0.083331 -0.055280 0.000000
vn 0.086913 -0.049458 0.000000
vn 0.088735 -0.046109 0.000000
vn 0.095441 0.029851 0.000000
vn -0.098079 0.019509 -0.000000
vn -0.098079 0.019509 -0.000000
vn -0.100000 0.000000 -0.000000
vn -0.100000 0.000000 -0.000000
vn -0.098079 -0.019509 0.000000
vn -0.098079 -0.019509 0.000000
vn -0.092388 -0.038268 0.000000
vn -0.092388 -0.038268 0.000000
vn -0.083147 -0.055557 0.000000
vn -0.083147 -0.055557 0.000000
vn -0.070711 -0.070711 0.000000
vn -0.070711 -0.070711 0.000000
vn -0.055557 -0.083147 0.000000
vn -0.055557 -0.083147 0.000000
vn -0.038268 -0.092388 0.000000
vn -0.038268 -0.092388 0.000000
vn -0.019509 -0.098079 0.000000
vn -0.019509 -0.098079 0.000000
vn 0.000000 -0.100000 0.000000
vn 0.000000 -0.100000 0.000000
vn 0.019509 -0.098079 0.000000
vn 0.019509 -0.098079 0.000000
vn 0.038268 -0.092388 0.000000
vn 0.038268 -0.092388 0.000000
vn 0.055557 -0.083147 0.000000
vn 0.055557 -0.083147 0.000000
vn 0.070711 -0.070711 0.000000
vn 0.070711 -0.070711 0.000000
vn 0.083147 -0.055557 0.000000
vn 0.083147 -0.055557 0.000000
vn 0.092388 -0.038268 0.000000
vn 0.092388 -0.038268 0.000000
vn 0.098079 -0.019509 0.000000
vn 0.098079 -0.019509 0.000000
vn 0.100000 0.000000 0.000000
vn 0.100000 0.000000 0.000000
vn 0.098079 0.019509 0.000000
vn 0.098079 0.019509 0.000000
vn 0.092388 0.038268 0.000000
vn 0.092388 0.038268 0.000000
vn 0.083147 0.055557 0.000000
vn 0.083147 0.055557 0.000000
vn 0.070711 0.070711 0.000000
vn 0.070711 0.070711 0.000000
vn 0.055557 0.083147 0.000000
vn 0.055557 0.083147 0.000000
vn 0.038268 0.092388 0.000000
vn 0.038268 0.092388 0.000000
vn 0.019509 0.098079 0.000000
vn 0.019509 0.098079 0.000000
vn 0.000000 0.100000 0.000000
vn 0.000000 0.100000 0.000000
vn -0.019509 0.098079 -0.000000
vn -0.019509 0.098079 -0.000000
vn -0.038268 0.092388 -0.000000
vn -0.038268 0.092388 -0.000000
vn -0.055557 0.083147 -0.000000
vn -0.055557 0.083147 -0.000000
vn -0.070711 0.070711 -0.000000
vn -0.070711 0.070711 -0.000000
vn -0.083147 0.055557 -0.000000
vn -0.083147 0.055557 -0.000000
vn -0.092388 0.038268 -0.000000
vn -0.092388 0.038268 -0.000000
vn 0.000000 0.000000 0.100000
vn 0.000000 0.000000 0.100000
vn 0.000000 0.000000 0.100000
vn 0.000000 0.000000 0.100000
vn 0.000000 0.000000 0.100000
vn 0.000000 0.000000 0.100000
vn 0.000000 0.000000 0.100000
vn 0.000000 0.000000 0.100000
vn 0.000000 0.000000 0.100000
vn 0.000000 0.000000 0.100000
vn 0.000000 0.000000 0.100000
vn 0.000000 0.000000 0.100000
vn 0.000000 0.000000 0.100000
vn 0.000000 0.000000 0.100000
vn 0.000000 0.000000 0.100000
vn 0.000000 0.000000 0.100000
vn 0.000000 0.000000 0.100000
vn 0.000000 0.000000 0.100000
vn 0.000000 0.000000 0.100000
vn 0.000000 0.000000 0.100000
vn 0.000000 0.000000 0.100000
vn 0.000000 0.000000 0.100000
vn 0.000000 0.000000 0.100000
vn 0.000000 0.000000 0.100000
vn 0.000000 0.000000 0.100000
vn 0.000000 0.000000 0.100000
vn 0.000000 0.000000 0.100000
vn 0.000000 0.000000 0.100000
vn 0.000000 0.000000 0.100000
vn 0.000000 0.000000 0.100000
vn 0.000000 0.000000 0.100000
vn 0.000000 0.000000 0.100000
vn 0.000000 0.000000 0.100000
vn 0.000000 0.000000 0.100000
vn 0.000000 0.000000 0.100000
vn 0.000000 0.000000 0.100000
vn 0.000000 0.000000 0.100000
vn 0.000000 0.000000 0.100000
vn 0.000000 0.000000 0.100000
vn 0.000000 0.000000 0.100000
vn 0.000000 0.000000 0.100000
vn 0.000000 0.000000 0.100000
vn 0.000000 0.000000 0.100000
vn 0.000000 0.000000 0.100000
vn 0.000000 0.000000 0.100000
vn 0.000000 0.000000 0.100000
vn 0.000000 0.000000 0.100000
vn 0.000000 0.000000 0.100000
vn 0.000000 0.000000 0.100000
vn 0.000000 0.000000 0.100000
vn 0.000000 0.000000 0.100000
vn 0.000000 0.000000 0.100000
vn 0.000000 0.000000 0.100000
vn 0.000000 0.000000 0.100000
vn 0.000000 0.000000 0.100000
vn 0.000000 0.000000 0.100000
vn 0.000000 0.000000 0.100000
vn 0.000000 0.000000 0.100000
vn 0.000000 0.000000 0.100000
vn 0.000000 0.000000 0.100000
vn 0.000000 0.000000 0.100000
vn 0.000000 0.000000 0.100000
vn 0.000000 0.000000 0.100000
vn 0.000000 0.000000 0.100000
vn 0.000000 0.000000 0.100000
vn 0.000000 0.000000 0.100000
vn 0.000000 0.000000 0.100000
vn 0.000000 0.000000 0.100000
vn 0.000000 0.000000 0.100000
vn 0.000000 0.000000 0.100000
vn 0.000000 0.000000 0.100000
vn 0.000000 0.000000 0.100000
vn 0.000000 0.000000 0.100000
vn 0.000000 0.000000 0.100000
vn 0.000000 0.000000 0.100000
vn 0.000000 0.000000 0.100000
vn 0.000000 0.000000 0.100000
vn 0.000000 0.000000 0.100000
vn 0.000000 0.000000 0.100000
vn 0.000000 0.000000 0.100000
vn 0.000000 0.000000 0.100000
vn 0.000000 0.000000 0.100000
vn 0.000000 0.000000 0.100000
vn 0.000000 0.000000 0.100000
vn 0.000000 0.000000 0.100000
vn 0.000000 0.000000 0.100000
vn 0.000000 0.000000 0.100000
vn 0.000000 0.000000 0.100000
vn 0.000000 0.000000 0.100000
vn 0.000000 0.000000 0.100000
vn 0.000000 0.000000 0.100000
vn 0.000000 0.000000 0.100000
vn 0.000000 0.000000 0.100000
vn 0.000000 0.000000 0.100000
vn 0.000000 0.000000 0.100000
vn 0.000000 0.000000 0.100000
vn 0.000000 0.000000 0.100000
vn 0.000000 0.000000 0.100000
vn 0.000000 0.000000 0.100000
vn 0.000000 0.000000 0.100000
vn 0.000000 0.000000 0.100000
vn 0.000000 0.000000 0.100000
vn 0.000000 0.000000 0.100000
vn 0.000000 0.000000 0.100000
vn 0.000000 0.000000 0.100000
vn 0.000000 0.000000 0.100000
vn 0.000000 0.000000 0.100000
vn 0.000000 0.000000 0.100000
vn 0.000000 0.000000 0.100000
vn 0.000000 0.000000 0.100000
vn 0.000000 0.000000 0.100000
vn 0.000000 0.000000 0.100000
vn 0.000000 0.000000 0.100000
vn 0.000000 0.000000 0.100000
vn 0.000000 0.000000 0.100000
vn 0.000000 0.000000 0.100000
vn 0.000000 0.000000 0.100000
vn 0.000000 0.000000 0.100000
vn 0.000000 0.000000 0.100000
vn 0.000000 0.000000 0.100000
vn 0.000000 0.000000 0.100000
vn 0.000000 0.000000 0.100000
vn 0.000000 0.000000 0.100000
vn 0.000000 -0.100000 0.000000
vn 0.000000 -0.100000 0.000000
vn 0.000000 -0.100000 0.000000
vn 0.000000 -0.100000 0.000000
vn -0.000000 0.000000 -0.100000
vn -0.000000 0.000000 -0.100000
vn -0.000000 0.000000 -0.100000
vn -0.000000 0.000000 -0.100000
vn -0.000000 0.000000 -0.100000
vn -0.000000 0.000000 -0.100000
vn -0.000000 0.000000 -0.100000
vn -0.000000 0.000000 -0.100000
vn -0.000000 0.000000 -0.100000
vn -0.000000 0.000000 -0.100000
vn -0.000000 0.000000 -0.100000
vn -0.000000 0.000000 -0.100000
vn -0.000000 0.000000 -0.100000
vn -0.000000 0.000000 -0.100000
vn -0.000000 0.000000 -0.100000
vn -0.000000 0.000000 -0.100000
vn -0.000000 0.000000 -0.100000
vn -0.000000 0.000000 -0.100000
vn -0.000000 0.000000 -0.100000
vn -0.000000 0.000000 -0.100000
vn -0.000000 0.000000 -0.100000
vn -0.000000 0.000000 -0.100000
vn -0.000000 0.000000 -0.100000
vn -0.000000 0.000000 -0.100000
vn -0.000000 0.000000 -0.100000
vn -0.000000 0.000000 -0.100000
vn -0.000000 0.000000 -0.100000
vn -0.000000 0.000000 -0.100000
vn -0.000000 0.000000 -0.100000
vn -0.000000 0.000000 -0.100000
vn -0.000000 0.000000 -0.100000
vn -0.000000 0.000000 -0.100000
vn -0.000000 0.000000 -0.100000
vn -0.000000 0.000000 -0.100000
vn -0.000000 0.000000 -0.100000
vn -0.000000 0.000000 -0.100000
vn -0.000000 0.000000 -0.100000
vn -0.000000 0.000000 -0.100000
vn -0.000000 0.000000 -0.100000
vn -0.000000 0.000000 -0.100000
vn -0.000000 0.000000 -0.100000
vn -0.000000 0.000000 -0.100000
vn -0.000000 0.000000 -0.100000
vn -0.000000 0.000000 -0.100000
vn -0.000000 0.000000 -0.100000
vn -0.000000 0.000000 -0.100000
vn -0.000000 0.000000 -0.100000
vn -0.000000 0.000000 -0.100000
vn -0.000000 0.000000 -0.100000
vn -0.000000 0.000000 -0.100000
vn -0.000000 0.000000 -0.100000
vn -0.000000 0.000000 -0.100000
vn -0.000000 0.000000 -0.100000
vn -0.000000 0.000000 -0.100000
vn -0.000000 0.000000 -0.100000
vn -0.000000 0.000000 -0.100000
vn -0.000000 0.000000 -0.100000
vn -0.000000 0.000000 -0.100000
vn -0.000000 0.000000 -0.100000
vn -0.000000 0.000000 -0.100000
vn -0.000000 0.000000 -0.100000
vn -0.000000 0.000000 -0.100000
vn -0.000000 0.000000 -0.100000
vn -0.000000 0.000000 -0.100000
vn -0.000000 0.000000 -0.100000
vn -0.000000 0.000000 -0.100000
vn -0.000000 0.000000 -0.100000
vn -0.000000 0.000000 -0.100000
vn -0.000000 0.000000 -0.100000
vn -0.000000 0.000000 -0.100000
vn -0.000000 0.000000 -0.100000
vn -0.000000 0.000000 -0.100000
vn -0.000000 0.000000 -0.100000
vn -0.000000 0.000000 -0.100000
vn -0.000000 0.000000 -0.100000
vn -0.000000 0.000000 -0.100000
vn -0.000000 0.000000 -0.100000
vn -0.000000 0.000000 -0.100000
vn -0.000000 0.000000 -0.100000
vn -0.000000 0.000000 -0.100000
vn -0.000000 0.000000 -0.100000
vn -0.000000 0.000000 -0.100000
vn -0.000000 0.000000 -0.100000
vn -0.000000 0.000000 -0.100000
vn -0.000000 0.000000 -0.100000
vn -0.000000 0.000000 -0.100000
vn -0.000000 0.000000 -0.100000
vn -0.000000 0.000000 -0.100000
vn -0.000000 0.000000 -0.100000
vn -0.000000 0.000000 -0.100000
vn -0.000000 0.000000 -0.100000
vn -0.000000 0.000000 -0.100000
vn -0.000000 0.000000 -0.100000
vn -0.000000 0.000000 -0.100000
vn -0.000000 0.000000 -0.100000
vn -0.000000 0.000000 -0.100000
vn -0.000000 0.000000 -0.100000
vn -0.000000 0.000000 -0.100000
vn -0.000000 0.000000 -0.100000
vn -0.000000 0.000000 -0.100000
vn -0.000000 0.000000 -0.100000
vn -0.000000 0.000000 -0.100000
vn -0.000000 0.000000 -0.100000
vn -0.000000 0.000000 -0.100000
vn -0.000000 0.000000 -0.100000
vn -0.000000 0.000000 -0.100000
vn -0.000000 0.000000 -0.100000
vn -0.000000 0.000000 -0.100000
vn -0.000000 0.000000 -0.100000
vn -0.000000 0.000000 -0.100000
vn -0.000000 0.000000 -0.100000
vn -0.000000 0.000000 -0.100000
vn -0.000000 0.000000 -0.100000
vn -0.000000 0.000000 -0.100000
vn -0.000000 0.000000 -0.100000
vn -0.000000 0.000000 -0.100000
vn -0.000000 0.000000 -0.100000
vn -0.000000 0.000000 -0.100000
vn -0.000000 0.000000 -0.100000
vn -0.000000 0.000000 -0.100000
vn -0.000000 0.000000 -0.100000
vn -0.000000 0.000000 -0.100000
vn -0.000000 0.000000 -0.100000
vn -0.000000 0.000000 -0.100000
vn -0.000000 0.000000 -0.100000
vn -0.000000 0.000000 -0.100000
vn -0.000000 0.000000 -0.100000
vn -0.000000 0.000000 -0.100000
vn -0.000000 0.000000 -0.100000
vn -0.000000 0.000000 -0.100000
vn -0.000000 0.000000 -0.100000
vn -0.000000 0.000000 -0.100000
vn -0.000000 0.000000 -0.100000
vn -0.000000 0.000000 -0.100000
vn -0.000000 0.000000 -0.100000
vn -0.000000 0.000000 -0.100000
vn -0.000000 0.000000 -0.100000
vn -0.000000 0.000000 -0.100000
vn -0.000000 0.000000 -0.100000
vn -0.000000 0.000000 -0.100000
vn -0.000000 0.000000 -0.100000
vn -0.000000 0.000000 -0.100000
vn -0.000000 0.000000 -0.100000
vn -0.000000 0.000000 -0.100000
vn -0.000000 0.000000 -0.100000
vn -0.000000 0.000000 -0.100000
vn -0.000000 0.000000 -0.100000
vn -0.000000 0.000000 -0.100000
vn -0.000000 0.000000 -0.100000
vn -0.000000 0.000000 -0.100000
vn -0.000000 0.000000 -0.100000
vn -0.000000 0.000000 -0.100000
vn -0.000000 0.000000 -0.100000
vn -0.000000 0.000000 -0.100000
vn -0.000000 0.000000 -0.100000
vn -0.000000 0.000000 -0.100000
vn -0.000000 0.000000 -0.100000
vn -0.000000 0.000000 -0.100000
vn -0.000000 0.000000 -0.100000
vn -0.000000 0.000000 -0.100000
vn -0.000000 0.000000 -0.100000
vn -0.000000 0.000000 -0.100000
vn -0.000000 0.000000 -0.100000
vn -0.000000 0.000000 -0.100000
vn -0.000000 0.000000 -0.100000
vn -0.000000 0.000000 -0.100000
vn -0.000000 0.000000 -0.100000
vn -0.000000 0.000000 -0.100000
vn -0.000000 0.000000 -0.100000
vn -0.000000 0.000000 -0.100000
vn -0.000000 0.000000 -0.100000
vn -0.000000 0.000000 -0.100000
vn -0.000000 0.000000 -0.100000
vn -0.000000 0.000000 -0.100000
vn -0.000000 0.000000 -0.100000
vn -0.000000 0.000000 -0.100000
vn -0.000000 0.000000 -0.100000
vn -0.000000 0.000000 -0.100000
vn -0.000000 0.000000 -0.100000
vn -0.000000 0.000000 -0.100000
vn -0.000000 0.000000 -0.100000
vn -0.000000 0.000000 -0.100000
vn -0.000000 0.000000 -0.100000
vn -0.000000 0.000000 -0.100000
vn -0.000000 0.000000 -0.100000
vn -0.000000 0.000000 -0.100000
vn -0.000000 0.000000 -0.100000
vn -0.000000 0.000000 -0.100000
vn -0.000000 0.000000 -0.100000
vn -0.000000 0.000000 -0.100000
vn -0.000000 0.000000 -0.100000
vn -0.000000 0.000000 -0.100000
usemtl Steel_-_Satin
f 2/1/1 59/2/2 1/3/3
f 1/4/3 59/5/2 60/6/4
f 1/4/3 60/6/4 39/7/5
f 39/7/5 60/6/4 61/8/6
f 39/7/5 61/8/6 38/9/7
f 38/9/7 61/8/6 62/10/8
f 38/9/7 62/10/8 37/11/9
f 37/11/9 62/10/8 63/12/10
f 37/11/9 63/12/10 36/13/11
f 36/13/11 63/12/10 64/14/12
f 36/13/11 64/14/12 35/15/13
f 35/15/13 64/14/12 65/16/14
f 35/15/13 65/16/14 34/17/15
f 34/17/15 65/16/14 66/18/16
f 34/17/15 66/18/16 33/19/17
f 33/19/17 66/18/16 67/20/18
f 33/19/17 67/20/18 32/21/19
f 32/21/19 67/20/18 68/22/20
f 32/21/19 68/22/20 31/23/21
f 31/23/21 68/22/20 69/24/22
f 31/23/21 69/24/22 30/25/23
f 30/25/23 69/24/22 70/26/24
f 30/25/23 70/26/24 29/27/25
f 29/27/25 70/26/24 71/28/26
f 29/27/25 71/28/26 28/29/27
f 28/29/27 71/28/26 72/30/28
f 28/29/27 72/30/28 27/31/29
f 27/31/29 72/30/28 73/32/30
f 27/31/29 73/32/30 26/33/31
f 26/33/31 73/32/30 74/34/32
f 26/33/31 74/34/32 25/35/33
f 25/35/33 74/34/32 75/36/34
f 25/35/33 75/36/34 24/37/35
f 24/37/35 75/36/34 76/38/36
f 24/37/35 76/38/36 23/39/37
f 23/39/37 76/38/36 77/40/38
f 23/39/37 77/40/38 22/41/39
f 22/41/39 77/40/38 78/42/40
f 22/41/39 78/42/40 21/43/41
f 21/43/41 78/42/40 40/44/42
f 21/43/41 40/44/42 20/45/43
f 20/45/43 40/44/42 41/46/44
f 20/45/43 41/46/44 19/47/45
f 19/47/45 41/46/44 42/48/46
f 19/47/45 42/48/46 18/49/47
f 18/49/47 42/48/46 43/50/48
f 18/49/47 43/50/48 17/51/49
f 17/51/49 43/50/48 44/52/50
f 17/51/49 44/52/50 16/53/51
f 16/53/51 44/52/50 45/54/52
f 16/53/51 45/54/52 15/55/53
f 15/55/53 45/54/52 46/56/54
f 15/55/53 46/56/54 14/57/55
f 14/57/55 46/56/54 47/58/56
f 14/57/55 47/58/56 13/59/57
f 13/59/57 47/58/56 48/60/58
f 13/59/57 48/60/58 12/61/59
f 12/61/59 48/60/58 49/62/60
f 12/61/59 49/62/60 11/63/61
f 11/63/61 49/62/60 50/64/62
f 11/63/61 50/64/62 10/65/63
f 10/65/63 50/64/62 51/66/64
f 10/65/63 51/66/64 9/67/65
f 9/67/65 51/66/64 52/68/66
f 9/67/65 52/68/66 8/69/67
f 8/69/67 52/68/66 53/70/68
f 8/69/67 53/70/68 7/71/69
f 7/71/69 53/70/68 54/72/70
f 7/71/69 54/72/70 6/73/71
f 6/73/71 54/72/70 55/74/72
f 6/73/71 55/74/72 5/75/73
f 5/75/73 55/74/72 56/76/74
f 5/75/73 56/76/74 4/77/75
f 4/77/75 56/76/74 57/78/76
f 4/77/75 57/78/76 3/79/77
f 3/79/77 57/78/76 58/80/78
f 3/79/77 58/80/78 2/1/1
f 2/1/1 58/80/78 59/2/2
f 80/81/79 179/82/80 79/83/81
f 79/83/81 179/82/80 180/84/82
f 79/83/81 180/84/82 131/85/83
f 131/85/83 180/84/82 181/86/84
f 131/85/83 181/86/84 130/87/85
f 130/87/85 181/86/84 182/88/86
f 130/87/85 182/88/86 129/89/87
f 129/89/87 182/88/86 132/90/88
f 129/89/87 132/90/88 128/91/89
f 128/92/89 132/93/88 133/94/90
f 128/92/89 133/94/90 127/95/91
f 127/95/91 133/94/90 134/96/92
f 127/95/91 134/96/92 126/97/93
f 126/97/93 134/96/92 135/98/94
f 126/97/93 135/98/94 125/99/95
f 125/99/95 135/98/94 136/100/96
f 125/99/95 136/100/96 124/101/97
f 124/101/97 136/100/96 123/102/98
f 123/102/98 136/100/96 137/103/99
f 123/102/98 137/103/99 122/104/100
f 122/104/100 137/103/99 138/105/101
f 122/104/100 138/105/101 121/106/102
f 121/106/102 138/105/101 139/107/103
f 121/106/102 139/107/103 120/108/104
f 120/108/104 139/107/103 140/109/105
f 120/108/104 140/109/105 119/110/106
f 119/110/106 140/109/105 141/111/107
f 119/110/106 141/111/107 118/112/108
f 118/112/108 141/111/107 142/113/109
f 118/112/108 142/113/109 117/114/110
f 117/114/110 142/113/109 143/115/111
f 117/114/110 143/115/111 116/116/112
f 116/116/112 143/115/111 144/117/113
f 116/116/112 144/117/113 115/118/114
f 115/118/114 144/117/113 145/119/115
f 115/118/114 145/119/115 114/120/116
f 114/120/116 145/119/115 146/121/117
f 114/120/116 146/121/117 113/122/118
f 113/122/118 146/121/117 147/123/119
f 113/122/118 147/123/119 112/124/120
f 112/124/120 147/123/119 148/125/121
f 112/124/120 148/125/121 111/126/122
f 111/126/122 148/125/121 149/127/123
f 111/126/122 149/127/123 110/128/124
f 110/128/124 149/127/123 150/129/125
f 110/128/124 150/129/125 109/130/126
f 109/130/126 150/129/125 151/131/127
f 109/130/126 151/131/127 108/132/128
f 108/132/128 151/131/127 152/133/129
f 108/132/128 152/133/129 107/134/130
f 107/134/130 152/133/129 153/135/131
f 107/134/130 153/135/131 106/136/132
f 106/136/132 153/135/131 154/137/133
f 106/136/132 154/137/133 105/138/134
f 105/138/134 154/137/133 155/139/135
f 105/138/134 155/139/135 104/140/136
f 104/140/136 155/139/135 156/141/137
f 104/140/136 156/141/137 103/142/138
f 103/142/138 156/141/137 157/143/139
f 103/142/138 157/143/139 102/144/140
f 102/144/140 157/143/139 158/145/141
f 102/144/140 158/145/141 101/146/142
f 101/146/142 158/145/141 159/147/143
f 101/146/142 159/147/143 100/148/144
f 100/148/144 159/147/143 160/149/145
f 100/148/144 160/149/145 99/150/146
f 99/150/146 160/149/145 161/151/147
f 99/150/146 161/151/147 98/152/148
f 98/152/148 161/151/147 162/153/149
f 98/152/148 162/153/149 97/154/150
f 97/154/150 162/153/149 163/155/151
f 97/154/150 163/155/151 96/156/152
f 96/156/152 163/155/151 164/157/153
f 96/156/152 164/157/153 95/158/154
f 95/158/154 164/157/153 165/159/155
f 95/158/154 165/159/155 94/160/156
f 94/160/156 165/159/155 166/161/157
f 94/160/156 166/161/157 93/162/158
f 93/162/158 166/161/157 167/163/159
f 93/162/158 167/163/159 92/164/160
f 92/164/160 167/163/159 168/165/161
f 92/164/160 168/165/161 91/166/162
f 91/166/162 168/165/161 169/167/163
f 91/166/162 169/167/163 90/168/164
f 90/168/164 169/167/163 170/169/165
f 90/168/164 170/169/165 89/170/166
f 89/170/166 170/169/165 171/171/167
f 89/170/166 171/171/167 88/172/168
f 88/172/168 171/171/167 172/173/169
f 88/172/168 172/173/169 87/174/170
f 87/174/170 172/173/169 173/175/171
f 87/174/170 173/175/171 86/176/172
f 86/176/172 173/175/171 174/177/173
f 86/176/172 174/177/173 85/178/174
f 85/178/174 174/177/173 175/179/175
f 85/178/174 175/179/175 84/180/176
f 84/180/176 175/179/175 176/181/177
f 84/180/176 176/181/177 83/182/178
f 83/182/178 176/181/177 177/183/179
f 83/182/178 177/183/179 82/184/180
f 82/184/180 177/183/179 178/185/181
f 82/184/180 178/185/181 81/186/182
f 81/186/182 178/185/181 179/82/80
f 81/186/182 179/82/80 80/81/79
f 78/187/183 158/188/184 40/189/185
f 40/189/185 158/188/184 157/190/186
f 40/189/185 157/190/186 41/191/187
f 41/191/187 157/190/186 156/192/188
f 41/191/187 156/192/188 42/193/189
f 42/193/189 156/192/188 155/194/190
f 42/193/189 155/194/190 154/195/191
f 158/188/184 78/187/183 159/196/192
f 159/196/192 78/187/183 77/197/193
f 159/196/192 77/197/193 160/198/194
f 160/198/194 77/197/193 161/199/195
f 161/199/195 77/197/193 76/200/196
f 161/199/195 76/200/196 162/201/197
f 162/201/197 76/200/196 75/202/198
f 162/201/197 75/202/198 163/203/199
f 163/203/199 75/202/198 74/204/200
f 163/203/199 74/204/200 164/205/201
f 164/205/201 74/204/200 165/206/202
f 165/206/202 74/204/200 73/207/203
f 165/206/202 73/207/203 166/208/204
f 166/208/204 73/207/203 72/209/205
f 166/208/204 72/209/205 167/210/206
f 167/210/206 72/209/205 71/211/207
f 167/210/206 71/211/207 168/212/208
f 168/212/208 71/211/207 169/213/209
f 169/213/209 71/211/207 70/214/210
f 169/213/209 70/214/210 170/215/211
f 170/215/211 70/214/210 69/216/212
f 170/215/211 69/216/212 171/217/213
f 171/217/213 69/216/212 68/218/214
f 171/217/213 68/218/214 172/219/215
f 172/219/215 68/218/214 173/220/216
f 173/220/216 68/218/214 67/221/217
f 173/220/216 67/221/217 174/222/218
f 174/222/218 67/221/217 66/223/219
f 174/222/218 66/223/219 175/224/220
f 175/224/220 66/223/219 65/225/221
f 175/224/220 65/225/221 176/226/222
f 176/226/222 65/225/221 64/227/223
f 176/226/222 64/227/223 177/228/224
f 177/228/224 64/227/223 178/229/225
f 178/229/225 64/227/223 63/230/226
f 178/229/225 63/230/226 179/231/227
f 179/231/227 63/230/226 62/232/228
f 179/231/227 62/232/228 180/233/229
f 180/233/229 62/232/228 61/234/230
f 180/233/229 61/234/230 181/235/231
f 181/235/231 61/234/230 182/236/232
f 182/236/232 61/234/230 60/237/233
f 182/236/232 60/237/233 132/238/234
f 132/238/234 60/237/233 59/239/235
f 132/238/234 59/239/235 133/240/236
f 133/240/236 59/239/235 58/241/237
f 133/240/236 58/241/237 134/242/238
f 134/242/238 58/241/237 135/243/239
f 135/243/239 58/241/237 57/244/240
f 135/243/239 57/244/240 136/245/241
f 136/245/241 57/244/240 56/246/242
f 136/245/241 56/246/242 137/247/243
f 137/247/243 56/246/242 55/248/244
f 137/247/243 55/248/244 138/249/245
f 138/249/245 55/248/244 139/250/246
f 139/250/246 55/248/244 54/251/247
f 139/250/246 54/251/247 140/252/248
f 140/252/248 54/251/247 53/253/249
f 140/252/248 53/253/249 141/254/250
f 141/254/250 53/253/249 52/255/251
f 141/254/250 52/255/251 142/256/252
f 142/256/252 52/255/251 51/257/253
f 142/256/252 51/257/253 143/258/254
f 143/258/254 51/257/253 144/259/255
f 144/259/255 51/257/253 50/260/256
f 144/259/255 50/260/256 145/261/257
f 145/261/257 50/260/256 49/262/258
f 145/261/257 49/262/258 146/263/259
f 146/263/259 49/262/258 48/264/260
f 146/263/259 48/264/260 147/265/261
f 147/265/261 48/264/260 148/266/262
f 148/266/262 48/264/260 47/267/263
f 148/266/262 47/267/263 149/268/264
f 149/268/264 47/267/263 46/269/265
f 149/268/264 46/269/265 150/270/266
f 150/270/266 46/269/265 45/271/267
f 150/270/266 45/271/267 151/272/268
f 151/272/268 45/271/267 152/273/269
f 152/273/269 45/271/267 44/274/270
f 152/273/269 44/274/270 153/275/271
f 153/275/271 44/274/270 43/276/272
f 153/275/271 43/276/272 154/195/191
f 154/195/191 43/276/272 42/193/189
f 79/277/273 131/278/274 189/279/275
f 189/279/275 131/278/274 188/280/276
f 188/280/276 131/278/274 130/281/277
f 188/280/276 130/281/277 187/282/278
f 187/282/278 130/281/277 129/283/279
f 187/282/278 129/283/279 186/284/280
f 186/284/280 129/283/279 128/285/281
f 186/284/280 128/285/281 185/286/282
f 185/286/282 128/285/281 127/287/283
f 185/286/282 127/287/283 184/288/284
f 184/288/284 127/287/283 126/289/285
f 184/288/284 126/289/285 183/290/286
f 183/290/286 126/289/285 125/291/287
f 124/292/288 190/293/289 125/294/290
f 125/294/290 190/293/289 183/295/291
f 192/296/292 281/297/293 191/298/294
f 191/298/294 281/297/293 282/299/295
f 191/300/294 282/301/295 283/302/296
f 281/297/293 192/296/292 280/303/297
f 280/303/297 192/296/292 193/304/298
f 280/303/297 193/304/298 279/305/299
f 279/305/299 193/304/298 194/306/300
f 279/305/299 194/306/300 278/307/301
f 278/307/301 194/306/300 277/308/302
f 277/308/302 194/306/300 195/309/303
f 277/308/302 195/309/303 276/310/304
f 276/310/304 195/309/303 196/311/305
f 276/310/304 196/311/305 275/312/306
f 275/312/306 196/311/305 197/313/307
f 275/312/306 197/313/307 274/314/308
f 274/314/308 197/313/307 198/315/309
f 274/314/308 198/315/309 273/316/310
f 273/316/310 198/315/309 199/317/311
f 273/316/310 199/317/311 272/318/312
f 272/318/312 199/317/311 200/319/313
f 272/318/312 200/319/313 271/320/314
f 271/320/314 200/319/313 201/321/315
f 271/320/314 201/321/315 270/322/316
f 270/322/316 201/321/315 202/323/317
f 270/322/316 202/323/317 269/324/318
f 269/324/318 202/323/317 203/325/319
f 269/324/318 203/325/319 268/326/320
f 268/326/320 203/325/319 204/327/321
f 268/326/320 204/327/321 267/328/322
f 267/328/322 204/327/321 205/329/323
f 267/328/322 205/329/323 266/330/324
f 266/330/324 205/329/323 206/331/325
f 266/330/324 206/331/325 265/332/326
f 265/332/326 206/331/325 207/333/327
f 265/332/326 207/333/327 264/334/328
f 264/334/328 207/333/327 208/335/329
f 264/334/328 208/335/329 263/336/330
f 263/336/330 208/335/329 209/337/331
f 263/336/330 209/337/331 262/338/332
f 262/338/332 209/337/331 210/339/333
f 262/338/332 210/339/333 261/340/334
f 261/340/334 210/339/333 211/341/335
f 261/340/334 211/341/335 260/342/336
f 260/342/336 211/341/335 212/343/337
f 260/342/336 212/343/337 259/344/338
f 259/344/338 212/343/337 213/345/339
f 259/344/338 213/345/339 258/346/340
f 258/346/340 213/345/339 214/347/341
f 258/346/340 214/347/341 257/348/342
f 257/348/342 214/347/341 256/349/343
f 256/349/343 214/347/341 215/350/344
f 256/349/343 215/350/344 255/351/345
f 255/351/345 215/350/344 216/352/346
f 255/351/345 216/352/346 254/353/347
f 254/353/347 216/352/346 217/354/348
f 254/353/347 217/354/348 253/355/349
f 253/355/349 217/354/348 218/356/350
f 253/355/349 218/356/350 190/357/351
f 190/357/351 218/356/350 183/358/352
f 183/358/352 218/356/350 219/359/353
f 183/358/352 219/359/353 184/360/354
f 184/360/354 219/359/353 220/361/355
f 184/360/354 220/361/355 185/362/356
f 185/362/356 220/361/355 221/363/357
f 185/362/356 221/363/357 186/364/358
f 186/364/358 221/363/357 222/365/359
f 186/364/358 222/365/359 187/366/360
f 187/366/360 222/365/359 223/367/361
f 187/366/360 223/367/361 188/368/362
f 188/368/362 223/367/361 224/369/363
f 188/368/362 224/369/363 189/370/364
f 189/370/364 224/369/363 225/371/365
f 189/370/364 225/371/365 252/372/366
f 252/372/366 225/371/365 311/373/367
f 311/373/367 225/371/365 226/374/368
f 311/373/367 226/374/368 310/375/369
f 310/375/369 226/374/368 227/376/370
f 310/375/369 227/376/370 309/377/371
f 309/377/371 227/376/370 228/378/372
f 309/377/371 228/378/372 308/379/373
f 308/379/373 228/378/372 229/380/374
f 308/379/373 229/380/374 307/381/375
f 307/381/375 229/380/374 306/382/376
f 306/382/376 229/380/374 230/383/377
f 306/382/376 230/383/377 305/384/378
f 305/384/378 230/383/377 231/385/379
f 305/384/378 231/385/379 304/386/380
f 304/386/380 231/385/379 232/387/381
f 304/386/380 232/387/381 303/388/382
f 303/388/382 232/387/381 233/389/383
f 303/388/382 233/389/383 302/390/384
f 302/390/384 233/389/383 234/391/385
f 302/390/384 234/391/385 301/392/386
f 301/392/386 234/391/385 235/393/387
f 301/392/386 235/393/387 300/394/388
f 300/394/388 235/393/387 236/395/389
f 300/394/388 236/395/389 299/396/390
f 299/396/390 236/395/389 237/397/391
f 299/396/390 237/397/391 298/398/392
f 298/398/392 237/397/391 238/399/393
f 298/398/392 238/399/393 297/400/394
f 297/400/394 238/399/393 239/401/395
f 297/400/394 239/401/395 296/402/396
f 296/402/396 239/401/395 240/403/397
f 296/402/396 240/403/397 295/404/398
f 295/404/398 240/403/397 241/405/399
f 295/404/398 241/405/399 294/406/400
f 294/406/400 241/405/399 242/407/401
f 294/406/400 242/407/401 293/408/402
f 293/408/402 242/407/401 243/409/403
f 293/408/402 243/409/403 292/410/404
f 292/410/404 243/409/403 244/411/405
f 292/410/404 244/411/405 291/412/406
f 291/412/406 244/411/405 245/413/407
f 291/412/406 245/413/407 290/414/408
f 290/414/408 245/413/407 246/415/409
f 290/414/408 246/415/409 289/416/410
f 289/416/410 246/415/409 247/417/411
f 289/416/410 247/417/411 288/418/412
f 288/418/412 247/417/411 248/419/413
f 288/418/412 248/419/413 287/420/414
f 287/420/414 248/419/413 249/421/415
f 287/420/414 249/421/415 286/422/416
f 286/422/416 249/421/415 285/423/417
f 285/423/417 249/421/415 250/424/418
f 285/423/417 250/424/418 284/425/419
f 284/425/419 250/424/418 251/426/420
f 284/425/419 251/426/420 283/302/296
f 283/302/296 251/426/420 191/300/294
f 192/427/421 191/428/422 312/429/423
f 312/429/423 191/428/422 251/430/424
f 312/429/423 251/430/424 358/431/425
f 358/431/425 251/430/424 250/432/426
f 358/431/425 250/432/426 357/433/427
f 357/433/427 250/432/426 249/434/428
f 357/433/427 249/434/428 356/435/429
f 356/435/429 249/434/428 248/436/430
f 356/435/429 248/436/430 247/437/431
f 356/435/429 247/437/431 355/438/432
f 355/438/432 247/437/431 246/439/433
f 355/438/432 246/439/433 354/440/434
f 354/440/434 246/439/433 245/441/435
f 354/440/434 245/441/435 353/442/436
f 353/442/436 245/441/435 244/443/437
f 353/442/436 244/443/437 352/444/438
f 352/444/438 244/443/437 243/445/439
f 352/444/438 243/445/439 242/446/440
f 352/444/438 242/446/440 351/447/441
f 351/447/441 242/446/440 241/448/442
f 351/447/441 241/448/442 350/449/443
f 350/449/443 241/448/442 240/450/444
f 350/449/443 240/450/444 349/451/445
f 349/451/445 240/450/444 239/452/446
f 349/451/445 239/452/446 238/453/447
f 349/451/445 238/453/447 348/454/448
f 348/454/448 238/453/447 237/455/449
f 348/454/448 237/455/449 347/456/450
f 347/456/450 237/455/449 236/457/451
f 347/456/450 236/457/451 346/458/452
f 346/458/452 236/457/451 235/459/453
f 346/458/452 235/459/453 234/460/454
f 346/458/452 234/460/454 345/461/455
f 345/461/455 234/460/454 233/462/456
f 345/461/455 233/462/456 344/463/457
f 344/463/457 233/462/456 232/464/458
f 344/463/457 232/464/458 343/465/459
f 343/465/459 232/464/458 231/466/460
f 343/465/459 231/466/460 342/467/461
f 342/467/461 231/466/460 230/468/462
f 342/467/461 230/468/462 229/469/463
f 342/467/461 229/469/463 341/470/464
f 341/470/464 229/469/463 228/471/465
f 341/470/464 228/471/465 340/472/466
f 340/472/466 228/471/465 227/473/467
f 340/472/466 227/473/467 339/474/468
f 339/474/468 227/473/467 226/475/469
f 339/474/468 226/475/469 225/476/470
f 339/474/468 225/476/470 338/477/471
f 338/477/471 225/476/470 224/478/472
f 338/477/471 224/478/472 337/479/473
f 337/479/473 224/478/472 223/480/474
f 337/479/473 223/480/474 336/481/475
f 336/481/475 223/480/474 222/482/476
f 336/481/475 222/482/476 221/483/477
f 336/481/475 221/483/477 335/484/478
f 335/484/478 221/483/477 220/485/479
f 335/484/478 220/485/479 334/486/480
f 334/486/480 220/485/479 219/487/481
f 334/486/480 219/487/481 333/488/482
f 333/488/482 219/487/481 218/489/483
f 333/488/482 218/489/483 332/490/484
f 332/490/484 218/489/483 217/491/485
f 332/490/484 217/491/485 216/492/486
f 332/490/484 216/492/486 331/493/487
f 331/493/487 216/492/486 215/494/488
f 331/493/487 215/494/488 330/495/489
f 330/495/489 215/494/488 214/496/490
f 330/495/489 214/496/490 329/497/491
f 329/497/491 214/496/490 213/498/492
f 329/497/491 213/498/492 212/499/493
f 329/497/491 212/499/493 328/500/494
f 328/500/494 212/499/493 211/501/495
f 328/500/494 211/501/495 327/502/496
f 327/502/496 211/501/495 210/503/497
f 327/502/496 210/503/497 326/504/498
f 326/504/498 210/503/497 209/505/499
f 326/504/498 209/505/499 325/506/500
f 325/506/500 209/505/499 208/507/501
f 325/506/500 208/507/501 207/508/502
f 325/506/500 207/508/502 324/509/503
f 324/509/503 207/508/502 206/510/504
f 324/509/503 206/510/504 323/511/505
f 323/511/505 206/510/504 205/512/506
f 323/511/505 205/512/506 322/513/507
f 322/513/507 205/512/506 204/514/508
f 322/513/507 204/514/508 203/515/509
f 322/513/507 203/515/509 321/516/510
f 321/516/510 203/515/509 202/517/511
f 321/516/510 202/517/511 320/518/512
f 320/518/512 202/517/511 201/519/513
f 320/518/512 201/519/513 319/520/514
f 319/520/514 201/519/513 200/521/515
f 319/520/514 200/521/515 199/522/516
f 319/520/514 199/522/516 318/523/517
f 318/523/517 199/522/516 198/524/518
f 318/523/517 198/524/518 317/525/519
f 317/525/519 198/524/518 197/526/520
f 317/525/519 197/526/520 316/527/521
f 316/527/521 197/526/520 196/528/522
f 316/527/521 196/528/522 315/529/523
f 315/529/523 196/528/522 195/530/524
f 315/529/523 195/530/524 194/531/525
f 315/529/523 194/531/525 314/532/526
f 314/532/526 194/531/525 193/533/527
f 314/532/526 193/533/527 313/534/528
f 313/534/528 193/533/527 192/427/421
f 313/534/528 192/427/421 312/429/423
f 360/535/529 374/536/530 359/537/531
f 359/537/531 374/536/530 375/538/532
f 359/537/531 375/538/532 390/539/533
f 390/539/533 375/538/532 376/540/534
f 390/539/533 376/540/534 389/541/535
f 389/541/535 376/540/534 377/542/536
f 389/541/535 377/542/536 388/543/537
f 388/543/537 377/542/536 378/544/538
f 388/543/537 378/544/538 387/545/539
f 387/545/539 378/544/538 379/546/540
f 387/545/539 379/546/540 386/547/541
f 386/547/541 379/546/540 380/548/542
f 386/547/541 380/548/542 385/549/543
f 385/549/543 380/548/542 381/550/544
f 385/549/543 381/550/544 384/551/545
f 384/551/545 381/550/544 382/552/546
f 384/551/545 382/552/546 383/553/547
f 374/536/530 360/535/529 373/554/548
f 373/554/548 360/535/529 361/555/549
f 373/554/548 361/555/549 372/556/550
f 372/556/550 361/555/549 362/557/551
f 372/556/550 362/557/551 371/558/552
f 371/558/552 362/557/551 363/559/553
f 371/558/552 363/559/553 370/560/554
f 370/560/554 363/559/553 364/561/555
f 370/560/554 364/561/555 369/562/556
f 369/562/556 364/561/555 365/563/557
f 369/562/556 365/563/557 368/564/558
f 368/564/558 365/563/557 366/565/559
f 368/564/558 366/565/559 367/566/560
f 390/567/561 424/568/562 359/569/563
f 359/569/563 424/568/562 423/570/564
f 359/571/563 423/572/564 360/573/565
f 360/573/565 423/572/564 454/574/566
f 360/573/565 454/574/566 361/575/567
f 361/575/567 454/574/566 453/576/568
f 361/575/567 453/576/568 362/577/569
f 362/577/569 453/576/568 452/578/570
f 362/577/569 452/578/570 363/579/571
f 363/579/571 452/578/570 451/580/572
f 363/579/571 451/580/572 364/581/573
f 364/581/573 451/580/572 450/582/574
f 364/581/573 450/582/574 365/583/575
f 365/583/575 450/582/574 449/584/576
f 365/583/575 449/584/576 366/585/577
f 366/585/577 449/584/576 448/586/578
f 366/585/577 448/586/578 367/587/579
f 367/587/579 448/586/578 447/588/580
f 367/587/579 447/588/580 368/589/581
f 368/589/581 447/588/580 446/590/582
f 368/589/581 446/590/582 369/591/583
f 369/591/583 446/590/582 445/592/584
f 369/591/583 445/592/584 370/593/585
f 370/593/585 445/592/584 444/594/586
f 370/593/585 444/594/586 371/595/587
f 371/595/587 444/594/586 443/596/588
f 371/595/587 443/596/588 372/597/589
f 372/597/589 443/596/588 442/598/590
f 372/597/589 442/598/590 373/599/591
f 373/599/591 442/598/590 441/600/592
f 373/599/591 441/600/592 374/601/593
f 374/601/593 441/600/592 440/602/594
f 374/601/593 440/602/594 375/603/595
f 375/603/595 440/602/594 439/604/596
f 375/603/595 439/604/596 376/605/597
f 376/605/597 439/604/596 438/606/598
f 376/605/597 438/606/598 377/607/599
f 377/607/599 438/606/598 437/608/600
f 377/607/599 437/608/600 378/609/601
f 378/609/601 437/608/600 436/610/602
f 378/609/601 436/610/602 379/611/603
f 379/611/603 436/610/602 435/612/604
f 379/611/603 435/612/604 380/613/605
f 380/613/605 435/612/604 434/614/606
f 380/613/605 434/614/606 381/615/607
f 381/615/607 434/614/606 433/616/608
f 381/615/607 433/616/608 382/617/609
f 382/617/609 433/616/608 432/618/610
f 382/617/609 432/618/610 383/619/611
f 383/619/611 432/618/610 431/620/612
f 383/619/611 431/620/612 384/621/613
f 384/621/613 431/620/612 430/622/614
f 384/621/613 430/622/614 385/623/615
f 385/623/615 430/622/614 429/624/616
f 385/623/615 429/624/616 386/625/617
f 386/625/617 429/624/616 428/626/618
f 386/625/617 428/626/618 387/627/619
f 387/627/619 428/626/618 427/628/620
f 387/627/619 427/628/620 388/629/621
f 388/629/621 427/628/620 426/630/622
f 388/629/621 426/630/622 389/631/623
f 389/631/623 426/630/622 425/632/624
f 389/631/623 425/632/624 390/567/561
f 390/567/561 425/632/624 424/568/562
f 392/633/625 438/606/598 391/634/626
f 391/634/626 438/606/598 439/604/596
f 391/634/626 439/604/596 422/635/627
f 422/635/627 439/604/596 440/602/594
f 422/635/627 440/602/594 421/636/628
f 421/636/628 440/602/594 441/600/592
f 421/636/628 441/600/592 420/637/629
f 420/637/629 441/600/592 442/598/590
f 420/637/629 442/598/590 419/638/630
f 419/638/630 442/598/590 443/596/588
f 419/638/630 443/596/588 418/639/631
f 418/639/631 443/596/588 444/594/586
f 418/639/631 444/594/586 417/640/632
f 417/640/632 444/594/586 445/592/584
f 417/640/632 445/592/584 416/641/633
f 416/641/633 445/592/584 446/590/582
f 416/641/633 446/590/582 415/642/634
f 415/642/634 446/590/582 447/588/580
f 415/642/634 447/588/580 414/643/635
f 414/643/635 447/588/580 448/586/578
f 414/643/635 448/586/578 413/644/636
f 413/644/636 448/586/578 449/584/576
f 413/644/636 449/584/576 412/645/637
f 412/645/637 449/584/576 450/582/574
f 412/645/637 450/582/574 411/646/638
f 411/646/638 450/582/574 451/580/572
f 411/646/638 451/580/572 410/647/639
f 410/647/639 451/580/572 452/578/570
f 410/647/639 452/578/570 409/648/640
f 409/648/640 452/578/570 453/576/568
f 409/648/640 453/576/568 408/649/641
f 408/649/641 453/576/568 454/574/566
f 408/649/641 454/574/566 407/650/642
f 407/650/642 454/574/566 423/572/564
f 407/651/642 423/570/564 406/652/643
f 406/652/643 423/570/564 424/568/562
f 406/652/643 424/568/562 405/653/644
f 405/653/644 424/568/562 425/632/624
f 405/653/644 425/632/624 404/654/645
f 404/654/645 425/632/624 426/630/622
f 404/654/645 426/630/622 403/655/646
f 403/655/646 426/630/622 427/628/620
f 403/655/646 427/628/620 402/656/647
f 402/656/647 427/628/620 428/626/618
f 402/656/647 428/626/618 401/657/648
f 401/657/648 428/626/618 429/624/616
f 401/657/648 429/624/616 400/658/649
f 400/658/649 429/624/616 430/622/614
f 400/658/649 430/622/614 399/659/650
f 399/659/650 430/622/614 431/620/612
f 399/659/650 431/620/612 398/660/651
f 398/660/651 431/620/612 432/618/610
f 398/660/651 432/618/610 397/661/652
f 397/661/652 432/618/610 433/616/608
f 397/661/652 433/616/608 396/662/653
f 396/662/653 433/616/608 434/614/606
f 396/662/653 434/614/606 395/663/654
f 395/663/654 434/614/606 435/612/604
f 395/663/654 435/612/604 394/664/655
f 394/664/655 435/612/604 436/610/602
f 394/664/655 436/610/602 393/665/656
f 393/665/656 436/610/602 437/608/600
f 393/665/656 437/608/600 392/633/625
f 392/633/625 437/608/600 438/606/598
f 358/666/657 501/667/658 312/668/659
f 312/668/659 501/667/658 455/669/660
f 312/670/659 455/671/660 313/672/661
f 313/672/661 455/671/660 456/673/662
f 313/672/661 456/673/662 314/674/663
f 314/674/663 456/673/662 457/675/664
f 314/674/663 457/675/664 315/676/665
f 315/676/665 457/675/664 458/677/666
f 315/676/665 458/677/666 316/678/667
f 316/678/667 458/677/666 459/679/668
f 316/678/667 459/679/668 317/680/669
f 317/680/669 459/679/668 460/681/670
f 317/680/669 460/681/670 318/682/671
f 318/682/671 460/681/670 461/683/672
f 318/682/671 461/683/672 319/684/673
f 319/684/673 461/683/672 462/685/674
f 319/684/673 462/685/674 320/686/675
f 320/686/675 462/685/674 463/687/676
f 320/686/675 463/687/676 321/688/677
f 321/688/677 463/687/676 464/689/678
f 321/688/677 464/689/678 322/690/679
f 322/690/679 464/689/678 465/691/680
f 322/690/679 465/691/680 323/692/681
f 323/692/681 465/691/680 466/693/682
f 323/692/681 466/693/682 324/694/683
f 324/694/683 466/693/682 467/695/684
f 324/694/683 467/695/684 325/696/685
f 325/696/685 467/695/684 468/697/686
f 325/696/685 468/697/686 326/698/687
f 326/698/687 468/697/686 469/699/688
f 326/698/687 469/699/688 327/700/689
f 327/700/689 469/699/688 470/701/690
f 327/700/689 470/701/690 328/702/691
f 328/702/691 470/701/690 471/703/692
f 328/702/691 471/703/692 329/704/693
f 329/704/693 471/703/692 472/705/694
f 329/704/693 472/705/694 330/706/695
f 330/706/695 472/705/694 473/707/696
f 330/706/695 473/707/696 331/708/697
f 331/708/697 473/707/696 474/709/698
f 331/708/697 474/709/698 332/710/699
f 332/710/699 474/709/698 475/711/700
f 332/710/699 475/711/700 333/712/701
f 333/712/701 475/711/700 476/713/702
f 333/712/701 476/713/702 334/714/703
f 334/714/703 476/713/702 477/715/704
f 334/714/703 477/715/704 335/716/705
f 335/716/705 477/715/704 478/717/706
f 335/716/705 478/717/706 336/718/707
f 336/718/707 478/717/706 479/719/708
f 336/718/707 479/719/708 337/720/709
f 337/720/709 479/719/708 480/721/710
f 337/720/709 480/721/710 338/722/711
f 338/722/711 480/721/710 481/723/712
f 338/722/711 481/723/712 339/724/713
f 339/724/713 481/723/712 482/725/714
f 339/724/713 482/725/714 340/726/715
f 340/726/715 482/725/714 483/727/716
f 340/726/715 483/727/716 341/728/717
f 341/728/717 483/727/716 484/729/718
f 341/728/717 484/729/718 342/730/719
f 342/730/719 484/729/718 485/731/720
f 342/730/719 485/731/720 343/732/721
f 343/732/721 485/731/720 486/733/722
f 343/732/721 486/733/722 344/734/723
f 344/734/723 486/733/722 487/735/724
f 344/734/723 487/735/724 345/736/725
f 345/736/725 487/735/724 488/737/726
f 345/736/725 488/737/726 346/738/727
f 346/738/727 488/737/726 489/739/728
f 346/738/727 489/739/728 347/740/729
f 347/740/729 489/739/728 490/741/730
f 347/740/729 490/741/730 348/742/731
f 348/742/731 490/741/730 491/743/732
f 348/742/731 491/743/732 349/744/733
f 349/744/733 491/743/732 492/745/734
f 349/744/733 492/745/734 350/746/735
f 350/746/735 492/745/734 493/747/736
f 350/746/735 493/747/736 351/748/737
f 351/748/737 493/747/736 494/749/738
f 351/748/737 494/749/738 352/750/739
f 352/750/739 494/749/738 495/751/740
f 352/750/739 495/751/740 353/752/741
f 353/752/741 495/751/740 496/753/742
f 353/752/741 496/753/742 354/754/743
f 354/754/743 496/753/742 497/755/744
f 354/754/743 497/755/744 355/756/745
f 355/756/745 497/755/744 498/757/746
f 355/756/745 498/757/746 356/758/747
f 356/758/747 498/757/746 499/759/748
f 356/758/747 499/759/748 357/760/749
f 357/760/749 499/759/748 500/761/750
f 357/760/749 500/761/750 358/666/657
f 358/666/657 500/761/750 501/667/658
f 422/762/751 479/763/752 391/764/753
f 391/764/753 479/763/752 478/765/754
f 391/764/753 478/765/754 392/766/755
f 392/766/755 478/765/754 477/767/756
f 392/766/755 477/767/756 476/768/757
f 421/769/758 481/770/759 422/762/751
f 422/762/751 481/770/759 480/771/760
f 422/762/751 480/771/760 479/763/752
f 481/770/759 421/769/758 482/772/761
f 482/772/761 421/769/758 420/773/762
f 482/772/761 420/773/762 483/774/763
f 483/774/763 420/773/762 484/775/764
f 484/775/764 420/773/762 419/776/765
f 484/775/764 419/776/765 485/777/766
f 485/777/766 419/776/765 418/778/767
f 485/777/766 418/778/767 486/779/768
f 486/779/768 418/778/767 487/780/769
f 487/780/769 418/778/767 417/781/770
f 487/780/769 417/781/770 488/782/771
f 488/782/771 417/781/770 416/783/772
f 488/782/771 416/783/772 489/784/773
f 489/784/773 416/783/772 490/785/774
f 490/785/774 416/783/772 415/786/775
f 490/785/774 415/786/775 491/787/776
f 491/787/776 415/786/775 414/788/777
f 491/787/776 414/788/777 492/789/778
f 492/789/778 414/788/777 413/790/779
f 492/789/778 413/790/779 493/791/780
f 493/791/780 413/790/779 494/792/781
f 494/792/781 413/790/779 412/793/782
f 494/792/781 412/793/782 495/794/783
f 495/794/783 412/793/782 411/795/784
f 495/794/783 411/795/784 496/796/785
f 496/796/785 411/795/784 497/797/786
f 497/797/786 411/795/784 410/798/787
f 497/797/786 410/798/787 498/799/788
f 498/799/788 410/798/787 409/800/789
f 498/799/788 409/800/789 499/801/790
f 499/801/790 409/800/789 500/802/791
f 500/802/791 409/800/789 408/803/792
f 500/802/791 408/803/792 501/804/793
f 501/804/793 408/803/792 407/805/794
f 501/804/793 407/805/794 455/806/795
f 455/806/795 407/805/794 456/807/796
f 456/807/796 407/805/794 406/808/797
f 456/807/796 406/808/797 457/809/798
f 457/809/798 406/808/797 405/810/799
f 457/809/798 405/810/799 458/811/800
f 458/811/800 405/810/799 459/812/801
f 459/812/801 405/810/799 404/813/802
f 459/812/801 404/813/802 460/814/803
f 460/814/803 404/813/802 403/815/804
f 460/814/803 403/815/804 461/816/805
f 461/816/805 403/815/804 462/817/806
f 462/817/806 403/815/804 402/818/807
f 462/817/806 402/818/807 463/819/808
f 463/819/808 402/818/807 401/820/809
f 463/819/808 401/820/809 464/821/810
f 464/821/810 401/820/809 465/822/811
f 465/822/811 401/820/809 400/823/812
f 465/822/811 400/823/812 466/824/813
f 466/824/813 400/823/812 399/825/814
f 466/824/813 399/825/814 467/826/815
f 467/826/815 399/825/814 398/827/816
f 467/826/815 398/827/816 468/828/817
f 468/828/817 398/827/816 469/829/818
f 469/829/818 398/827/816 397/830/819
f 469/829/818 397/830/819 470/831/820
f 470/831/820 397/830/819 396/832/821
f 470/831/820 396/832/821 471/833/822
f 471/833/822 396/832/821 472/834/823
f 472/834/823 396/832/821 395/835/824
f 472/834/823 395/835/824 473/836/825
f 473/836/825 395/835/824 394/837/826
f 473/836/825 394/837/826 474/838/827
f 474/838/827 394/837/826 475/839/828
f 475/839/828 394/837/826 393/840/829
f 475/839/828 393/840/829 476/768/757
f 476/768/757 393/840/829 392/766/755
f 278/841/830 502/842/831 279/843/832
f 279/843/832 502/842/831 503/844/833
f 285/845/834 504/846/835 286/847/836
f 286/847/836 504/846/835 505/848/837
f 504/849/838 285/850/839 510/851/840
f 510/851/840 285/850/839 284/852/841
f 510/851/840 284/852/841 509/853/842
f 509/853/842 284/852/841 283/854/843
f 509/853/842 283/854/843 508/855/844
f 508/855/844 283/854/843 282/856/845
f 508/855/844 282/856/845 281/857/846
f 508/855/844 281/857/846 507/858/847
f 507/858/847 281/857/846 280/859/848
f 507/858/847 280/859/848 506/860/849
f 506/860/849 280/859/848 279/861/850
f 506/860/849 279/861/850 503/862/851
f 562/863/852 505/864/853 596/865/854
f 596/865/854 505/864/853 504/866/855
f 596/865/854 504/866/855 595/867/856
f 595/867/856 504/866/855 510/868/857
f 595/867/856 510/868/857 594/869/858
f 594/869/858 510/868/857 509/870/859
f 594/869/858 509/870/859 593/871/860
f 593/871/860 509/870/859 508/872/861
f 593/871/860 508/872/861 592/873/862
f 592/873/862 508/872/861 507/874/863
f 592/873/862 507/874/863 591/875/864
f 591/875/864 507/874/863 506/876/865
f 591/875/864 506/876/865 590/877/866
f 590/877/866 506/876/865 503/878/867
f 590/877/866 503/878/867 589/879/868
f 589/879/868 503/878/867 511/880/869
f 589/879/868 511/880/869 588/881/870
f 588/881/870 511/880/869 512/882/871
f 588/881/870 512/882/871 587/883/872
f 587/883/872 512/882/871 513/884/873
f 587/883/872 513/884/873 586/885/874
f 586/885/874 513/884/873 514/886/875
f 586/885/874 514/886/875 585/887/876
f 585/887/876 514/886/875 515/888/877
f 585/887/876 515/888/877 584/889/878
f 584/889/878 515/888/877 516/890/879
f 584/889/878 516/890/879 583/891/880
f 583/891/880 516/890/879 517/892/881
f 583/891/880 517/892/881 582/893/882
f 582/893/882 517/892/881 518/894/883
f 582/893/882 518/894/883 581/895/884
f 581/895/884 518/894/883 519/896/885
f 581/895/884 519/896/885 580/897/886
f 580/897/886 519/896/885 520/898/887
f 580/897/886 520/898/887 579/899/888
f 579/899/888 520/898/887 521/900/889
f 579/899/888 521/900/889 578/901/890
f 578/901/890 521/900/889 522/902/891
f 578/901/890 522/902/891 577/903/892
f 577/903/892 522/902/891 523/904/893
f 577/903/892 523/904/893 576/905/894
f 576/905/894 523/904/893 524/906/895
f 576/905/894 524/906/895 575/907/896
f 575/907/896 524/906/895 525/908/897
f 575/907/896 525/908/897 574/909/898
f 574/909/898 525/908/897 526/910/899
f 574/909/898 526/910/899 573/911/900
f 573/911/900 526/910/899 527/912/901
f 573/911/900 527/912/901 572/913/902
f 572/913/902 527/912/901 528/914/903
f 572/913/902 528/914/903 571/915/904
f 571/915/904 528/914/903 529/916/905
f 571/915/904 529/916/905 570/917/906
f 570/917/906 529/916/905 530/918/907
f 570/917/906 530/918/907 569/919/908
f 569/919/908 530/918/907 531/920/909
f 569/919/908 531/920/909 568/921/910
f 568/921/910 531/920/909 532/922/911
f 568/921/910 532/922/911 567/923/912
f 567/923/912 532/922/911 533/924/913
f 567/923/912 533/924/913 566/925/914
f 566/925/914 533/924/913 534/926/915
f 566/925/914 534/926/915 565/927/916
f 565/927/916 534/926/915 535/928/917
f 565/927/916 535/928/917 564/929/918
f 564/929/918 535/928/917 536/930/919
f 564/929/918 536/930/919 563/931/920
f 563/932/920 536/933/919 537/934/921
f 563/932/920 537/934/921 621/935/922
f 621/935/922 537/934/921 538/936/923
f 621/935/922 538/936/923 620/937/924
f 620/937/924 538/936/923 539/938/925
f 620/937/924 539/938/925 619/939/926
f 619/939/926 539/938/925 540/940/927
f 619/939/926 540/940/927 618/941/928
f 618/941/928 540/940/927 541/942/929
f 618/941/928 541/942/929 617/943/930
f 617/943/930 541/942/929 542/944/931
f 617/943/930 542/944/931 616/945/932
f 616/945/932 542/944/931 543/946/933
f 616/945/932 543/946/933 615/947/934
f 615/947/934 543/946/933 544/948/935
f 615/947/934 544/948/935 614/949/936
f 614/949/936 544/948/935 545/950/937
f 614/949/936 545/950/937 613/951/938
f 613/951/938 545/950/937 546/952/939
f 613/951/938 546/952/939 612/953/940
f 612/953/940 546/952/939 547/954/941
f 612/953/940 547/954/941 611/955/942
f 611/955/942 547/954/941 548/956/943
f 611/955/942 548/956/943 610/957/944
f 610/957/944 548/956/943 549/958/945
f 610/957/944 549/958/945 609/959/946
f 609/959/946 549/958/945 550/960/947
f 609/959/946 550/960/947 608/961/948
f 608/961/948 550/960/947 551/962/949
f 608/961/948 551/962/949 607/963/950
f 607/963/950 551/962/949 552/964/951
f 607/963/950 552/964/951 606/965/952
f 606/965/952 552/964/951 553/966/953
f 606/965/952 553/966/953 605/967/954
f 605/967/954 553/966/953 554/968/955
f 605/967/954 554/968/955 604/969/956
f 604/969/956 554/968/955 555/970/957
f 604/969/956 555/970/957 603/971/958
f 603/971/958 555/970/957 556/972/959
f 603/971/958 556/972/959 602/973/960
f 602/973/960 556/972/959 557/974/961
f 602/973/960 557/974/961 601/975/962
f 601/975/962 557/974/961 558/976/963
f 601/975/962 558/976/963 600/977/964
f 600/977/964 558/976/963 559/978/965
f 600/977/964 559/978/965 599/979/966
f 599/979/966 559/978/965 560/980/967
f 599/979/966 560/980/967 598/981/968
f 598/981/968 560/980/967 561/982/969
f 598/981/968 561/982/969 597/983/970
f 597/983/970 561/982/969 562/863/852
f 597/983/970 562/863/852 596/865/854
f 503/878/867 502/984/971 511/880/869
f 623/985/972 685/986/973 622/987/974
f 622/987/974 685/986/973 654/988/975
f 622/989/974 654/990/975 653/991/976
f 653/991/976 654/990/975 655/992/977
f 653/991/976 655/992/977 652/993/978
f 652/993/978 655/992/977 656/994/979
f 652/993/978 656/994/979 651/995/980
f 651/995/980 656/994/979 657/996/981
f 651/995/980 657/996/981 650/997/982
f 650/997/982 657/996/981 658/998/983
f 650/997/982 658/998/983 649/999/984
f 649/999/984 658/998/983 659/1000/985
f 649/999/984 659/1000/985 648/1001/986
f 648/1001/986 659/1000/985 660/1002/987
f 648/1001/986 660/1002/987 647/1003/988
f 647/1003/988 660/1002/987 661/1004/989
f 647/1003/988 661/1004/989 646/1005/990
f 646/1005/990 661/1004/989 662/1006/991
f 646/1005/990 662/1006/991 645/1007/992
f 645/1007/992 662/1006/991 663/1008/993
f 645/1007/992 663/1008/993 644/1009/994
f 644/1009/994 663/1008/993 664/1010/995
f 644/1009/994 664/1010/995 643/1011/996
f 643/1011/996 664/1010/995 665/1012/997
f 643/1011/996 665/1012/997 642/1013/998
f 642/1013/998 665/1012/997 666/1014/999
f 642/1013/998 666/1014/999 641/1015/1000
f 641/1015/1000 666/1014/999 667/1016/1001
f 641/1015/1000 667/1016/1001 640/1017/1002
f 640/1017/1002 667/1016/1001 668/1018/1003
f 640/1017/1002 668/1018/1003 639/1019/1004
f 639/1019/1004 668/1018/1003 669/1020/1005
f 639/1019/1004 669/1020/1005 638/1021/1006
f 638/1021/1006 669/1020/1005 670/1022/1007
f 638/1021/1006 670/1022/1007 637/1023/1008
f 637/1023/1008 670/1022/1007 671/1024/1009
f 637/1023/1008 671/1024/1009 636/1025/1010
f 636/1025/1010 671/1024/1009 672/1026/1011
f 636/1025/1010 672/1026/1011 635/1027/1012
f 635/1027/1012 672/1026/1011 673/1028/1013
f 635/1027/1012 673/1028/1013 634/1029/1014
f 634/1029/1014 673/1028/1013 674/1030/1015
f 634/1029/1014 674/1030/1015 633/1031/1016
f 633/1031/1016 674/1030/1015 675/1032/1017
f 633/1031/1016 675/1032/1017 632/1033/1018
f 632/1033/1018 675/1032/1017 676/1034/1019
f 632/1033/1018 676/1034/1019 631/1035/1020
f 631/1035/1020 676/1034/1019 677/1036/1021
f 631/1035/1020 677/1036/1021 630/1037/1022
f 630/1037/1022 677/1036/1021 678/1038/1023
f 630/1037/1022 678/1038/1023 629/1039/1024
f 629/1039/1024 678/1038/1023 679/1040/1025
f 629/1039/1024 679/1040/1025 628/1041/1026
f 628/1041/1026 679/1040/1025 680/1042/1027
f 628/1041/1026 680/1042/1027 627/1043/1028
f 627/1043/1028 680/1042/1027 681/1044/1029
f 627/1043/1028 681/1044/1029 626/1045/1030
f 626/1045/1030 681/1044/1029 682/1046/1031
f 626/1045/1030 682/1046/1031 625/1047/1032
f 625/1047/1032 682/1046/1031 683/1048/1033
f 625/1047/1032 683/1048/1033 624/1049/1034
f 624/1049/1034 683/1048/1033 684/1050/1035
f 624/1049/1034 684/1050/1035 623/985/972
f 623/985/972 684/1050/1035 685/986/973
f 653/1051/1036 639/1052/1037 622/1053/1038
f 622/1053/1038 639/1052/1037 638/1054/1039
f 622/1053/1038 638/1054/1039 623/1055/1040
f 623/1055/1040 638/1054/1039 637/1056/1041
f 623/1055/1040 637/1056/1041 624/1057/1042
f 624/1057/1042 637/1056/1041 636/1058/1043
f 624/1057/1042 636/1058/1043 625/1059/1044
f 625/1059/1044 636/1058/1043 635/1060/1045
f 625/1059/1044 635/1060/1045 626/1061/1046
f 626/1061/1046 635/1060/1045 634/1062/1047
f 626/1061/1046 634/1062/1047 627/1063/1048
f 627/1063/1048 634/1062/1047 633/1064/1049
f 627/1063/1048 633/1064/1049 628/1065/1050
f 628/1065/1050 633/1064/1049 632/1066/1051
f 628/1065/1050 632/1066/1051 629/1067/1052
f 629/1067/1052 632/1066/1051 631/1068/1053
f 629/1067/1052 631/1068/1053 630/1069/1054
f 639/1052/1037 653/1051/1036 640/1070/1055
f 640/1070/1055 653/1051/1036 652/1071/1056
f 640/1070/1055 652/1071/1056 641/1072/1057
f 641/1072/1057 652/1071/1056 651/1073/1058
f 641/1072/1057 651/1073/1058 642/1074/1059
f 642/1074/1059 651/1073/1058 650/1075/1060
f 642/1074/1059 650/1075/1060 643/1076/1061
f 643/1076/1061 650/1075/1060 649/1077/1062
f 643/1076/1061 649/1077/1062 644/1078/1063
f 644/1078/1063 649/1077/1062 648/1079/1064
f 644/1078/1063 648/1079/1064 645/1080/1065
f 645/1080/1065 648/1079/1064 647/1081/1066
f 645/1080/1065 647/1081/1066 646/1082/1067
f 685/1083/1068 564/1084/1069 654/1085/1070
f 654/1085/1070 564/1084/1069 563/1086/1071
f 654/1085/1070 563/1086/1071 621/1087/1072
f 684/1088/1073 566/1089/1074 685/1083/1068
f 685/1083/1068 566/1089/1074 565/1090/1075
f 685/1083/1068 565/1090/1075 564/1084/1069
f 683/1091/1076 568/1092/1077 684/1088/1073
f 684/1088/1073 568/1092/1077 567/1093/1078
f 684/1088/1073 567/1093/1078 566/1089/1074
f 568/1092/1077 683/1091/1076 569/1094/1079
f 569/1094/1079 683/1091/1076 682/1095/1080
f 569/1094/1079 682/1095/1080 570/1096/1081
f 570/1096/1081 682/1095/1080 571/1097/1082
f 571/1097/1082 682/1095/1080 681/1098/1083
f 571/1097/1082 681/1098/1083 572/1099/1084
f 572/1099/1084 681/1098/1083 573/1100/1085
f 573/1100/1085 681/1098/1083 680/1101/1086
f 573/1100/1085 680/1101/1086 574/1102/1087
f 574/1102/1087 680/1101/1086 575/1103/1088
f 575/1103/1088 680/1101/1086 679/1104/1089
f 575/1103/1088 679/1104/1089 576/1105/1090
f 576/1105/1090 679/1104/1089 577/1106/1091
f 577/1106/1091 679/1104/1089 678/1107/1092
f 577/1106/1091 678/1107/1092 578/1108/1093
f 578/1108/1093 678/1107/1092 579/1109/1094
f 579/1109/1094 678/1107/1092 677/1110/1095
f 579/1109/1094 677/1110/1095 580/1111/1096
f 580/1111/1096 677/1110/1095 581/1112/1097
f 581/1112/1097 677/1110/1095 676/1113/1098
f 581/1112/1097 676/1113/1098 582/1114/1099
f 582/1114/1099 676/1113/1098 675/1115/1100
f 582/1114/1099 675/1115/1100 583/1116/1101
f 583/1116/1101 675/1115/1100 584/1117/1102
f 584/1117/1102 675/1115/1100 674/1118/1103
f 584/1117/1102 674/1118/1103 585/1119/1104
f 585/1119/1104 674/1118/1103 586/1120/1105
f 586/1120/1105 674/1118/1103 673/1121/1106
f 586/1120/1105 673/1121/1106 587/1122/1107
f 587/1122/1107 673/1121/1106 588/1123/1108
f 588/1123/1108 673/1121/1106 672/1124/1109
f 588/1123/1108 672/1124/1109 589/1125/1110
f 589/1125/1110 672/1124/1109 590/1126/1111
f 590/1126/1111 672/1124/1109 671/1127/1112
f 590/1126/1111 671/1127/1112 591/1128/1113
f 591/1128/1113 671/1127/1112 592/1129/1114
f 592/1129/1114 671/1127/1112 670/1130/1115
f 592/1129/1114 670/1130/1115 593/1131/1116
f 593/1131/1116 670/1130/1115 669/1132/1117
f 593/1131/1116 669/1132/1117 594/1133/1118
f 594/1133/1118 669/1132/1117 595/1134/1119
f 595/1134/1119 669/1132/1117 668/1135/1120
f 595/1134/1119 668/1135/1120 596/1136/1121
f 596/1136/1121 668/1135/1120 597/1137/1122
f 597/1137/1122 668/1135/1120 667/1138/1123
f 597/1137/1122 667/1138/1123 598/1139/1124
f 598/1139/1124 667/1138/1123 599/1140/1125
f 599/1140/1125 667/1138/1123 666/1141/1126
f 599/1140/1125 666/1141/1126 600/1142/1127
f 600/1142/1127 666/1141/1126 601/1143/1128
f 601/1143/1128 666/1141/1126 665/1144/1129
f 601/1143/1128 665/1144/1129 602/1145/1130
f 602/1145/1130 665/1144/1129 603/1146/1131
f 603/1146/1131 665/1144/1129 664/1147/1132
f 603/1146/1131 664/1147/1132 604/1148/1133
f 604/1148/1133 664/1147/1132 663/1149/1134
f 604/1148/1133 663/1149/1134 605/1150/1135
f 605/1150/1135 663/1149/1134 606/1151/1136
f 606/1151/1136 663/1149/1134 662/1152/1137
f 606/1151/1136 662/1152/1137 607/1153/1138
f 607/1153/1138 662/1152/1137 608/1154/1139
f 608/1154/1139 662/1152/1137 661/1155/1140
f 608/1154/1139 661/1155/1140 609/1156/1141
f 609/1156/1141 661/1155/1140 610/1157/1142
f 610/1157/1142 661/1155/1140 660/1158/1143
f 610/1157/1142 660/1158/1143 611/1159/1144
f 611/1159/1144 660/1158/1143 612/1160/1145
f 612/1160/1145 660/1158/1143 613/1161/1146
f 613/1161/1146 660/1158/1143 614/1162/1147
f 614/1162/1147 660/1158/1143 615/1163/1148
f 615/1163/1148 660/1158/1143 616/1164/1149
f 616/1164/1149 660/1158/1143 617/1165/1150
f 617/1165/1150 660/1158/1143 659/1166/1151
f 617/1165/1150 659/1166/1151 658/1167/1152
f 658/1167/1152 657/1168/1153 617/1165/1150
f 617/1165/1150 657/1168/1153 656/1169/1154
f 617/1165/1150 656/1169/1154 618/1170/1155
f 618/1170/1155 656/1169/1154 619/1171/1156
f 619/1171/1156 656/1169/1154 655/1172/1157
f 619/1171/1156 655/1172/1157 620/1173/1158
f 620/1173/1158 655/1172/1157 621/1087/1072
f 621/1087/1072 655/1172/1157 654/1085/1070
f 79/1174/1159 189/1175/1160 80/1176/1161
f 80/1176/1161 189/1175/1160 252/1177/1162
f 252/1178/1163 38/1179/1164 80/1180/1165
f 80/1180/1165 38/1179/1164 37/1181/1166
f 80/1180/1165 37/1181/1166 36/1182/1167
f 311/1183/1168 287/1184/1169 252/1178/1163
f 252/1178/1163 287/1184/1169 286/1185/1170
f 252/1178/1163 286/1185/1170 190/1186/1171
f 190/1186/1171 286/1185/1170 278/1187/1172
f 190/1186/1171 278/1187/1172 253/1188/1173
f 253/1188/1173 278/1187/1172 277/1189/1174
f 253/1188/1173 277/1189/1174 254/1190/1175
f 254/1190/1175 277/1189/1174 276/1191/1176
f 254/1190/1175 276/1191/1176 255/1192/1177
f 255/1192/1177 276/1191/1176 275/1193/1178
f 255/1192/1177 275/1193/1178 256/1194/1179
f 256/1194/1179 275/1193/1178 274/1195/1180
f 256/1194/1179 274/1195/1180 257/1196/1181
f 257/1196/1181 274/1195/1180 273/1197/1182
f 257/1196/1181 273/1197/1182 258/1198/1183
f 258/1198/1183 273/1197/1182 272/1199/1184
f 258/1198/1183 272/1199/1184 259/1200/1185
f 259/1200/1185 272/1199/1184 271/1201/1186
f 259/1200/1185 271/1201/1186 260/1202/1187
f 260/1202/1187 271/1201/1186 270/1203/1188
f 260/1202/1187 270/1203/1188 261/1204/1189
f 261/1204/1189 270/1203/1188 269/1205/1190
f 261/1204/1189 269/1205/1190 262/1206/1191
f 262/1206/1191 269/1205/1190 268/1207/1192
f 262/1206/1191 268/1207/1192 263/1208/1193
f 263/1208/1193 268/1207/1192 267/1209/1194
f 263/1208/1193 267/1209/1194 264/1210/1195
f 264/1210/1195 267/1209/1194 266/1211/1196
f 264/1210/1195 266/1211/1196 265/1212/1197
f 287/1184/1169 311/1183/1168 288/1213/1198
f 288/1213/1198 311/1183/1168 310/1214/1199
f 288/1213/1198 310/1214/1199 289/1215/1200
f 289/1215/1200 310/1214/1199 309/1216/1201
f 289/1215/1200 309/1216/1201 290/1217/1202
f 290/1217/1202 309/1216/1201 308/1218/1203
f 290/1217/1202 308/1218/1203 291/1219/1204
f 291/1219/1204 308/1218/1203 307/1220/1205
f 291/1219/1204 307/1220/1205 292/1221/1206
f 292/1221/1206 307/1220/1205 306/1222/1207
f 292/1221/1206 306/1222/1207 293/1223/1208
f 293/1223/1208 306/1222/1207 305/1224/1209
f 293/1223/1208 305/1224/1209 294/1225/1210
f 294/1225/1210 305/1224/1209 304/1226/1211
f 294/1225/1210 304/1226/1211 295/1227/1212
f 295/1227/1212 304/1226/1211 303/1228/1213
f 295/1227/1212 303/1228/1213 296/1229/1214
f 296/1229/1214 303/1228/1213 302/1230/1215
f 296/1229/1214 302/1230/1215 297/1231/1216
f 297/1231/1216 302/1230/1215 301/1232/1217
f 297/1231/1216 301/1232/1217 298/1233/1218
f 298/1233/1218 301/1232/1217 300/1234/1219
f 298/1233/1218 300/1234/1219 299/1235/1220
f 286/1185/1170 505/1236/1221 278/1187/1172
f 278/1187/1172 505/1236/1221 502/1237/1222
f 502/1237/1222 505/1236/1221 536/1238/1223
f 502/1237/1222 536/1238/1223 535/1239/1224
f 562/1240/1225 540/1241/1226 505/1236/1221
f 505/1236/1221 540/1241/1226 539/1242/1227
f 505/1236/1221 539/1242/1227 538/1243/1228
f 540/1241/1226 562/1240/1225 541/1244/1229
f 541/1244/1229 562/1240/1225 561/1245/1230
f 541/1244/1229 561/1245/1230 542/1246/1231
f 542/1246/1231 561/1245/1230 560/1247/1232
f 542/1246/1231 560/1247/1232 543/1248/1233
f 543/1248/1233 560/1247/1232 559/1249/1234
f 543/1248/1233 559/1249/1234 544/1250/1235
f 544/1250/1235 559/1249/1234 558/1251/1236
f 544/1250/1235 558/1251/1236 545/1252/1237
f 545/1252/1237 558/1251/1236 557/1253/1238
f 545/1252/1237 557/1253/1238 546/1254/1239
f 546/1254/1239 557/1253/1238 556/1255/1240
f 546/1254/1239 556/1255/1240 547/1256/1241
f 547/1256/1241 556/1255/1240 555/1257/1242
f 547/1256/1241 555/1257/1242 548/1258/1243
f 548/1258/1243 555/1257/1242 554/1259/1244
f 548/1258/1243 554/1259/1244 549/1260/1245
f 549/1260/1245 554/1259/1244 553/1261/1246
f 549/1260/1245 553/1261/1246 550/1262/1247
f 550/1262/1247 553/1261/1246 552/1263/1248
f 550/1262/1247 552/1263/1248 551/1264/1249
f 538/1243/1228 537/1265/1250 505/1236/1221
f 505/1236/1221 537/1265/1250 536/1238/1223
f 535/1239/1224 534/1266/1251 502/1237/1222
f 502/1237/1222 534/1266/1251 533/1267/1252
f 502/1237/1222 533/1267/1252 511/1268/1253
f 511/1268/1253 533/1267/1252 532/1269/1254
f 511/1268/1253 532/1269/1254 512/1270/1255
f 512/1270/1255 532/1269/1254 531/1271/1256
f 512/1270/1255 531/1271/1256 513/1272/1257
f 513/1272/1257 531/1271/1256 530/1273/1258
f 513/1272/1257 530/1273/1258 514/1274/1259
f 514/1274/1259 530/1273/1258 529/1275/1260
f 514/1274/1259 529/1275/1260 515/1276/1261
f 515/1276/1261 529/1275/1260 528/1277/1262
f 515/1276/1261 528/1277/1262 516/1278/1263
f 516/1278/1263 528/1277/1262 527/1279/1264
f 516/1278/1263 527/1279/1264 517/1280/1265
f 517/1280/1265 527/1279/1264 526/1281/1266
f 517/1280/1265 526/1281/1266 518/1282/1267
f 518/1282/1267 526/1281/1266 525/1283/1268
f 518/1282/1267 525/1283/1268 519/1284/1269
f 519/1284/1269 525/1283/1268 524/1285/1270
f 519/1284/1269 524/1285/1270 520/1286/1271
f 520/1286/1271 524/1285/1270 523/1287/1272
f 520/1286/1271 523/1287/1272 521/1288/1273
f 521/1288/1273 523/1287/1272 522/1289/1274
f 124/1290/1275 3/1291/1276 190/1186/1171
f 190/1186/1171 3/1291/1276 2/1292/1277
f 190/1186/1171 2/1292/1277 1/1293/1278
f 123/1294/1279 6/1295/1280 124/1290/1275
f 124/1290/1275 6/1295/1280 5/1296/1281
f 124/1290/1275 5/1296/1281 4/1297/1282
f 122/1298/1283 8/1299/1284 123/1294/1279
f 123/1294/1279 8/1299/1284 7/1300/1285
f 123/1294/1279 7/1300/1285 6/1295/1280
f 8/1299/1284 122/1298/1283 9/1301/1286
f 9/1301/1286 122/1298/1283 121/1302/1287
f 9/1301/1286 121/1302/1287 10/1303/1288
f 10/1303/1288 121/1302/1287 120/1304/1289
f 10/1303/1288 120/1304/1289 11/1305/1290
f 11/1305/1290 120/1304/1289 109/1306/1291
f 11/1305/1290 109/1306/1291 108/1307/1292
f 109/1306/1291 120/1304/1289 110/1308/1293
f 110/1308/1293 120/1304/1289 119/1309/1294
f 110/1308/1293 119/1309/1294 111/1310/1295
f 111/1310/1295 119/1309/1294 118/1311/1296
f 111/1310/1295 118/1311/1296 112/1312/1297
f 112/1312/1297 118/1311/1296 117/1313/1298
f 112/1312/1297 117/1313/1298 113/1314/1299
f 113/1314/1299 117/1313/1298 116/1315/1300
f 113/1314/1299 116/1315/1300 114/1316/1301
f 114/1316/1301 116/1315/1300 115/1317/1302
f 107/1318/1303 13/1319/1304 108/1307/1292
f 108/1307/1292 13/1319/1304 12/1320/1305
f 108/1307/1292 12/1320/1305 11/1305/1290
f 13/1319/1304 107/1318/1303 14/1321/1306
f 14/1321/1306 107/1318/1303 106/1322/1307
f 14/1321/1306 106/1322/1307 15/1323/1308
f 15/1323/1308 106/1322/1307 16/1324/1309
f 16/1324/1309 106/1322/1307 105/1325/1310
f 16/1324/1309 105/1325/1310 17/1326/1311
f 17/1326/1311 105/1325/1310 104/1327/1312
f 17/1326/1311 104/1327/1312 18/1328/1313
f 18/1328/1313 104/1327/1312 19/1329/1314
f 19/1329/1314 104/1327/1312 103/1330/1315
f 19/1329/1314 103/1330/1315 20/1331/1316
f 20/1331/1316 103/1330/1315 102/1332/1317
f 20/1331/1316 102/1332/1317 21/1333/1318
f 21/1333/1318 102/1332/1317 101/1334/1319
f 21/1333/1318 101/1334/1319 22/1335/1320
f 22/1335/1320 101/1334/1319 100/1336/1321
f 22/1335/1320 100/1336/1321 23/1337/1322
f 23/1337/1322 100/1336/1321 24/1338/1323
f 24/1338/1323 100/1336/1321 99/1339/1324
f 24/1338/1323 99/1339/1324 25/1340/1325
f 25/1340/1325 99/1339/1324 98/1341/1326
f 25/1340/1325 98/1341/1326 26/1342/1327
f 26/1342/1327 98/1341/1326 27/1343/1328
f 27/1343/1328 98/1341/1326 97/1344/1329
f 27/1343/1328 97/1344/1329 28/1345/1330
f 28/1345/1330 97/1344/1329 96/1346/1331
f 28/1345/1330 96/1346/1331 29/1347/1332
f 29/1347/1332 96/1346/1331 30/1348/1333
f 30/1348/1333 96/1346/1331 95/1349/1334
f 30/1348/1333 95/1349/1334 84/1350/1335
f 84/1350/1335 95/1349/1334 94/1351/1336
f 84/1350/1335 94/1351/1336 85/1352/1337
f 85/1352/1337 94/1351/1336 93/1353/1338
f 85/1352/1337 93/1353/1338 86/1354/1339
f 86/1354/1339 93/1353/1338 92/1355/1340
f 86/1354/1339 92/1355/1340 87/1356/1341
f 87/1356/1341 92/1355/1340 91/1357/1342
f 87/1356/1341 91/1357/1342 88/1358/1343
f 88/1358/1343 91/1357/1342 90/1359/1344
f 88/1358/1343 90/1359/1344 89/1360/1345
f 30/1348/1333 84/1350/1335 31/1361/1346
f 31/1361/1346 84/1350/1335 83/1362/1347
f 31/1361/1346 83/1362/1347 32/1363/1348
f 32/1363/1348 83/1362/1347 82/1364/1349
f 32/1363/1348 82/1364/1349 33/1365/1350
f 33/1365/1350 82/1364/1349 81/1366/1351
f 33/1365/1350 81/1366/1351 34/1367/1352
f 34/1367/1352 81/1366/1351 35/1368/1353
f 35/1368/1353 81/1366/1351 80/1180/1165
f 35/1368/1353 80/1180/1165 36/1182/1167
f 190/1186/1171 1/1293/1278 252/1178/1163
f 252/1178/1163 1/1293/1278 39/1369/1354
f 252/1178/1163 39/1369/1354 38/1179/1164
f 4/1297/1282 3/1291/1276 124/1290/1275
# 685 vertices
# 1369 texture params
# 1354 normals
# 1370 facets

# 1 groups
