# WaveFront *.obj file (generated by Autodesk ATF)

mtllib Stencil_ring.mtl

g Body7

v 0.000000 39.965741 0.000000
v 0.000000 39.965741 3.000000
v 0.366938 39.893032 3.000000
v 0.704475 39.731790 3.000000
v 0.991619 39.492043 3.000000
v 1.210513 39.188702 3.000000
v 1.347542 38.840631 3.000000
v 1.394185 38.469478 3.000000
v 1.347542 38.098325 3.000000
v 1.210513 37.750254 3.000000
v 0.991619 37.446913 3.000000
v 0.704475 37.207166 3.000000
v 0.366938 37.045924 3.000000
v 0.000000 36.973215 3.000000
v 0.000000 36.973215 0.000000
v 0.366938 37.045924 0.000000
v 0.704475 37.207166 0.000000
v 0.991619 37.446913 0.000000
v 1.210513 37.750254 0.000000
v 1.347542 38.098325 0.000000
v 1.394185 38.469478 0.000000
v 1.347542 38.840631 0.000000
v 1.210513 39.188702 0.000000
v 0.991619 39.492043 0.000000
v 0.704475 39.731790 0.000000
v 0.366938 39.893032 0.000000
v 0.000000 34.000000 3.000000
v 0.000000 34.000000 0.000000
v 0.000000 43.500000 0.000000
v 0.000000 43.500000 3.000000
v -30.500000 -0.000000 0.000000
v -30.427327 -2.104230 0.000000
v -30.209654 -4.198432 0.000000
v -29.848018 -6.272627 0.000000
v -29.344142 -8.316930 0.000000
v -28.700428 -10.321599 0.000000
v -27.919944 -12.277081 0.000000
v -27.006409 -14.174057 0.000000
v -25.964175 -16.003487 0.000000
v -24.798211 -17.756653 0.000000
v -23.514072 -19.425201 0.000000
v -22.117877 -21.001179 0.000000
v -20.616281 -22.477076 0.000000
v -19.016439 -23.845860 0.000000
v -17.325975 -25.101008 0.000000
v -15.552944 -26.236538 0.000000
v -13.705797 -27.247039 0.000000
v -11.793336 -28.127695 0.000000
v -9.824673 -28.874310 0.000000
v -7.809192 -29.483326 0.000000
v -5.756497 -29.951840 0.000000
v -3.676369 -30.277621 0.000000
v -1.578721 -30.459114 0.000000
v 0.526450 -30.495456 0.000000
v 2.629112 -30.386474 0.000000
v 4.719245 -30.132685 0.000000
v 6.786888 -29.735301 0.000000
v 8.822190 -29.196215 0.000000
v 10.815449 -28.517995 0.000000
v 12.757168 -27.703875 0.000000
v 14.638093 -26.757732 0.000000
v 16.449261 -25.684077 0.000000
v 18.182041 -24.488025 0.000000
v 19.828175 -23.175277 0.000000
v 21.379819 -21.752089 0.000000
v 22.829578 -20.225241 0.000000
v 24.170544 -18.602011 0.000000
v 25.396326 -16.890134 0.000000
v 26.501083 -15.097768 0.000000
v 27.479550 -13.233454 0.000000
v 28.327065 -11.306077 0.000000
v 29.039589 -9.324821 0.000000
v 29.613725 -7.299128 0.000000
v 30.046739 -5.238651 0.000000
v 30.336567 -3.153210 0.000000
v 30.481826 -1.052742 0.000000
v 30.481826 1.052742 0.000000
v 30.336567 3.153210 0.000000
v 30.046739 5.238651 0.000000
v 29.613725 7.299128 0.000000
v 29.039589 9.324821 0.000000
v 28.327065 11.306077 0.000000
v 27.479550 13.233454 0.000000
v 26.501083 15.097768 0.000000
v 25.396326 16.890134 0.000000
v 24.170544 18.602011 0.000000
v 22.829578 20.225241 0.000000
v 21.379819 21.752089 0.000000
v 19.828175 23.175277 0.000000
v 18.182041 24.488025 0.000000
v 16.449261 25.684077 0.000000
v 14.638093 26.757732 0.000000
v 12.757168 27.703875 0.000000
v 10.815449 28.517995 0.000000
v 8.822190 29.196215 0.000000
v 6.786888 29.735301 0.000000
v 4.719245 30.132685 0.000000
v 2.629112 30.386474 0.000000
v 0.526450 30.495456 0.000000
v -1.578721 30.459114 0.000000
v -3.676369 30.277621 0.000000
v -5.756497 29.951840 0.000000
v -7.809192 29.483326 0.000000
v -9.824673 28.874310 0.000000
v -11.793336 28.127695 0.000000
v -13.705797 27.247039 0.000000
v -15.552944 26.236538 0.000000
v -17.325975 25.101008 0.000000
v -19.016439 23.845860 0.000000
v -20.616281 22.477076 0.000000
v -22.117877 21.001179 0.000000
v -23.514072 19.425201 0.000000
v -24.798211 17.756653 0.000000
v -25.964175 16.003487 0.000000
v -27.006409 14.174057 0.000000
v -27.919944 12.277081 0.000000
v -28.700428 10.321599 0.000000
v -29.344142 8.316930 0.000000
v -29.848018 6.272627 0.000000
v -30.209654 4.198432 0.000000
v -30.427327 2.104230 0.000000
v 2.223706 33.927203 0.000000
v 4.437891 33.709125 0.000000
v 6.633071 33.346700 0.000000
v 8.799848 32.841478 0.000000
v 10.928942 32.195624 0.000000
v 13.011237 31.411904 0.000000
v 15.037815 30.493673 0.000000
v 17.000000 29.444864 0.000000
v 18.889388 28.269967 0.000000
v 20.697889 26.974014 0.000000
v 22.417758 25.562553 0.000000
v 24.041631 24.041631 0.000000
v 25.562553 22.417758 0.000000
v 26.974014 20.697889 0.000000
v 28.269967 18.889388 0.000000
v 29.444864 17.000000 0.000000
v 30.493673 15.037815 0.000000
v 31.411904 13.011237 0.000000
v 32.195624 10.928942 0.000000
v 32.841478 8.799848 0.000000
v 33.346700 6.633071 0.000000
v 33.709125 4.437891 0.000000
v 33.927203 2.223706 0.000000
v 34.000000 0.000000 0.000000
v 33.927203 -2.223706 0.000000
v 33.709125 -4.437891 0.000000
v 33.346700 -6.633071 0.000000
v 32.841478 -8.799848 0.000000
v 32.195624 -10.928942 0.000000
v 31.411904 -13.011237 0.000000
v 30.493673 -15.037815 0.000000
v 29.444864 -17.000000 0.000000
v 28.269967 -18.889388 0.000000
v 26.974014 -20.697889 0.000000
v 25.562553 -22.417758 0.000000
v 24.041631 -24.041631 0.000000
v 22.417758 -25.562553 0.000000
v 20.697889 -26.974014 0.000000
v 18.889388 -28.269967 0.000000
v 17.000000 -29.444864 0.000000
v 15.037815 -30.493673 0.000000
v 13.011237 -31.411904 0.000000
v 10.928942 -32.195624 0.000000
v 8.799848 -32.841478 0.000000
v 6.633071 -33.346700 0.000000
v 4.437891 -33.709125 0.000000
v 2.223706 -33.927203 0.000000
v 0.000000 -34.000000 0.000000
v 0.000000 -37.500001 0.000000
v 0.388229 -37.551112 0.000000
v 0.750000 -37.700962 0.000000
v 1.060660 -37.939340 0.000000
v 1.299038 -38.250001 0.000000
v 1.448889 -38.611772 0.000000
v 1.500000 -39.000001 0.000000
v 1.448889 -39.388229 0.000000
v 1.299038 -39.750001 0.000000
v 1.060660 -40.060661 0.000000
v 0.750000 -40.299039 0.000000
v 0.388229 -40.448889 0.000000
v 0.000000 -40.500001 0.000000
v 0.000000 -43.500000 0.000000
v -2.529300 -43.426405 0.000000
v -5.050042 -43.205869 0.000000
v -7.553696 -42.839137 0.000000
v -10.031790 -42.327452 0.000000
v -12.475941 -41.672544 0.000000
v -14.877876 -40.876629 0.000000
v -17.229470 -39.942401 0.000000
v -19.522764 -38.873020 0.000000
v -21.750000 -37.672105 0.000000
v -23.903641 -36.343720 0.000000
v -25.976399 -34.892359 0.000000
v -27.961261 -33.322933 0.000000
v -29.851511 -31.640753 0.000000
v -31.640753 -29.851511 0.000000
v -33.322933 -27.961261 0.000000
v -34.892359 -25.976399 0.000000
v -36.343720 -23.903641 0.000000
v -37.672105 -21.750000 0.000000
v -38.873020 -19.522764 0.000000
v -39.942401 -17.229470 0.000000
v -40.876629 -14.877876 0.000000
v -41.672544 -12.475941 0.000000
v -42.327452 -10.031790 0.000000
v -42.839137 -7.553696 0.000000
v -43.205869 -5.050042 0.000000
v -43.426405 -2.529300 0.000000
v -43.500000 0.000000 0.000000
v -43.426405 2.529300 0.000000
v -43.205869 5.050042 0.000000
v -42.839137 7.553696 0.000000
v -42.327452 10.031790 0.000000
v -41.672544 12.475941 0.000000
v -40.876629 14.877876 0.000000
v -39.942401 17.229470 0.000000
v -38.873020 19.522764 0.000000
v -37.672105 21.750000 0.000000
v -36.343720 23.903641 0.000000
v -34.892359 25.976399 0.000000
v -33.322933 27.961261 0.000000
v -31.640753 29.851511 0.000000
v -29.851511 31.640753 0.000000
v -27.961261 33.322933 0.000000
v -25.976399 34.892359 0.000000
v -23.903641 36.343720 0.000000
v -21.750000 37.672105 0.000000
v -19.522764 38.873020 0.000000
v -17.229470 39.942401 0.000000
v -14.877876 40.876629 0.000000
v -12.475941 41.672544 0.000000
v -10.031790 42.327452 0.000000
v -7.553696 42.839137 0.000000
v -5.050042 43.205869 0.000000
v -2.529300 43.426405 0.000000
v 0.000000 -37.500001 3.000000
v 0.388229 -37.551112 3.000000
v 0.750000 -37.700962 3.000000
v 1.060660 -37.939340 3.000000
v 1.299038 -38.250001 3.000000
v 1.448889 -38.611772 3.000000
v 1.500000 -39.000001 3.000000
v 1.448889 -39.388229 3.000000
v 1.299038 -39.750001 3.000000
v 1.060660 -40.060661 3.000000
v 0.750000 -40.299039 3.000000
v 0.388229 -40.448889 3.000000
v 0.000000 -40.500001 3.000000
v 0.000000 -43.500000 3.000000
v 0.000000 -34.000000 3.000000
v -2.529300 -43.426405 3.000000
v -5.050042 -43.205869 3.000000
v -7.553696 -42.839137 3.000000
v -10.031790 -42.327452 3.000000
v -12.475941 -41.672544 3.000000
v -14.877876 -40.876629 3.000000
v -17.229470 -39.942401 3.000000
v -19.522764 -38.873020 3.000000
v -21.750000 -37.672105 3.000000
v -23.903641 -36.343720 3.000000
v -25.976399 -34.892359 3.000000
v -27.961261 -33.322933 3.000000
v -29.851511 -31.640753 3.000000
v -31.640753 -29.851511 3.000000
v -33.322933 -27.961261 3.000000
v -34.892359 -25.976399 3.000000
v -36.343720 -23.903641 3.000000
v -37.672105 -21.750000 3.000000
v -38.873020 -19.522764 3.000000
v -39.942401 -17.229470 3.000000
v -40.876629 -14.877876 3.000000
v -41.672544 -12.475941 3.000000
v -42.327452 -10.031790 3.000000
v -42.839137 -7.553696 3.000000
v -43.205869 -5.050042 3.000000
v -43.426405 -2.529300 3.000000
v -43.500000 0.000000 3.000000
v -43.426405 2.529300 3.000000
v -43.205869 5.050042 3.000000
v -42.839137 7.553696 3.000000
v -42.327452 10.031790 3.000000
v -41.672544 12.475941 3.000000
v -40.876629 14.877876 3.000000
v -39.942401 17.229470 3.000000
v -38.873020 19.522764 3.000000
v -37.672105 21.750000 3.000000
v -36.343720 23.903641 3.000000
v -34.892359 25.976399 3.000000
v -33.322933 27.961261 3.000000
v -31.640753 29.851511 3.000000
v -29.851511 31.640753 3.000000
v -27.961261 33.322933 3.000000
v -25.976399 34.892359 3.000000
v -23.903641 36.343720 3.000000
v -21.750000 37.672105 3.000000
v -19.522764 38.873020 3.000000
v -17.229470 39.942401 3.000000
v -14.877876 40.876629 3.000000
v -12.475941 41.672544 3.000000
v -10.031790 42.327452 3.000000
v -7.553696 42.839137 3.000000
v -5.050042 43.205869 3.000000
v -2.529300 43.426405 3.000000
v -30.500000 -0.000000 3.000000
v -30.427327 -2.104230 3.000000
v -30.209654 -4.198432 3.000000
v -29.848018 -6.272627 3.000000
v -29.344142 -8.316930 3.000000
v -28.700428 -10.321599 3.000000
v -27.919944 -12.277081 3.000000
v -27.006409 -14.174057 3.000000
v -25.964175 -16.003487 3.000000
v -24.798211 -17.756653 3.000000
v -23.514072 -19.425201 3.000000
v -22.117877 -21.001179 3.000000
v -20.616281 -22.477076 3.000000
v -19.016439 -23.845860 3.000000
v -17.325975 -25.101008 3.000000
v -15.552944 -26.236538 3.000000
v -13.705797 -27.247039 3.000000
v -11.793336 -28.127695 3.000000
v -9.824673 -28.874310 3.000000
v -7.809192 -29.483326 3.000000
v -5.756497 -29.951840 3.000000
v -3.676369 -30.277621 3.000000
v -1.578721 -30.459114 3.000000
v 0.526450 -30.495456 3.000000
v 2.629112 -30.386474 3.000000
v 4.719245 -30.132685 3.000000
v 6.786888 -29.735301 3.000000
v 8.822190 -29.196215 3.000000
v 10.815449 -28.517995 3.000000
v 12.757168 -27.703875 3.000000
v 14.638093 -26.757732 3.000000
v 16.449261 -25.684077 3.000000
v 18.182041 -24.488025 3.000000
v 19.828175 -23.175277 3.000000
v 21.379819 -21.752089 3.000000
v 22.829578 -20.225241 3.000000
v 24.170544 -18.602011 3.000000
v 25.396326 -16.890134 3.000000
v 26.501083 -15.097768 3.000000
v 27.479550 -13.233454 3.000000
v 28.327065 -11.306077 3.000000
v 29.039589 -9.324821 3.000000
v 29.613725 -7.299128 3.000000
v 30.046739 -5.238651 3.000000
v 30.336567 -3.153210 3.000000
v 30.481826 -1.052742 3.000000
v 30.481826 1.052742 3.000000
v 30.336567 3.153210 3.000000
v 30.046739 5.238651 3.000000
v 29.613725 7.299128 3.000000
v 29.039589 9.324821 3.000000
v 28.327065 11.306077 3.000000
v 27.479550 13.233454 3.000000
v 26.501083 15.097768 3.000000
v 25.396326 16.890134 3.000000
v 24.170544 18.602011 3.000000
v 22.829578 20.225241 3.000000
v 21.379819 21.752089 3.000000
v 19.828175 23.175277 3.000000
v 18.182041 24.488025 3.000000
v 16.449261 25.684077 3.000000
v 14.638093 26.757732 3.000000
v 12.757168 27.703875 3.000000
v 10.815449 28.517995 3.000000
v 8.822190 29.196215 3.000000
v 6.786888 29.735301 3.000000
v 4.719245 30.132685 3.000000
v 2.629112 30.386474 3.000000
v 0.526450 30.495456 3.000000
v -1.578721 30.459114 3.000000
v -3.676369 30.277621 3.000000
v -5.756497 29.951840 3.000000
v -7.809192 29.483326 3.000000
v -9.824673 28.874310 3.000000
v -11.793336 28.127695 3.000000
v -13.705797 27.247039 3.000000
v -15.552944 26.236538 3.000000
v -17.325975 25.101008 3.000000
v -19.016439 23.845860 3.000000
v -20.616281 22.477076 3.000000
v -22.117877 21.001179 3.000000
v -23.514072 19.425201 3.000000
v -24.798211 17.756653 3.000000
v -25.964175 16.003487 3.000000
v -27.006409 14.174057 3.000000
v -27.919944 12.277081 3.000000
v -28.700428 10.321599 3.000000
v -29.344142 8.316930 3.000000
v -29.848018 6.272627 3.000000
v -30.209654 4.198432 3.000000
v -30.427327 2.104230 3.000000
v 2.223706 -33.927203 3.000000
v 4.437891 -33.709125 3.000000
v 6.633071 -33.346700 3.000000
v 8.799848 -32.841478 3.000000
v 10.928942 -32.195624 3.000000
v 13.011237 -31.411904 3.000000
v 15.037815 -30.493673 3.000000
v 17.000000 -29.444864 3.000000
v 18.889388 -28.269967 3.000000
v 20.697889 -26.974014 3.000000
v 22.417758 -25.562553 3.000000
v 24.041631 -24.041631 3.000000
v 25.562553 -22.417758 3.000000
v 26.974014 -20.697889 3.000000
v 28.269967 -18.889388 3.000000
v 29.444864 -17.000000 3.000000
v 30.493673 -15.037815 3.000000
v 31.411904 -13.011237 3.000000
v 32.195624 -10.928942 3.000000
v 32.841478 -8.799848 3.000000
v 33.346700 -6.633071 3.000000
v 33.709125 -4.437891 3.000000
v 33.927203 -2.223706 3.000000
v 34.000000 0.000000 3.000000
v 33.927203 2.223706 3.000000
v 33.709125 4.437891 3.000000
v 33.346700 6.633071 3.000000
v 32.841478 8.799848 3.000000
v 32.195624 10.928942 3.000000
v 31.411904 13.011237 3.000000
v 30.493673 15.037815 3.000000
v 29.444864 17.000000 3.000000
v 28.269967 18.889388 3.000000
v 26.974014 20.697889 3.000000
v 25.562553 22.417758 3.000000
v 24.041631 24.041631 3.000000
v 22.417758 25.562553 3.000000
v 20.697889 26.974014 3.000000
v 18.889388 28.269967 3.000000
v 17.000000 29.444864 3.000000
v 15.037815 30.493673 3.000000
v 13.011237 31.411904 3.000000
v 10.928942 32.195624 3.000000
v 8.799848 32.841478 3.000000
v 6.633071 33.346700 3.000000
v 4.437891 33.709125 3.000000
v 2.223706 33.927203 3.000000
vt -0.000000 0.225029 0.000000
vt -0.300000 0.225029 0.000000
vt -0.000000 0.187524 0.000000
vt -0.300000 0.187524 0.000000
vt -0.000000 0.150019 0.000000
vt -0.300000 0.150019 0.000000
vt -0.000000 0.112515 0.000000
vt -0.300000 0.112515 0.000000
vt -0.000000 0.075010 0.000000
vt -0.300000 0.075010 0.000000
vt -0.000000 0.037505 0.000000
vt -0.300000 0.037505 0.000000
vt -0.000000 0.000000 0.000000
vt -0.300000 0.000000 0.000000
vt -0.000000 -0.037505 0.000000
vt -0.300000 -0.037505 0.000000
vt -0.000000 -0.075010 0.000000
vt -0.300000 -0.075010 0.000000
vt -0.000000 -0.112515 0.000000
vt -0.300000 -0.112515 0.000000
vt -0.000000 -0.150019 0.000000
vt -0.300000 -0.150019 0.000000
vt -0.000000 -0.187524 0.000000
vt -0.300000 -0.187524 0.000000
vt -0.000000 -0.225029 0.000000
vt -0.300000 -0.225029 0.000000
vt 8.047321 0.300000 0.000000
vt 7.750000 0.300000 0.000000
vt 8.047321 0.000000 0.000000
vt 7.750000 0.000000 0.000000
vt 8.346574 0.000000 0.000000
vt 8.700000 0.000000 0.000000
vt 8.346574 0.300000 0.000000
vt 8.700000 0.300000 0.000000
vt 3.042733 -0.210423 0.000000
vt 4.342640 -0.252930 0.000000
vt 3.050000 -0.000000 0.000000
vt 4.350000 0.000000 0.000000
vt 4.342640 0.252930 0.000000
vt 4.320587 -0.505004 0.000000
vt 3.020965 -0.419843 0.000000
vt 4.283914 -0.755370 0.000000
vt 2.984802 -0.627263 0.000000
vt 4.232745 -1.003179 0.000000
vt 4.167254 -1.247594 0.000000
vt 2.934414 -0.831693 0.000000
vt 4.087663 -1.487788 0.000000
vt 2.870043 -1.032160 0.000000
vt 3.994240 -1.722947 0.000000
vt 2.791994 -1.227708 0.000000
vt 3.887302 -1.952276 0.000000
vt 2.700641 -1.417406 0.000000
vt 3.767211 -2.175000 0.000000
vt 3.634372 -2.390364 0.000000
vt 2.596418 -1.600349 0.000000
vt 3.489236 -2.597640 0.000000
vt 2.479821 -1.775665 0.000000
vt 3.332293 -2.796126 0.000000
vt 2.351407 -1.942520 0.000000
vt 3.164075 -2.985151 0.000000
vt 2.211788 -2.100118 0.000000
vt 2.985151 -3.164075 0.000000
vt 2.061628 -2.247708 0.000000
vt 2.796126 -3.332293 0.000000
vt 1.901644 -2.384586 0.000000
vt 2.597640 -3.489236 0.000000
vt 2.390364 -3.634372 0.000000
vt 1.732597 -2.510101 0.000000
vt 2.175000 -3.767211 0.000000
vt 1.555294 -2.623654 0.000000
vt 1.952276 -3.887302 0.000000
vt 1.370580 -2.724704 0.000000
vt 1.722947 -3.994240 0.000000
vt 1.179334 -2.812770 0.000000
vt 1.487788 -4.087663 0.000000
vt 0.982467 -2.887431 0.000000
vt 1.247594 -4.167254 0.000000
vt 0.780919 -2.948333 0.000000
vt 1.003179 -4.232745 0.000000
vt 0.575650 -2.995184 0.000000
vt 0.755370 -4.283914 0.000000
vt -0.000000 -3.750000 0.000000
vt 0.505004 -4.320587 0.000000
vt -0.000000 -4.050000 0.000000
vt 0.252930 -4.342640 0.000000
vt -0.000000 -4.350000 0.000000
vt 0.367637 -3.027762 0.000000
vt -0.000000 -3.400000 0.000000
vt 0.157872 -3.045911 0.000000
vt -0.052645 -3.049546 0.000000
vt -0.222371 -3.392720 0.000000
vt -0.262911 -3.038647 0.000000
vt -0.443789 -3.370913 0.000000
vt -0.471924 -3.013269 0.000000
vt -0.663307 -3.334670 0.000000
vt -0.678689 -2.973530 0.000000
vt -0.879985 -3.284148 0.000000
vt -0.882219 -2.919621 0.000000
vt -1.092894 -3.219562 0.000000
vt -1.081545 -2.851800 0.000000
vt -1.301124 -3.141190 0.000000
vt -1.275717 -2.770387 0.000000
vt -1.503782 -3.049367 0.000000
vt -1.463809 -2.675773 0.000000
vt -1.700000 -2.944486 0.000000
vt -1.644926 -2.568408 0.000000
vt -1.888939 -2.826997 0.000000
vt -1.818204 -2.448803 0.000000
vt -2.069789 -2.697401 0.000000
vt -1.982817 -2.317528 0.000000
vt -2.241776 -2.556255 0.000000
vt -2.137982 -2.175209 0.000000
vt -2.404163 -2.404163 0.000000
vt -2.282958 -2.022524 0.000000
vt -2.556255 -2.241776 0.000000
vt -2.417054 -1.860201 0.000000
vt -2.697401 -2.069789 0.000000
vt -2.539633 -1.689013 0.000000
vt -2.826997 -1.888939 0.000000
vt -2.650108 -1.509777 0.000000
vt -2.944486 -1.700000 0.000000
vt -2.747955 -1.323345 0.000000
vt -3.049367 -1.503782 0.000000
vt -3.141190 -1.301124 0.000000
vt -2.832707 -1.130608 0.000000
vt -3.219562 -1.092894 0.000000
vt -2.903959 -0.932482 0.000000
vt -3.284148 -0.879985 0.000000
vt -2.961373 -0.729913 0.000000
vt -3.334670 -0.663307 0.000000
vt -3.004674 -0.523865 0.000000
vt -3.370913 -0.443789 0.000000
vt -3.033657 -0.315321 0.000000
vt -3.392720 -0.222371 0.000000
vt -3.048183 -0.105274 0.000000
vt -3.400000 0.000000 0.000000
vt -3.048183 0.105274 0.000000
vt -3.392720 0.222371 0.000000
vt -3.033657 0.315321 0.000000
vt -3.370913 0.443789 0.000000
vt -3.004674 0.523865 0.000000
vt -3.334670 0.663307 0.000000
vt -2.961373 0.729913 0.000000
vt -3.284148 0.879985 0.000000
vt -2.903959 0.932482 0.000000
vt -3.219562 1.092894 0.000000
vt -2.832707 1.130608 0.000000
vt -3.141190 1.301124 0.000000
vt -2.747955 1.323345 0.000000
vt -3.049367 1.503782 0.000000
vt -2.944486 1.700000 0.000000
vt -2.650108 1.509777 0.000000
vt -2.826997 1.888939 0.000000
vt -2.539633 1.689013 0.000000
vt -2.697401 2.069789 0.000000
vt -2.417054 1.860201 0.000000
vt -2.556255 2.241776 0.000000
vt -2.282958 2.022524 0.000000
vt -2.404163 2.404163 0.000000
vt -2.137982 2.175209 0.000000
vt -2.241776 2.556255 0.000000
vt -1.982817 2.317528 0.000000
vt -2.069789 2.697401 0.000000
vt -1.818204 2.448803 0.000000
vt -1.888939 2.826997 0.000000
vt -1.644926 2.568408 0.000000
vt -1.700000 2.944486 0.000000
vt -1.463809 2.675773 0.000000
vt -1.503782 3.049367 0.000000
vt -1.275717 2.770387 0.000000
vt -1.301124 3.141190 0.000000
vt -1.081545 2.851800 0.000000
vt -1.092894 3.219562 0.000000
vt -0.882219 2.919621 0.000000
vt -0.879985 3.284148 0.000000
vt -0.678689 2.973530 0.000000
vt -0.663307 3.334670 0.000000
vt -0.471924 3.013269 0.000000
vt -0.443789 3.370913 0.000000
vt -0.262911 3.038647 0.000000
vt -0.222371 3.392720 0.000000
vt -0.052645 3.049546 0.000000
vt -0.000000 3.400000 0.000000
vt 0.157872 3.045911 0.000000
vt 0.367637 3.027762 0.000000
vt -0.000000 3.697321 0.000000
vt 0.575650 2.995184 0.000000
vt 0.755370 4.283914 0.000000
vt 1.003179 4.232745 0.000000
vt 0.780919 2.948333 0.000000
vt 1.247594 4.167254 0.000000
vt 0.982467 2.887431 0.000000
vt 1.487788 4.087663 0.000000
vt 1.179334 2.812770 0.000000
vt 1.722947 3.994240 0.000000
vt 1.370580 2.724704 0.000000
vt 1.952276 3.887302 0.000000
vt 1.555294 2.623654 0.000000
vt 2.175000 3.767211 0.000000
vt 1.732597 2.510101 0.000000
vt 2.390364 3.634372 0.000000
vt 1.901644 2.384586 0.000000
vt 2.597640 3.489236 0.000000
vt 2.796126 3.332293 0.000000
vt 2.061628 2.247708 0.000000
vt 2.985151 3.164075 0.000000
vt 2.211788 2.100118 0.000000
vt 3.164075 2.985151 0.000000
vt 2.351407 1.942520 0.000000
vt 3.332293 2.796126 0.000000
vt 2.479821 1.775665 0.000000
vt 3.489236 2.597640 0.000000
vt 2.596418 1.600349 0.000000
vt 3.634372 2.390364 0.000000
vt 2.700641 1.417406 0.000000
vt 3.767211 2.175000 0.000000
vt 3.887302 1.952276 0.000000
vt 2.791994 1.227708 0.000000
vt 3.994240 1.722947 0.000000
vt 2.870043 1.032160 0.000000
vt 4.087663 1.487788 0.000000
vt 2.934414 0.831693 0.000000
vt 4.167254 1.247594 0.000000
vt 2.984802 0.627263 0.000000
vt 4.232745 1.003179 0.000000
vt 4.283914 0.755370 0.000000
vt 3.020965 0.419843 0.000000
vt 4.320587 0.505004 0.000000
vt 3.042733 0.210423 0.000000
vt -0.038823 -4.044889 0.000000
vt -0.038823 -3.755111 0.000000
vt -0.075000 -4.029904 0.000000
vt -0.075000 -3.770096 0.000000
vt -0.106066 -4.006066 0.000000
vt -0.106066 -3.793934 0.000000
vt -0.129904 -3.975000 0.000000
vt -0.129904 -3.825000 0.000000
vt -0.144889 -3.938823 0.000000
vt -0.144889 -3.861177 0.000000
vt -0.150000 -3.900000 0.000000
vt 0.505004 4.320587 0.000000
vt -0.000000 3.996574 0.000000
vt -0.036694 3.704592 0.000000
vt -0.036694 3.989303 0.000000
vt -0.070448 3.720717 0.000000
vt -0.070448 3.973179 0.000000
vt -0.099162 3.744691 0.000000
vt -0.099162 3.949204 0.000000
vt -0.121051 3.775025 0.000000
vt -0.121051 3.918870 0.000000
vt -0.134754 3.809832 0.000000
vt -0.134754 3.884063 0.000000
vt -0.139419 3.846948 0.000000
vt 0.252930 4.342640 0.000000
vt -0.000000 4.350000 0.000000
vt -0.000000 0.235619 0.000000
vt -0.300000 0.235619 0.000000
vt -0.000000 0.196350 0.000000
vt -0.300000 0.196350 0.000000
vt -0.000000 0.157080 0.000000
vt -0.300000 0.157080 0.000000
vt -0.000000 0.117810 0.000000
vt -0.300000 0.117810 0.000000
vt -0.000000 0.078540 0.000000
vt -0.300000 0.078540 0.000000
vt -0.000000 0.039270 0.000000
vt -0.300000 0.039270 0.000000
vt -0.000000 0.000000 0.000000
vt -0.300000 0.000000 0.000000
vt -0.000000 -0.039270 0.000000
vt -0.300000 -0.039270 0.000000
vt -0.000000 -0.078540 0.000000
vt -0.300000 -0.078540 0.000000
vt -0.000000 -0.117810 0.000000
vt -0.300000 -0.117810 0.000000
vt -0.000000 -0.157080 0.000000
vt -0.300000 -0.157080 0.000000
vt -0.000000 -0.196350 0.000000
vt -0.300000 -0.196350 0.000000
vt -0.000000 -0.235619 0.000000
vt -0.300000 -0.235619 0.000000
vt 0.300000 0.300000 0.000000
vt 0.000000 0.300000 0.000000
vt 0.300000 0.000000 0.000000
vt 0.000000 0.000000 0.000000
vt 0.600000 0.000000 0.000000
vt 0.950000 0.000000 0.000000
vt 0.600000 0.300000 0.000000
vt 0.950000 0.300000 0.000000
vt -0.300000 0.000000 0.000000
vt -0.000000 0.000000 0.000000
vt -0.300000 0.253073 0.000000
vt -0.000000 0.253073 0.000000
vt -0.300000 0.506145 0.000000
vt -0.000000 0.506145 0.000000
vt -0.300000 0.759218 0.000000
vt -0.000000 0.759218 0.000000
vt -0.300000 1.012291 0.000000
vt -0.000000 1.012291 0.000000
vt -0.300000 1.265364 0.000000
vt -0.000000 1.265364 0.000000
vt -0.300000 1.518436 0.000000
vt -0.000000 1.518436 0.000000
vt -0.300000 1.771509 0.000000
vt -0.000000 1.771509 0.000000
vt -0.300000 2.024582 0.000000
vt -0.000000 2.024582 0.000000
vt -0.300000 2.277655 0.000000
vt -0.000000 2.277655 0.000000
vt -0.300000 2.530727 0.000000
vt -0.000000 2.530727 0.000000
vt -0.300000 2.783800 0.000000
vt -0.000000 2.783800 0.000000
vt -0.300000 3.036873 0.000000
vt -0.000000 3.036873 0.000000
vt -0.300000 3.289946 0.000000
vt -0.000000 3.289946 0.000000
vt -0.300000 3.543018 0.000000
vt -0.000000 3.543018 0.000000
vt -0.300000 3.796091 0.000000
vt -0.000000 3.796091 0.000000
vt -0.300000 4.049164 0.000000
vt -0.000000 4.049164 0.000000
vt -0.300000 4.302237 0.000000
vt -0.000000 4.302237 0.000000
vt -0.300000 4.555309 0.000000
vt -0.000000 4.555309 0.000000
vt -0.300000 4.808382 0.000000
vt -0.000000 4.808382 0.000000
vt -0.300000 5.061455 0.000000
vt -0.000000 5.061455 0.000000
vt -0.300000 5.314528 0.000000
vt -0.000000 5.314528 0.000000
vt -0.300000 5.567600 0.000000
vt -0.000000 5.567600 0.000000
vt -0.300000 5.820673 0.000000
vt -0.000000 5.820673 0.000000
vt -0.300000 6.073746 0.000000
vt -0.000000 6.073746 0.000000
vt -0.300000 6.326819 0.000000
vt -0.000000 6.326819 0.000000
vt -0.300000 6.579891 0.000000
vt -0.000000 6.579891 0.000000
vt -0.300000 6.832964 0.000000
vt -0.000000 6.832964 0.000000
vt -0.300000 7.086037 0.000000
vt -0.000000 7.086037 0.000000
vt -0.300000 7.339110 0.000000
vt -0.000000 7.339110 0.000000
vt -0.300000 7.592182 0.000000
vt -0.000000 7.592182 0.000000
vt -0.300000 7.845255 0.000000
vt -0.000000 7.845255 0.000000
vt -0.300000 8.098328 0.000000
vt -0.000000 8.098328 0.000000
vt -0.300000 8.351400 0.000000
vt -0.000000 8.351400 0.000000
vt -0.300000 8.604473 0.000000
vt -0.000000 8.604473 0.000000
vt -0.300000 8.857546 0.000000
vt -0.000000 8.857546 0.000000
vt -0.300000 9.110619 0.000000
vt -0.000000 9.110619 0.000000
vt -0.300000 9.363691 0.000000
vt -0.000000 9.363691 0.000000
vt -0.300000 9.616764 0.000000
vt -0.000000 9.616764 0.000000
vt -0.300000 9.869837 0.000000
vt -0.000000 9.869837 0.000000
vt -0.300000 10.122910 0.000000
vt -0.000000 10.122910 0.000000
vt -0.300000 10.375982 0.000000
vt -0.000000 10.375982 0.000000
vt -0.300000 10.629055 0.000000
vt -0.000000 10.629055 0.000000
vt -0.300000 10.882128 0.000000
vt -0.000000 10.882128 0.000000
vt -0.300000 11.135201 0.000000
vt -0.000000 11.135201 0.000000
vt -0.300000 11.388273 0.000000
vt -0.000000 11.388273 0.000000
vt -0.300000 11.641346 0.000000
vt -0.000000 11.641346 0.000000
vt -0.300000 11.894419 0.000000
vt -0.000000 11.894419 0.000000
vt -0.300000 12.147492 0.000000
vt -0.000000 12.147492 0.000000
vt -0.300000 12.400564 0.000000
vt -0.000000 12.400564 0.000000
vt -0.300000 12.653637 0.000000
vt -0.000000 12.653637 0.000000
vt -0.300000 12.906710 0.000000
vt -0.000000 12.906710 0.000000
vt -0.300000 13.159783 0.000000
vt -0.000000 13.159783 0.000000
vt -0.300000 13.412855 0.000000
vt -0.000000 13.412855 0.000000
vt -0.300000 13.665928 0.000000
vt -0.000000 13.665928 0.000000
vt 0.300000 -9.371267 0.000000
vt 0.000000 -9.371267 0.000000
vt 0.300000 -9.581858 0.000000
vt 0.000000 -9.581858 0.000000
vt 0.300000 9.581858 0.000000
vt 0.000000 9.581858 0.000000
vt 0.300000 9.371267 0.000000
vt 0.000000 9.371267 0.000000
vt 0.300000 9.160677 0.000000
vt 0.000000 9.160677 0.000000
vt 0.300000 8.950087 0.000000
vt 0.000000 8.950087 0.000000
vt 0.300000 8.739496 0.000000
vt 0.000000 8.739496 0.000000
vt 0.300000 8.528906 0.000000
vt 0.000000 8.528906 0.000000
vt 0.300000 8.318316 0.000000
vt 0.000000 8.318316 0.000000
vt 0.300000 8.107726 0.000000
vt 0.000000 8.107726 0.000000
vt 0.300000 7.897135 0.000000
vt 0.000000 7.897135 0.000000
vt 0.300000 7.686545 0.000000
vt 0.000000 7.686545 0.000000
vt 0.300000 7.475955 0.000000
vt 0.000000 7.475955 0.000000
vt 0.300000 7.265365 0.000000
vt 0.000000 7.265365 0.000000
vt 0.300000 7.054774 0.000000
vt 0.000000 7.054774 0.000000
vt 0.300000 6.844184 0.000000
vt 0.000000 6.844184 0.000000
vt 0.300000 6.633594 0.000000
vt 0.000000 6.633594 0.000000
vt 0.300000 6.423003 0.000000
vt 0.000000 6.423003 0.000000
vt 0.300000 6.212413 0.000000
vt 0.000000 6.212413 0.000000
vt 0.300000 6.001823 0.000000
vt 0.000000 6.001823 0.000000
vt 0.300000 5.791233 0.000000
vt 0.000000 5.791233 0.000000
vt 0.300000 5.580642 0.000000
vt 0.000000 5.580642 0.000000
vt 0.300000 5.370052 0.000000
vt 0.000000 5.370052 0.000000
vt 0.300000 5.159462 0.000000
vt 0.000000 5.159462 0.000000
vt 0.300000 4.948872 0.000000
vt 0.000000 4.948872 0.000000
vt 0.300000 4.738281 0.000000
vt 0.000000 4.738281 0.000000
vt 0.300000 4.527691 0.000000
vt 0.000000 4.527691 0.000000
vt 0.300000 4.317101 0.000000
vt 0.000000 4.317101 0.000000
vt 0.300000 4.106510 0.000000
vt 0.000000 4.106510 0.000000
vt 0.300000 3.895920 0.000000
vt 0.000000 3.895920 0.000000
vt 0.300000 3.685330 0.000000
vt 0.000000 3.685330 0.000000
vt 0.300000 3.474740 0.000000
vt 0.000000 3.474740 0.000000
vt 0.300000 3.264149 0.000000
vt 0.000000 3.264149 0.000000
vt 0.300000 3.053559 0.000000
vt 0.000000 3.053559 0.000000
vt 0.300000 2.842969 0.000000
vt 0.000000 2.842969 0.000000
vt 0.300000 2.632378 0.000000
vt 0.000000 2.632378 0.000000
vt 0.300000 2.421788 0.000000
vt 0.000000 2.421788 0.000000
vt 0.300000 2.211198 0.000000
vt 0.000000 2.211198 0.000000
vt 0.300000 2.000608 0.000000
vt 0.000000 2.000608 0.000000
vt 0.300000 1.790017 0.000000
vt 0.000000 1.790017 0.000000
vt 0.300000 1.579427 0.000000
vt 0.000000 1.579427 0.000000
vt 0.300000 1.368837 0.000000
vt 0.000000 1.368837 0.000000
vt 0.300000 1.158247 0.000000
vt 0.000000 1.158247 0.000000
vt 0.300000 0.947656 0.000000
vt 0.000000 0.947656 0.000000
vt 0.300000 0.737066 0.000000
vt -0.000000 0.737066 0.000000
vt 0.300000 0.526476 0.000000
vt 0.000000 0.526476 0.000000
vt 0.300000 0.315885 0.000000
vt 0.000000 0.315885 0.000000
vt 0.300000 0.105295 0.000000
vt 0.000000 0.105295 0.000000
vt 0.300000 -0.105295 0.000000
vt 0.000000 -0.105295 0.000000
vt 0.300000 -0.315885 0.000000
vt 0.000000 -0.315885 0.000000
vt 0.300000 -0.526476 0.000000
vt 0.000000 -0.526476 0.000000
vt 0.300000 -0.737066 0.000000
vt 0.000000 -0.737066 0.000000
vt 0.300000 -0.947656 0.000000
vt 0.000000 -0.947656 0.000000
vt 0.300000 -1.158247 0.000000
vt 0.000000 -1.158247 0.000000
vt 0.300000 -1.368837 0.000000
vt 0.000000 -1.368837 0.000000
vt 0.300000 -1.579427 0.000000
vt 0.000000 -1.579427 0.000000
vt 0.300000 -1.790017 0.000000
vt 0.000000 -1.790017 0.000000
vt 0.300000 -2.000608 0.000000
vt 0.000000 -2.000608 0.000000
vt 0.300000 -2.211198 0.000000
vt 0.000000 -2.211198 0.000000
vt 0.300000 -2.421788 0.000000
vt 0.000000 -2.421788 0.000000
vt 0.300000 -2.632378 0.000000
vt 0.000000 -2.632378 0.000000
vt 0.300000 -2.842969 0.000000
vt 0.000000 -2.842969 0.000000
vt 0.300000 -3.053559 0.000000
vt 0.000000 -3.053559 0.000000
vt 0.300000 -3.264149 0.000000
vt 0.000000 -3.264149 0.000000
vt 0.300000 -3.474740 0.000000
vt 0.000000 -3.474740 0.000000
vt 0.300000 -3.685330 0.000000
vt 0.000000 -3.685330 0.000000
vt 0.300000 -3.895920 0.000000
vt 0.000000 -3.895920 0.000000
vt 0.300000 -4.106510 0.000000
vt 0.000000 -4.106510 0.000000
vt 0.300000 -4.317101 0.000000
vt 0.000000 -4.317101 0.000000
vt 0.300000 -4.527691 0.000000
vt 0.000000 -4.527691 0.000000
vt 0.300000 -4.738281 0.000000
vt 0.000000 -4.738281 0.000000
vt 0.300000 -4.948872 0.000000
vt 0.000000 -4.948872 0.000000
vt 0.300000 -5.159462 0.000000
vt 0.000000 -5.159462 0.000000
vt 0.300000 -5.370052 0.000000
vt 0.000000 -5.370052 0.000000
vt 0.300000 -5.580642 0.000000
vt 0.000000 -5.580642 0.000000
vt 0.300000 -5.791233 0.000000
vt 0.000000 -5.791233 0.000000
vt 0.300000 -6.001823 0.000000
vt 0.000000 -6.001823 0.000000
vt 0.300000 -6.212413 0.000000
vt 0.000000 -6.212413 0.000000
vt 0.300000 -6.423003 0.000000
vt 0.000000 -6.423003 0.000000
vt 0.300000 -6.633594 0.000000
vt 0.000000 -6.633594 0.000000
vt 0.300000 -6.844184 0.000000
vt 0.000000 -6.844184 0.000000
vt 0.300000 -7.054774 0.000000
vt 0.000000 -7.054774 0.000000
vt 0.300000 -7.265365 0.000000
vt 0.000000 -7.265365 0.000000
vt 0.300000 -7.475955 0.000000
vt 0.000000 -7.475955 0.000000
vt 0.300000 -7.686545 0.000000
vt 0.000000 -7.686545 0.000000
vt 0.300000 -7.897135 0.000000
vt 0.000000 -7.897135 0.000000
vt 0.300000 -8.107726 0.000000
vt 0.000000 -8.107726 0.000000
vt 0.300000 -8.318316 0.000000
vt 0.000000 -8.318316 0.000000
vt 0.300000 -8.528906 0.000000
vt 0.000000 -8.528906 0.000000
vt 0.300000 -8.739496 0.000000
vt 0.000000 -8.739496 0.000000
vt 0.300000 -8.950087 0.000000
vt 0.000000 -8.950087 0.000000
vt 0.300000 -9.160677 0.000000
vt 0.000000 -9.160677 0.000000
vt 0.000000 4.350000 0.000000
vt -0.252930 4.342640 0.000000
vt 0.000000 3.996574 0.000000
vt -0.505004 4.320587 0.000000
vt 0.000000 3.697321 0.000000
vt -0.755370 4.283914 0.000000
vt -0.575650 2.995184 0.000000
vt -1.003179 4.232745 0.000000
vt -0.780919 2.948333 0.000000
vt -1.247594 4.167254 0.000000
vt -0.982467 2.887431 0.000000
vt -1.487788 4.087663 0.000000
vt -1.179334 2.812770 0.000000
vt -1.722947 3.994240 0.000000
vt -1.370580 2.724704 0.000000
vt -1.952276 3.887302 0.000000
vt -1.555294 2.623654 0.000000
vt -2.175000 3.767211 0.000000
vt -1.732597 2.510101 0.000000
vt -2.390364 3.634372 0.000000
vt -1.901644 2.384586 0.000000
vt -2.597640 3.489236 0.000000
vt -2.796126 3.332293 0.000000
vt -2.061628 2.247708 0.000000
vt -2.985151 3.164075 0.000000
vt -2.211788 2.100118 0.000000
vt -3.164075 2.985151 0.000000
vt -2.351407 1.942520 0.000000
vt -3.332293 2.796126 0.000000
vt -2.479821 1.775665 0.000000
vt -3.489236 2.597640 0.000000
vt -2.596418 1.600349 0.000000
vt -3.634372 2.390364 0.000000
vt -2.700641 1.417406 0.000000
vt -3.767211 2.175000 0.000000
vt -3.887302 1.952276 0.000000
vt -2.791994 1.227708 0.000000
vt -3.994240 1.722947 0.000000
vt -2.870043 1.032160 0.000000
vt -4.087663 1.487788 0.000000
vt -2.934414 0.831693 0.000000
vt -4.167254 1.247594 0.000000
vt -2.984802 0.627263 0.000000
vt -4.232745 1.003179 0.000000
vt -4.283914 0.755370 0.000000
vt -3.020965 0.419843 0.000000
vt -4.320587 0.505004 0.000000
vt -3.042733 0.210423 0.000000
vt -4.342640 0.252930 0.000000
vt -3.050000 -0.000000 0.000000
vt -4.350000 0.000000 0.000000
vt -4.342640 -0.252930 0.000000
vt -3.042733 -0.210423 0.000000
vt -4.320587 -0.505004 0.000000
vt -3.020965 -0.419843 0.000000
vt -4.283914 -0.755370 0.000000
vt -2.984802 -0.627263 0.000000
vt -4.232745 -1.003179 0.000000
vt -4.167254 -1.247594 0.000000
vt -2.934414 -0.831693 0.000000
vt -4.087663 -1.487788 0.000000
vt -2.870043 -1.032160 0.000000
vt -3.994240 -1.722947 0.000000
vt -2.791994 -1.227708 0.000000
vt -3.887302 -1.952276 0.000000
vt -2.700641 -1.417406 0.000000
vt -3.767211 -2.175000 0.000000
vt -3.634372 -2.390364 0.000000
vt -2.596418 -1.600349 0.000000
vt -3.489236 -2.597640 0.000000
vt -2.479821 -1.775665 0.000000
vt -3.332293 -2.796126 0.000000
vt -2.351407 -1.942520 0.000000
vt -3.164075 -2.985151 0.000000
vt -2.211788 -2.100118 0.000000
vt -2.985151 -3.164075 0.000000
vt -2.061628 -2.247708 0.000000
vt -2.796126 -3.332293 0.000000
vt -1.901644 -2.384586 0.000000
vt -2.597640 -3.489236 0.000000
vt -2.390364 -3.634372 0.000000
vt -1.732597 -2.510101 0.000000
vt -2.175000 -3.767211 0.000000
vt -1.555294 -2.623654 0.000000
vt -1.952276 -3.887302 0.000000
vt -1.370580 -2.724704 0.000000
vt -1.722947 -3.994240 0.000000
vt -1.179334 -2.812770 0.000000
vt -1.487788 -4.087663 0.000000
vt -0.982467 -2.887431 0.000000
vt -1.247594 -4.167254 0.000000
vt -0.780919 -2.948333 0.000000
vt -1.003179 -4.232745 0.000000
vt -0.575650 -2.995184 0.000000
vt -0.755370 -4.283914 0.000000
vt 0.000000 -3.750000 0.000000
vt -0.505004 -4.320587 0.000000
vt 0.000000 -4.050000 0.000000
vt -0.252930 -4.342640 0.000000
vt 0.000000 -4.350000 0.000000
vt 0.038823 -4.044889 0.000000
vt 0.038823 -3.755111 0.000000
vt 0.075000 -4.029904 0.000000
vt 0.075000 -3.770096 0.000000
vt 0.106066 -4.006066 0.000000
vt 0.106066 -3.793934 0.000000
vt 0.129904 -3.975000 0.000000
vt 0.129904 -3.825000 0.000000
vt 0.144889 -3.938823 0.000000
vt 0.144889 -3.861177 0.000000
vt 0.150000 -3.900000 0.000000
vt -0.367637 -3.027762 0.000000
vt 0.000000 -3.400000 0.000000
vt -0.157872 -3.045911 0.000000
vt 0.052645 -3.049546 0.000000
vt 0.222371 -3.392720 0.000000
vt 0.262911 -3.038647 0.000000
vt 0.443789 -3.370913 0.000000
vt 0.471924 -3.013269 0.000000
vt 0.663307 -3.334670 0.000000
vt 0.678689 -2.973530 0.000000
vt 0.879985 -3.284148 0.000000
vt 0.882219 -2.919621 0.000000
vt 1.092894 -3.219562 0.000000
vt 1.081545 -2.851800 0.000000
vt 1.301124 -3.141190 0.000000
vt 1.275717 -2.770387 0.000000
vt 1.503782 -3.049367 0.000000
vt 1.463809 -2.675773 0.000000
vt 1.700000 -2.944486 0.000000
vt 1.644926 -2.568408 0.000000
vt 1.888939 -2.826997 0.000000
vt 1.818204 -2.448803 0.000000
vt 2.069789 -2.697401 0.000000
vt 1.982817 -2.317528 0.000000
vt 2.241776 -2.556255 0.000000
vt 2.137982 -2.175209 0.000000
vt 2.404163 -2.404163 0.000000
vt 2.282958 -2.022524 0.000000
vt 2.556255 -2.241776 0.000000
vt 2.417054 -1.860201 0.000000
vt 2.697401 -2.069789 0.000000
vt 2.539633 -1.689013 0.000000
vt 2.826997 -1.888939 0.000000
vt 2.650108 -1.509777 0.000000
vt 2.944486 -1.700000 0.000000
vt 2.747955 -1.323345 0.000000
vt 3.049367 -1.503782 0.000000
vt 3.141190 -1.301124 0.000000
vt 2.832707 -1.130608 0.000000
vt 3.219562 -1.092894 0.000000
vt 2.903959 -0.932482 0.000000
vt 3.284148 -0.879985 0.000000
vt 2.961373 -0.729913 0.000000
vt 3.334670 -0.663307 0.000000
vt 3.004674 -0.523865 0.000000
vt 3.370913 -0.443789 0.000000
vt 3.033657 -0.315321 0.000000
vt 3.392720 -0.222371 0.000000
vt 3.048183 -0.105274 0.000000
vt 3.400000 0.000000 0.000000
vt 3.048183 0.105274 0.000000
vt 3.392720 0.222371 0.000000
vt 3.033657 0.315321 0.000000
vt 3.370913 0.443789 0.000000
vt 3.004674 0.523865 0.000000
vt 3.334670 0.663307 0.000000
vt 2.961373 0.729913 0.000000
vt 3.284148 0.879985 0.000000
vt 2.903959 0.932482 0.000000
vt 3.219562 1.092894 0.000000
vt 2.832707 1.130608 0.000000
vt 3.141190 1.301124 0.000000
vt 2.747955 1.323345 0.000000
vt 3.049367 1.503782 0.000000
vt 2.944486 1.700000 0.000000
vt 2.650108 1.509777 0.000000
vt 2.826997 1.888939 0.000000
vt 2.539633 1.689013 0.000000
vt 2.697401 2.069789 0.000000
vt 2.417054 1.860201 0.000000
vt 2.556255 2.241776 0.000000
vt 2.282958 2.022524 0.000000
vt 2.404163 2.404163 0.000000
vt 2.137982 2.175209 0.000000
vt 2.241776 2.556255 0.000000
vt 1.982817 2.317528 0.000000
vt 2.069789 2.697401 0.000000
vt 1.818204 2.448803 0.000000
vt 1.888939 2.826997 0.000000
vt 1.644926 2.568408 0.000000
vt 1.700000 2.944486 0.000000
vt 1.463809 2.675773 0.000000
vt 1.503782 3.049367 0.000000
vt 1.275717 2.770387 0.000000
vt 1.301124 3.141190 0.000000
vt 1.081545 2.851800 0.000000
vt 1.092894 3.219562 0.000000
vt 0.882219 2.919621 0.000000
vt 0.879985 3.284148 0.000000
vt 0.678689 2.973530 0.000000
vt 0.663307 3.334670 0.000000
vt 0.471924 3.013269 0.000000
vt 0.443789 3.370913 0.000000
vt 0.262911 3.038647 0.000000
vt 0.222371 3.392720 0.000000
vt 0.052645 3.049546 0.000000
vt 0.000000 3.400000 0.000000
vt -0.157872 3.045911 0.000000
vt -0.367637 3.027762 0.000000
vt 0.036694 3.704592 0.000000
vt 0.036694 3.989303 0.000000
vt 0.070448 3.720717 0.000000
vt 0.070448 3.973179 0.000000
vt 0.099162 3.744691 0.000000
vt 0.099162 3.949204 0.000000
vt 0.121051 3.775025 0.000000
vt 0.121051 3.918870 0.000000
vt 0.134754 3.809832 0.000000
vt 0.134754 3.884063 0.000000
vt 0.139419 3.846948 0.000000
vt -0.300000 -5.340708 0.000000
vt -0.000000 -5.340708 0.000000
vt -0.300000 -5.118178 0.000000
vt -0.000000 -5.118178 0.000000
vt -0.300000 -4.895649 0.000000
vt -0.000000 -4.895649 0.000000
vt -0.300000 -4.673119 0.000000
vt -0.000000 -4.673119 0.000000
vt -0.300000 -4.450590 0.000000
vt -0.000000 -4.450590 0.000000
vt -0.300000 -4.228060 0.000000
vt -0.000000 -4.228060 0.000000
vt -0.300000 -4.005531 0.000000
vt -0.000000 -4.005531 0.000000
vt -0.300000 -3.783001 0.000000
vt -0.000000 -3.783001 0.000000
vt -0.300000 -3.560472 0.000000
vt -0.000000 -3.560472 0.000000
vt -0.300000 -3.337942 0.000000
vt -0.000000 -3.337942 0.000000
vt -0.300000 -3.115413 0.000000
vt -0.000000 -3.115413 0.000000
vt -0.300000 -2.892883 0.000000
vt -0.000000 -2.892883 0.000000
vt -0.300000 -2.670354 0.000000
vt -0.000000 -2.670354 0.000000
vt -0.300000 -2.447824 0.000000
vt -0.000000 -2.447824 0.000000
vt -0.300000 -2.225295 0.000000
vt -0.000000 -2.225295 0.000000
vt -0.300000 -2.002765 0.000000
vt -0.000000 -2.002765 0.000000
vt -0.300000 -1.780236 0.000000
vt -0.000000 -1.780236 0.000000
vt -0.300000 -1.557706 0.000000
vt -0.000000 -1.557706 0.000000
vt -0.300000 -1.335177 0.000000
vt -0.000000 -1.335177 0.000000
vt -0.300000 -1.112647 0.000000
vt -0.000000 -1.112647 0.000000
vt -0.300000 -0.890118 0.000000
vt -0.000000 -0.890118 0.000000
vt -0.300000 -0.667588 0.000000
vt -0.000000 -0.667588 0.000000
vt -0.300000 -0.445059 0.000000
vt -0.000000 -0.445059 0.000000
vt -0.300000 -0.222529 0.000000
vt -0.000000 -0.222529 0.000000
vt -0.300000 0.000000 0.000000
vt -0.000000 0.000000 0.000000
vt -0.300000 0.222529 0.000000
vt -0.000000 0.222529 0.000000
vt -0.300000 0.445059 0.000000
vt -0.000000 0.445059 0.000000
vt -0.300000 0.667588 0.000000
vt -0.000000 0.667588 0.000000
vt -0.300000 0.890118 0.000000
vt -0.000000 0.890118 0.000000
vt -0.300000 1.112647 0.000000
vt -0.000000 1.112647 0.000000
vt -0.300000 1.335177 0.000000
vt -0.000000 1.335177 0.000000
vt -0.300000 1.557706 0.000000
vt -0.000000 1.557706 0.000000
vt -0.300000 1.780236 0.000000
vt -0.000000 1.780236 0.000000
vt -0.300000 2.002765 0.000000
vt -0.000000 2.002765 0.000000
vt -0.300000 2.225295 0.000000
vt -0.000000 2.225295 0.000000
vt -0.300000 2.447824 0.000000
vt -0.000000 2.447824 0.000000
vt -0.300000 2.670354 0.000000
vt -0.000000 2.670354 0.000000
vt -0.300000 2.892883 0.000000
vt -0.000000 2.892883 0.000000
vt -0.300000 3.115413 0.000000
vt -0.000000 3.115413 0.000000
vt -0.300000 3.337942 0.000000
vt -0.000000 3.337942 0.000000
vt -0.300000 3.560472 0.000000
vt -0.000000 3.560472 0.000000
vt -0.300000 3.783001 0.000000
vt -0.000000 3.783001 0.000000
vt -0.300000 4.005531 0.000000
vt -0.000000 4.005531 0.000000
vt -0.300000 4.228060 0.000000
vt -0.000000 4.228060 0.000000
vt -0.300000 4.450590 0.000000
vt -0.000000 4.450590 0.000000
vt -0.300000 4.673119 0.000000
vt -0.000000 4.673119 0.000000
vt -0.300000 4.895649 0.000000
vt -0.000000 4.895649 0.000000
vt -0.300000 5.118178 0.000000
vt -0.000000 5.118178 0.000000
vt -0.300000 5.340708 0.000000
vt -0.000000 5.340708 0.000000
vn 0.007054 0.099751 0.000000
vn 0.007054 0.099751 0.000000
vn 0.031517 0.094904 0.000000
vn 0.031517 0.094904 0.000000
vn 0.054019 0.084154 0.000000
vn 0.054019 0.084154 0.000000
vn 0.073162 0.068171 0.000000
vn 0.073162 0.068171 0.000000
vn 0.087755 0.047948 0.000000
vn 0.087755 0.047948 0.000000
vn 0.096890 0.024744 0.000000
vn 0.096890 0.024744 0.000000
vn 0.100000 0.000000 0.000000
vn 0.100000 0.000000 0.000000
vn 0.096890 -0.024744 0.000000
vn 0.096890 -0.024744 0.000000
vn 0.087755 -0.047948 0.000000
vn 0.087755 -0.047948 0.000000
vn 0.073162 -0.068171 0.000000
vn 0.073162 -0.068171 0.000000
vn 0.054019 -0.084154 0.000000
vn 0.054019 -0.084154 0.000000
vn 0.031517 -0.094904 0.000000
vn 0.031517 -0.094904 0.000000
vn 0.007054 -0.099751 0.000000
vn 0.007054 -0.099751 0.000000
vn 0.100000 0.000000 0.000000
vn 0.100000 0.000000 0.000000
vn 0.100000 0.000000 0.000000
vn 0.100000 0.000000 0.000000
vn 0.100000 0.000000 0.000000
vn 0.100000 0.000000 0.000000
vn 0.100000 0.000000 0.000000
vn 0.100000 0.000000 0.000000
vn 0.000000 0.000000 -0.100000
vn 0.000000 0.000000 -0.100000
vn 0.000000 0.000000 -0.100000
vn 0.000000 0.000000 -0.100000
vn 0.000000 0.000000 -0.100000
vn 0.000000 0.000000 -0.100000
vn 0.000000 0.000000 -0.100000
vn 0.000000 0.000000 -0.100000
vn 0.000000 0.000000 -0.100000
vn 0.000000 0.000000 -0.100000
vn 0.000000 0.000000 -0.100000
vn 0.000000 0.000000 -0.100000
vn 0.000000 0.000000 -0.100000
vn 0.000000 0.000000 -0.100000
vn 0.000000 0.000000 -0.100000
vn 0.000000 0.000000 -0.100000
vn 0.000000 0.000000 -0.100000
vn 0.000000 0.000000 -0.100000
vn 0.000000 0.000000 -0.100000
vn 0.000000 0.000000 -0.100000
vn 0.000000 0.000000 -0.100000
vn 0.000000 0.000000 -0.100000
vn 0.000000 0.000000 -0.100000
vn 0.000000 0.000000 -0.100000
vn 0.000000 0.000000 -0.100000
vn 0.000000 0.000000 -0.100000
vn 0.000000 0.000000 -0.100000
vn 0.000000 0.000000 -0.100000
vn 0.000000 0.000000 -0.100000
vn 0.000000 0.000000 -0.100000
vn 0.000000 0.000000 -0.100000
vn 0.000000 0.000000 -0.100000
vn 0.000000 0.000000 -0.100000
vn 0.000000 0.000000 -0.100000
vn 0.000000 0.000000 -0.100000
vn 0.000000 0.000000 -0.100000
vn 0.000000 0.000000 -0.100000
vn 0.000000 0.000000 -0.100000
vn 0.000000 0.000000 -0.100000
vn 0.000000 0.000000 -0.100000
vn 0.000000 0.000000 -0.100000
vn 0.000000 0.000000 -0.100000
vn 0.000000 0.000000 -0.100000
vn 0.000000 0.000000 -0.100000
vn 0.000000 0.000000 -0.100000
vn 0.000000 0.000000 -0.100000
vn 0.000000 0.000000 -0.100000
vn 0.000000 0.000000 -0.100000
vn 0.000000 0.000000 -0.100000
vn 0.000000 0.000000 -0.100000
vn 0.000000 0.000000 -0.100000
vn 0.000000 0.000000 -0.100000
vn 0.000000 0.000000 -0.100000
vn 0.000000 0.000000 -0.100000
vn 0.000000 0.000000 -0.100000
vn 0.000000 0.000000 -0.100000
vn 0.000000 0.000000 -0.100000
vn 0.000000 0.000000 -0.100000
vn 0.000000 0.000000 -0.100000
vn 0.000000 0.000000 -0.100000
vn 0.000000 0.000000 -0.100000
vn 0.000000 0.000000 -0.100000
vn 0.000000 0.000000 -0.100000
vn 0.000000 0.000000 -0.100000
vn 0.000000 0.000000 -0.100000
vn 0.000000 0.000000 -0.100000
vn 0.000000 0.000000 -0.100000
vn 0.000000 0.000000 -0.100000
vn 0.000000 0.000000 -0.100000
vn 0.000000 0.000000 -0.100000
vn 0.000000 0.000000 -0.100000
vn 0.000000 0.000000 -0.100000
vn 0.000000 0.000000 -0.100000
vn 0.000000 0.000000 -0.100000
vn 0.000000 0.000000 -0.100000
vn 0.000000 0.000000 -0.100000
vn 0.000000 0.000000 -0.100000
vn 0.000000 0.000000 -0.100000
vn 0.000000 0.000000 -0.100000
vn 0.000000 0.000000 -0.100000
vn 0.000000 0.000000 -0.100000
vn 0.000000 0.000000 -0.100000
vn 0.000000 0.000000 -0.100000
vn 0.000000 0.000000 -0.100000
vn 0.000000 0.000000 -0.100000
vn 0.000000 0.000000 -0.100000
vn 0.000000 0.000000 -0.100000
vn 0.000000 0.000000 -0.100000
vn 0.000000 0.000000 -0.100000
vn 0.000000 0.000000 -0.100000
vn 0.000000 0.000000 -0.100000
vn 0.000000 0.000000 -0.100000
vn 0.000000 0.000000 -0.100000
vn 0.000000 0.000000 -0.100000
vn 0.000000 0.000000 -0.100000
vn 0.000000 0.000000 -0.100000
vn 0.000000 0.000000 -0.100000
vn 0.000000 0.000000 -0.100000
vn 0.000000 0.000000 -0.100000
vn 0.000000 0.000000 -0.100000
vn 0.000000 0.000000 -0.100000
vn 0.000000 0.000000 -0.100000
vn 0.000000 0.000000 -0.100000
vn 0.000000 0.000000 -0.100000
vn 0.000000 0.000000 -0.100000
vn 0.000000 0.000000 -0.100000
vn 0.000000 0.000000 -0.100000
vn 0.000000 0.000000 -0.100000
vn 0.000000 0.000000 -0.100000
vn 0.000000 0.000000 -0.100000
vn 0.000000 0.000000 -0.100000
vn 0.000000 0.000000 -0.100000
vn 0.000000 0.000000 -0.100000
vn 0.000000 0.000000 -0.100000
vn 0.000000 0.000000 -0.100000
vn 0.000000 0.000000 -0.100000
vn 0.000000 0.000000 -0.100000
vn 0.000000 0.000000 -0.100000
vn 0.000000 0.000000 -0.100000
vn 0.000000 0.000000 -0.100000
vn 0.000000 0.000000 -0.100000
vn 0.000000 0.000000 -0.100000
vn 0.000000 0.000000 -0.100000
vn 0.000000 0.000000 -0.100000
vn 0.000000 0.000000 -0.100000
vn 0.000000 0.000000 -0.100000
vn 0.000000 0.000000 -0.100000
vn 0.000000 0.000000 -0.100000
vn 0.000000 0.000000 -0.100000
vn 0.000000 0.000000 -0.100000
vn 0.000000 0.000000 -0.100000
vn 0.000000 0.000000 -0.100000
vn 0.000000 0.000000 -0.100000
vn 0.000000 0.000000 -0.100000
vn 0.000000 0.000000 -0.100000
vn 0.000000 0.000000 -0.100000
vn 0.000000 0.000000 -0.100000
vn 0.000000 0.000000 -0.100000
vn 0.000000 0.000000 -0.100000
vn 0.000000 0.000000 -0.100000
vn 0.000000 0.000000 -0.100000
vn 0.000000 0.000000 -0.100000
vn 0.000000 0.000000 -0.100000
vn 0.000000 0.000000 -0.100000
vn 0.000000 0.000000 -0.100000
vn 0.000000 0.000000 -0.100000
vn 0.000000 0.000000 -0.100000
vn 0.000000 0.000000 -0.100000
vn 0.000000 0.000000 -0.100000
vn 0.000000 0.000000 -0.100000
vn 0.000000 0.000000 -0.100000
vn 0.000000 0.000000 -0.100000
vn 0.000000 0.000000 -0.100000
vn 0.000000 0.000000 -0.100000
vn 0.000000 0.000000 -0.100000
vn 0.000000 0.000000 -0.100000
vn 0.000000 0.000000 -0.100000
vn 0.000000 0.000000 -0.100000
vn 0.000000 0.000000 -0.100000
vn 0.000000 0.000000 -0.100000
vn 0.000000 0.000000 -0.100000
vn 0.000000 0.000000 -0.100000
vn 0.000000 0.000000 -0.100000
vn 0.000000 0.000000 -0.100000
vn 0.000000 0.000000 -0.100000
vn 0.000000 0.000000 -0.100000
vn 0.000000 0.000000 -0.100000
vn 0.000000 0.000000 -0.100000
vn 0.000000 0.000000 -0.100000
vn 0.000000 0.000000 -0.100000
vn 0.000000 0.000000 -0.100000
vn 0.000000 0.000000 -0.100000
vn 0.000000 0.000000 -0.100000
vn 0.000000 0.000000 -0.100000
vn 0.000000 0.000000 -0.100000
vn 0.000000 0.000000 -0.100000
vn 0.000000 0.000000 -0.100000
vn 0.000000 0.000000 -0.100000
vn 0.000000 0.000000 -0.100000
vn 0.000000 0.000000 -0.100000
vn 0.000000 0.000000 -0.100000
vn 0.000000 0.000000 -0.100000
vn 0.000000 0.000000 -0.100000
vn 0.000000 0.000000 -0.100000
vn 0.000000 0.000000 -0.100000
vn 0.000000 0.000000 -0.100000
vn 0.000000 0.000000 -0.100000
vn 0.000000 0.000000 -0.100000
vn 0.000000 0.000000 -0.100000
vn 0.000000 0.000000 -0.100000
vn 0.000000 0.000000 -0.100000
vn 0.000000 0.000000 -0.100000
vn 0.000000 0.000000 -0.100000
vn 0.000000 0.000000 -0.100000
vn 0.000000 0.000000 -0.100000
vn 0.000000 0.000000 -0.100000
vn 0.000000 0.000000 -0.100000
vn 0.000000 0.000000 -0.100000
vn 0.000000 0.000000 -0.100000
vn 0.000000 0.000000 -0.100000
vn 0.000000 0.000000 -0.100000
vn 0.000000 0.000000 -0.100000
vn 0.000000 0.000000 -0.100000
vn 0.000000 0.000000 -0.100000
vn 0.000000 0.000000 -0.100000
vn 0.000000 0.000000 -0.100000
vn 0.000000 0.000000 -0.100000
vn 0.000000 0.000000 -0.100000
vn 0.000000 0.000000 -0.100000
vn 0.000000 0.000000 -0.100000
vn 0.000000 0.000000 -0.100000
vn 0.000000 0.000000 -0.100000
vn 0.000000 0.000000 -0.100000
vn 0.000000 0.000000 -0.100000
vn 0.000000 0.000000 -0.100000
vn 0.000000 0.000000 -0.100000
vn 0.000000 0.000000 -0.100000
vn 0.000000 0.000000 -0.100000
vn 0.000000 0.000000 -0.100000
vn 0.000000 0.000000 -0.100000
vn 0.000000 0.000000 -0.100000
vn 0.000000 0.100000 0.000000
vn 0.000000 0.100000 0.000000
vn 0.025882 0.096593 0.000000
vn 0.025882 0.096593 0.000000
vn 0.050000 0.086603 0.000000
vn 0.050000 0.086603 0.000000
vn 0.070711 0.070711 0.000000
vn 0.070711 0.070711 0.000000
vn 0.086603 0.050000 0.000000
vn 0.086603 0.050000 0.000000
vn 0.096593 0.025882 0.000000
vn 0.096593 0.025882 0.000000
vn 0.100000 0.000000 0.000000
vn 0.100000 0.000000 0.000000
vn 0.096593 -0.025882 0.000000
vn 0.096593 -0.025882 0.000000
vn 0.086603 -0.050000 0.000000
vn 0.086603 -0.050000 0.000000
vn 0.070711 -0.070711 0.000000
vn 0.070711 -0.070711 0.000000
vn 0.050000 -0.086603 0.000000
vn 0.050000 -0.086603 0.000000
vn 0.025882 -0.096593 0.000000
vn 0.025882 -0.096593 0.000000
vn 0.000000 -0.100000 0.000000
vn 0.000000 -0.100000 0.000000
vn 0.100000 0.000000 0.000000
vn 0.100000 0.000000 0.000000
vn 0.100000 0.000000 0.000000
vn 0.100000 0.000000 0.000000
vn 0.100000 0.000000 0.000000
vn 0.100000 0.000000 0.000000
vn 0.100000 0.000000 0.000000
vn 0.100000 0.000000 0.000000
vn -0.000000 0.100000 -0.000000
vn -0.000000 0.100000 -0.000000
vn -0.005814 0.099831 -0.000000
vn -0.005814 0.099831 -0.000000
vn -0.011609 0.099324 -0.000000
vn -0.011609 0.099324 -0.000000
vn -0.017365 0.098481 -0.000000
vn -0.017365 0.098481 -0.000000
vn -0.023062 0.097304 -0.000000
vn -0.023062 0.097304 -0.000000
vn -0.028680 0.095799 -0.000000
vn -0.028680 0.095799 -0.000000
vn -0.034202 0.093969 -0.000000
vn -0.034202 0.093969 -0.000000
vn -0.039608 0.091822 -0.000000
vn -0.039608 0.091822 -0.000000
vn -0.044880 0.089363 -0.000000
vn -0.044880 0.089363 -0.000000
vn -0.050000 0.086603 -0.000000
vn -0.050000 0.086603 -0.000000
vn -0.054951 0.083549 -0.000000
vn -0.054951 0.083549 -0.000000
vn -0.059716 0.080212 -0.000000
vn -0.059716 0.080212 -0.000000
vn -0.064279 0.076604 -0.000000
vn -0.064279 0.076604 -0.000000
vn -0.068624 0.072737 -0.000000
vn -0.068624 0.072737 -0.000000
vn -0.072737 0.068624 -0.000000
vn -0.072737 0.068624 -0.000000
vn -0.076604 0.064279 -0.000000
vn -0.076604 0.064279 -0.000000
vn -0.080212 0.059716 -0.000000
vn -0.080212 0.059716 -0.000000
vn -0.083549 0.054951 -0.000000
vn -0.083549 0.054951 -0.000000
vn -0.086603 0.050000 -0.000000
vn -0.086603 0.050000 -0.000000
vn -0.089363 0.044880 -0.000000
vn -0.089363 0.044880 -0.000000
vn -0.091822 0.039608 -0.000000
vn -0.091822 0.039608 -0.000000
vn -0.093969 0.034202 -0.000000
vn -0.093969 0.034202 -0.000000
vn -0.095799 0.028680 -0.000000
vn -0.095799 0.028680 -0.000000
vn -0.097304 0.023062 -0.000000
vn -0.097304 0.023062 -0.000000
vn -0.098481 0.017365 -0.000000
vn -0.098481 0.017365 -0.000000
vn -0.099324 0.011609 -0.000000
vn -0.099324 0.011609 -0.000000
vn -0.099831 0.005814 -0.000000
vn -0.099831 0.005814 -0.000000
vn -0.100000 0.000000 -0.000000
vn -0.100000 0.000000 -0.000000
vn -0.099831 -0.005814 0.000000
vn -0.099831 -0.005814 0.000000
vn -0.099324 -0.011609 0.000000
vn -0.099324 -0.011609 0.000000
vn -0.098481 -0.017365 0.000000
vn -0.098481 -0.017365 0.000000
vn -0.097304 -0.023062 0.000000
vn -0.097304 -0.023062 0.000000
vn -0.095799 -0.028680 0.000000
vn -0.095799 -0.028680 0.000000
vn -0.093969 -0.034202 0.000000
vn -0.093969 -0.034202 0.000000
vn -0.091822 -0.039608 0.000000
vn -0.091822 -0.039608 0.000000
vn -0.089363 -0.044880 0.000000
vn -0.089363 -0.044880 0.000000
vn -0.086603 -0.050000 0.000000
vn -0.086603 -0.050000 0.000000
vn -0.083549 -0.054951 0.000000
vn -0.083549 -0.054951 0.000000
vn -0.080212 -0.059716 0.000000
vn -0.080212 -0.059716 0.000000
vn -0.076604 -0.064279 0.000000
vn -0.076604 -0.064279 0.000000
vn -0.072737 -0.068624 0.000000
vn -0.072737 -0.068624 0.000000
vn -0.068624 -0.072737 0.000000
vn -0.068624 -0.072737 0.000000
vn -0.064279 -0.076604 0.000000
vn -0.064279 -0.076604 0.000000
vn -0.059716 -0.080212 0.000000
vn -0.059716 -0.080212 0.000000
vn -0.054951 -0.083549 0.000000
vn -0.054951 -0.083549 0.000000
vn -0.050000 -0.086603 0.000000
vn -0.050000 -0.086603 0.000000
vn -0.044880 -0.089363 0.000000
vn -0.044880 -0.089363 0.000000
vn -0.039608 -0.091822 0.000000
vn -0.039608 -0.091822 0.000000
vn -0.034202 -0.093969 0.000000
vn -0.034202 -0.093969 0.000000
vn -0.028680 -0.095799 0.000000
vn -0.028680 -0.095799 0.000000
vn -0.023062 -0.097304 0.000000
vn -0.023062 -0.097304 0.000000
vn -0.017365 -0.098481 0.000000
vn -0.017365 -0.098481 0.000000
vn -0.011609 -0.099324 0.000000
vn -0.011609 -0.099324 0.000000
vn -0.005814 -0.099831 0.000000
vn -0.005814 -0.099831 0.000000
vn -0.000000 -0.100000 0.000000
vn -0.000000 -0.100000 0.000000
vn 0.099762 0.006899 0.000000
vn 0.099762 0.006899 0.000000
vn 0.100000 0.000000 0.000000
vn 0.100000 0.000000 0.000000
vn 0.099762 -0.006899 0.000000
vn 0.099762 -0.006899 0.000000
vn 0.099048 -0.013765 0.000000
vn 0.099048 -0.013765 0.000000
vn 0.097862 -0.020566 0.000000
vn 0.097862 -0.020566 0.000000
vn 0.096210 -0.027269 0.000000
vn 0.096210 -0.027269 0.000000
vn 0.094100 -0.033841 0.000000
vn 0.094100 -0.033841 0.000000
vn 0.091541 -0.040253 0.000000
vn 0.091541 -0.040253 0.000000
vn 0.088546 -0.046472 0.000000
vn 0.088546 -0.046472 0.000000
vn 0.085128 -0.052470 0.000000
vn 0.085128 -0.052470 0.000000
vn 0.081306 -0.058219 0.000000
vn 0.081306 -0.058219 0.000000
vn 0.077095 -0.063689 0.000000
vn 0.077095 -0.063689 0.000000
vn 0.072518 -0.068856 0.000000
vn 0.072518 -0.068856 0.000000
vn 0.067594 -0.073695 0.000000
vn 0.067594 -0.073695 0.000000
vn 0.062349 -0.078183 0.000000
vn 0.062349 -0.078183 0.000000
vn 0.056806 -0.082298 0.000000
vn 0.056806 -0.082298 0.000000
vn 0.050993 -0.086021 0.000000
vn 0.050993 -0.086021 0.000000
vn 0.044937 -0.089335 0.000000
vn 0.044937 -0.089335 0.000000
vn 0.038667 -0.092222 0.000000
vn 0.038667 -0.092222 0.000000
vn 0.032212 -0.094670 0.000000
vn 0.032212 -0.094670 0.000000
vn 0.025604 -0.096667 0.000000
vn 0.025604 -0.096667 0.000000
vn 0.018874 -0.098203 0.000000
vn 0.018874 -0.098203 0.000000
vn 0.012054 -0.099271 0.000000
vn 0.012054 -0.099271 0.000000
vn 0.005176 -0.099866 0.000000
vn 0.005176 -0.099866 0.000000
vn -0.001726 -0.099985 0.000000
vn -0.001726 -0.099985 0.000000
vn -0.008620 -0.099628 0.000000
vn -0.008620 -0.099628 0.000000
vn -0.015473 -0.098796 0.000000
vn -0.015473 -0.098796 0.000000
vn -0.022252 -0.097493 0.000000
vn -0.022252 -0.097493 0.000000
vn -0.028925 -0.095725 0.000000
vn -0.028925 -0.095725 0.000000
vn -0.035460 -0.093502 0.000000
vn -0.035460 -0.093502 0.000000
vn -0.041827 -0.090832 0.000000
vn -0.041827 -0.090832 0.000000
vn -0.047994 -0.087730 0.000000
vn -0.047994 -0.087730 0.000000
vn -0.053932 -0.084210 0.000000
vn -0.053932 -0.084210 0.000000
vn -0.059613 -0.080289 0.000000
vn -0.059613 -0.080289 0.000000
vn -0.065010 -0.075985 0.000000
vn -0.065010 -0.075985 0.000000
vn -0.070098 -0.071318 0.000000
vn -0.070098 -0.071318 0.000000
vn -0.074851 -0.066312 0.000000
vn -0.074851 -0.066312 0.000000
vn -0.079248 -0.060990 0.000000
vn -0.079248 -0.060990 0.000000
vn -0.083267 -0.055377 0.000000
vn -0.083267 -0.055377 0.000000
vn -0.086889 -0.049501 0.000000
vn -0.086889 -0.049501 0.000000
vn -0.090097 -0.043388 0.000000
vn -0.090097 -0.043388 0.000000
vn -0.092876 -0.037069 0.000000
vn -0.092876 -0.037069 0.000000
vn -0.095212 -0.030573 0.000000
vn -0.095212 -0.030573 0.000000
vn -0.097094 -0.023932 0.000000
vn -0.097094 -0.023932 0.000000
vn -0.098514 -0.017176 0.000000
vn -0.098514 -0.017176 0.000000
vn -0.099464 -0.010338 0.000000
vn -0.099464 -0.010338 0.000000
vn -0.099940 -0.003452 0.000000
vn -0.099940 -0.003452 0.000000
vn -0.099940 0.003452 0.000000
vn -0.099940 0.003452 0.000000
vn -0.099464 0.010338 0.000000
vn -0.099464 0.010338 0.000000
vn -0.098514 0.017176 0.000000
vn -0.098514 0.017176 0.000000
vn -0.097094 0.023932 0.000000
vn -0.097094 0.023932 0.000000
vn -0.095212 0.030573 0.000000
vn -0.095212 0.030573 0.000000
vn -0.092876 0.037069 0.000000
vn -0.092876 0.037069 0.000000
vn -0.090097 0.043388 0.000000
vn -0.090097 0.043388 0.000000
vn -0.086889 0.049501 0.000000
vn -0.086889 0.049501 0.000000
vn -0.083267 0.055377 0.000000
vn -0.083267 0.055377 0.000000
vn -0.079248 0.060990 0.000000
vn -0.079248 0.060990 0.000000
vn -0.074851 0.066312 0.000000
vn -0.074851 0.066312 0.000000
vn -0.070098 0.071318 0.000000
vn -0.070098 0.071318 0.000000
vn -0.065010 0.075985 0.000000
vn -0.065010 0.075985 0.000000
vn -0.059613 0.080289 0.000000
vn -0.059613 0.080289 0.000000
vn -0.053932 0.084210 0.000000
vn -0.053932 0.084210 0.000000
vn -0.047994 0.087730 0.000000
vn -0.047994 0.087730 0.000000
vn -0.041827 0.090832 0.000000
vn -0.041827 0.090832 0.000000
vn -0.035460 0.093502 0.000000
vn -0.035460 0.093502 0.000000
vn -0.028925 0.095725 0.000000
vn -0.028925 0.095725 0.000000
vn -0.022252 0.097493 0.000000
vn -0.022252 0.097493 0.000000
vn -0.015473 0.098796 0.000000
vn -0.015473 0.098796 0.000000
vn -0.008620 0.099628 0.000000
vn -0.008620 0.099628 0.000000
vn -0.001726 0.099985 0.000000
vn -0.001726 0.099985 0.000000
vn 0.005176 0.099866 0.000000
vn 0.005176 0.099866 0.000000
vn 0.012054 0.099271 0.000000
vn 0.012054 0.099271 0.000000
vn 0.018874 0.098203 0.000000
vn 0.018874 0.098203 0.000000
vn 0.025604 0.096667 0.000000
vn 0.025604 0.096667 0.000000
vn 0.032212 0.094670 0.000000
vn 0.032212 0.094670 0.000000
vn 0.038667 0.092222 0.000000
vn 0.038667 0.092222 0.000000
vn 0.044937 0.089335 0.000000
vn 0.044937 0.089335 0.000000
vn 0.050993 0.086021 0.000000
vn 0.050993 0.086021 0.000000
vn 0.056806 0.082298 0.000000
vn 0.056806 0.082298 0.000000
vn 0.062349 0.078183 0.000000
vn 0.062349 0.078183 0.000000
vn 0.067594 0.073695 0.000000
vn 0.067594 0.073695 0.000000
vn 0.072518 0.068856 0.000000
vn 0.072518 0.068856 0.000000
vn 0.077095 0.063689 0.000000
vn 0.077095 0.063689 0.000000
vn 0.081306 0.058219 0.000000
vn 0.081306 0.058219 0.000000
vn 0.085128 0.052470 0.000000
vn 0.085128 0.052470 0.000000
vn 0.088546 0.046472 0.000000
vn 0.088546 0.046472 0.000000
vn 0.091541 0.040253 0.000000
vn 0.091541 0.040253 0.000000
vn 0.094100 0.033841 0.000000
vn 0.094100 0.033841 0.000000
vn 0.096210 0.027269 0.000000
vn 0.096210 0.027269 0.000000
vn 0.097862 0.020566 0.000000
vn 0.097862 0.020566 0.000000
vn 0.099048 0.013765 0.000000
vn 0.099048 0.013765 0.000000
vn 0.000000 0.000000 0.100000
vn 0.000000 0.000000 0.100000
vn 0.000000 0.000000 0.100000
vn 0.000000 0.000000 0.100000
vn 0.000000 0.000000 0.100000
vn 0.000000 0.000000 0.100000
vn 0.000000 0.000000 0.100000
vn 0.000000 0.000000 0.100000
vn 0.000000 0.000000 0.100000
vn 0.000000 0.000000 0.100000
vn 0.000000 0.000000 0.100000
vn 0.000000 0.000000 0.100000
vn 0.000000 0.000000 0.100000
vn 0.000000 0.000000 0.100000
vn 0.000000 0.000000 0.100000
vn 0.000000 0.000000 0.100000
vn 0.000000 0.000000 0.100000
vn 0.000000 0.000000 0.100000
vn 0.000000 0.000000 0.100000
vn 0.000000 0.000000 0.100000
vn 0.000000 0.000000 0.100000
vn 0.000000 0.000000 0.100000
vn 0.000000 0.000000 0.100000
vn 0.000000 0.000000 0.100000
vn 0.000000 0.000000 0.100000
vn 0.000000 0.000000 0.100000
vn 0.000000 0.000000 0.100000
vn 0.000000 0.000000 0.100000
vn 0.000000 0.000000 0.100000
vn 0.000000 0.000000 0.100000
vn 0.000000 0.000000 0.100000
vn 0.000000 0.000000 0.100000
vn 0.000000 0.000000 0.100000
vn 0.000000 0.000000 0.100000
vn 0.000000 0.000000 0.100000
vn 0.000000 0.000000 0.100000
vn 0.000000 0.000000 0.100000
vn 0.000000 0.000000 0.100000
vn 0.000000 0.000000 0.100000
vn 0.000000 0.000000 0.100000
vn 0.000000 0.000000 0.100000
vn 0.000000 0.000000 0.100000
vn 0.000000 0.000000 0.100000
vn 0.000000 0.000000 0.100000
vn 0.000000 0.000000 0.100000
vn 0.000000 0.000000 0.100000
vn 0.000000 0.000000 0.100000
vn 0.000000 0.000000 0.100000
vn 0.000000 0.000000 0.100000
vn 0.000000 0.000000 0.100000
vn 0.000000 0.000000 0.100000
vn 0.000000 0.000000 0.100000
vn 0.000000 0.000000 0.100000
vn 0.000000 0.000000 0.100000
vn 0.000000 0.000000 0.100000
vn 0.000000 0.000000 0.100000
vn 0.000000 0.000000 0.100000
vn 0.000000 0.000000 0.100000
vn 0.000000 0.000000 0.100000
vn 0.000000 0.000000 0.100000
vn 0.000000 0.000000 0.100000
vn 0.000000 0.000000 0.100000
vn 0.000000 0.000000 0.100000
vn 0.000000 0.000000 0.100000
vn 0.000000 0.000000 0.100000
vn 0.000000 0.000000 0.100000
vn 0.000000 0.000000 0.100000
vn 0.000000 0.000000 0.100000
vn 0.000000 0.000000 0.100000
vn 0.000000 0.000000 0.100000
vn 0.000000 0.000000 0.100000
vn 0.000000 0.000000 0.100000
vn 0.000000 0.000000 0.100000
vn 0.000000 0.000000 0.100000
vn 0.000000 0.000000 0.100000
vn 0.000000 0.000000 0.100000
vn 0.000000 0.000000 0.100000
vn 0.000000 0.000000 0.100000
vn 0.000000 0.000000 0.100000
vn 0.000000 0.000000 0.100000
vn 0.000000 0.000000 0.100000
vn 0.000000 0.000000 0.100000
vn 0.000000 0.000000 0.100000
vn 0.000000 0.000000 0.100000
vn 0.000000 0.000000 0.100000
vn 0.000000 0.000000 0.100000
vn 0.000000 0.000000 0.100000
vn 0.000000 0.000000 0.100000
vn 0.000000 0.000000 0.100000
vn 0.000000 0.000000 0.100000
vn 0.000000 0.000000 0.100000
vn 0.000000 0.000000 0.100000
vn 0.000000 0.000000 0.100000
vn 0.000000 0.000000 0.100000
vn 0.000000 0.000000 0.100000
vn 0.000000 0.000000 0.100000
vn 0.000000 0.000000 0.100000
vn 0.000000 0.000000 0.100000
vn 0.000000 0.000000 0.100000
vn 0.000000 0.000000 0.100000
vn 0.000000 0.000000 0.100000
vn 0.000000 0.000000 0.100000
vn 0.000000 0.000000 0.100000
vn 0.000000 0.000000 0.100000
vn 0.000000 0.000000 0.100000
vn 0.000000 0.000000 0.100000
vn 0.000000 0.000000 0.100000
vn 0.000000 0.000000 0.100000
vn 0.000000 0.000000 0.100000
vn 0.000000 0.000000 0.100000
vn 0.000000 0.000000 0.100000
vn 0.000000 0.000000 0.100000
vn 0.000000 0.000000 0.100000
vn 0.000000 0.000000 0.100000
vn 0.000000 0.000000 0.100000
vn 0.000000 0.000000 0.100000
vn 0.000000 0.000000 0.100000
vn 0.000000 0.000000 0.100000
vn 0.000000 0.000000 0.100000
vn 0.000000 0.000000 0.100000
vn 0.000000 0.000000 0.100000
vn 0.000000 0.000000 0.100000
vn 0.000000 0.000000 0.100000
vn 0.000000 0.000000 0.100000
vn 0.000000 0.000000 0.100000
vn 0.000000 0.000000 0.100000
vn 0.000000 0.000000 0.100000
vn 0.000000 0.000000 0.100000
vn 0.000000 0.000000 0.100000
vn 0.000000 0.000000 0.100000
vn 0.000000 0.000000 0.100000
vn 0.000000 0.000000 0.100000
vn 0.000000 0.000000 0.100000
vn 0.000000 0.000000 0.100000
vn 0.000000 0.000000 0.100000
vn 0.000000 0.000000 0.100000
vn 0.000000 0.000000 0.100000
vn 0.000000 0.000000 0.100000
vn 0.000000 0.000000 0.100000
vn 0.000000 0.000000 0.100000
vn 0.000000 0.000000 0.100000
vn 0.000000 0.000000 0.100000
vn 0.000000 0.000000 0.100000
vn 0.000000 0.000000 0.100000
vn 0.000000 0.000000 0.100000
vn 0.000000 0.000000 0.100000
vn 0.000000 0.000000 0.100000
vn 0.000000 0.000000 0.100000
vn 0.000000 0.000000 0.100000
vn 0.000000 0.000000 0.100000
vn 0.000000 0.000000 0.100000
vn 0.000000 0.000000 0.100000
vn 0.000000 0.000000 0.100000
vn 0.000000 0.000000 0.100000
vn 0.000000 0.000000 0.100000
vn 0.000000 0.000000 0.100000
vn 0.000000 0.000000 0.100000
vn 0.000000 0.000000 0.100000
vn 0.000000 0.000000 0.100000
vn 0.000000 0.000000 0.100000
vn 0.000000 0.000000 0.100000
vn 0.000000 0.000000 0.100000
vn 0.000000 0.000000 0.100000
vn 0.000000 0.000000 0.100000
vn 0.000000 0.000000 0.100000
vn 0.000000 0.000000 0.100000
vn 0.000000 0.000000 0.100000
vn 0.000000 0.000000 0.100000
vn 0.000000 0.000000 0.100000
vn 0.000000 0.000000 0.100000
vn 0.000000 0.000000 0.100000
vn 0.000000 0.000000 0.100000
vn 0.000000 0.000000 0.100000
vn 0.000000 0.000000 0.100000
vn 0.000000 0.000000 0.100000
vn 0.000000 0.000000 0.100000
vn 0.000000 0.000000 0.100000
vn 0.000000 0.000000 0.100000
vn 0.000000 0.000000 0.100000
vn 0.000000 0.000000 0.100000
vn 0.000000 0.000000 0.100000
vn 0.000000 0.000000 0.100000
vn 0.000000 0.000000 0.100000
vn 0.000000 0.000000 0.100000
vn 0.000000 0.000000 0.100000
vn 0.000000 0.000000 0.100000
vn 0.000000 0.000000 0.100000
vn 0.000000 0.000000 0.100000
vn 0.000000 0.000000 0.100000
vn 0.000000 0.000000 0.100000
vn 0.000000 0.000000 0.100000
vn 0.000000 0.000000 0.100000
vn 0.000000 0.000000 0.100000
vn 0.000000 0.000000 0.100000
vn 0.000000 0.000000 0.100000
vn 0.000000 0.000000 0.100000
vn 0.000000 0.000000 0.100000
vn 0.000000 0.000000 0.100000
vn 0.000000 0.000000 0.100000
vn 0.000000 0.000000 0.100000
vn 0.000000 0.000000 0.100000
vn 0.000000 0.000000 0.100000
vn 0.000000 0.000000 0.100000
vn 0.000000 0.000000 0.100000
vn 0.000000 0.000000 0.100000
vn 0.000000 0.000000 0.100000
vn 0.000000 0.000000 0.100000
vn 0.000000 0.000000 0.100000
vn 0.000000 0.000000 0.100000
vn 0.000000 0.000000 0.100000
vn 0.000000 0.000000 0.100000
vn 0.000000 0.000000 0.100000
vn 0.000000 0.000000 0.100000
vn 0.000000 0.000000 0.100000
vn 0.000000 0.000000 0.100000
vn 0.000000 0.000000 0.100000
vn 0.000000 0.000000 0.100000
vn 0.000000 0.000000 0.100000
vn 0.000000 0.000000 0.100000
vn 0.000000 0.000000 0.100000
vn 0.000000 0.000000 0.100000
vn 0.000000 -0.100000 0.000000
vn 0.000000 -0.100000 0.000000
vn 0.006540 -0.099786 0.000000
vn 0.006540 -0.099786 0.000000
vn 0.013053 -0.099144 0.000000
vn 0.013053 -0.099144 0.000000
vn 0.019509 -0.098079 0.000000
vn 0.019509 -0.098079 0.000000
vn 0.025882 -0.096593 0.000000
vn 0.025882 -0.096593 0.000000
vn 0.032144 -0.094693 0.000000
vn 0.032144 -0.094693 0.000000
vn 0.038268 -0.092388 0.000000
vn 0.038268 -0.092388 0.000000
vn 0.044229 -0.089687 0.000000
vn 0.044229 -0.089687 0.000000
vn 0.050000 -0.086603 0.000000
vn 0.050000 -0.086603 0.000000
vn 0.055557 -0.083147 0.000000
vn 0.055557 -0.083147 0.000000
vn 0.060876 -0.079335 0.000000
vn 0.060876 -0.079335 0.000000
vn 0.065935 -0.075184 0.000000
vn 0.065935 -0.075184 0.000000
vn 0.070711 -0.070711 0.000000
vn 0.070711 -0.070711 0.000000
vn 0.075184 -0.065935 0.000000
vn 0.075184 -0.065935 0.000000
vn 0.079335 -0.060876 0.000000
vn 0.079335 -0.060876 0.000000
vn 0.083147 -0.055557 0.000000
vn 0.083147 -0.055557 0.000000
vn 0.086603 -0.050000 0.000000
vn 0.086603 -0.050000 0.000000
vn 0.089687 -0.044229 0.000000
vn 0.089687 -0.044229 0.000000
vn 0.092388 -0.038268 0.000000
vn 0.092388 -0.038268 0.000000
vn 0.094693 -0.032144 0.000000
vn 0.094693 -0.032144 0.000000
vn 0.096593 -0.025882 0.000000
vn 0.096593 -0.025882 0.000000
vn 0.098079 -0.019509 0.000000
vn 0.098079 -0.019509 0.000000
vn 0.099144 -0.013053 0.000000
vn 0.099144 -0.013053 0.000000
vn 0.099786 -0.006540 0.000000
vn 0.099786 -0.006540 0.000000
vn 0.100000 0.000000 0.000000
vn 0.100000 0.000000 0.000000
vn 0.099786 0.006540 0.000000
vn 0.099786 0.006540 0.000000
vn 0.099144 0.013053 0.000000
vn 0.099144 0.013053 0.000000
vn 0.098079 0.019509 0.000000
vn 0.098079 0.019509 0.000000
vn 0.096593 0.025882 0.000000
vn 0.096593 0.025882 0.000000
vn 0.094693 0.032144 0.000000
vn 0.094693 0.032144 0.000000
vn 0.092388 0.038268 0.000000
vn 0.092388 0.038268 0.000000
vn 0.089687 0.044229 0.000000
vn 0.089687 0.044229 0.000000
vn 0.086603 0.050000 0.000000
vn 0.086603 0.050000 0.000000
vn 0.083147 0.055557 0.000000
vn 0.083147 0.055557 0.000000
vn 0.079335 0.060876 0.000000
vn 0.079335 0.060876 0.000000
vn 0.075184 0.065935 0.000000
vn 0.075184 0.065935 0.000000
vn 0.070711 0.070711 0.000000
vn 0.070711 0.070711 0.000000
vn 0.065935 0.075184 0.000000
vn 0.065935 0.075184 0.000000
vn 0.060876 0.079335 0.000000
vn 0.060876 0.079335 0.000000
vn 0.055557 0.083147 0.000000
vn 0.055557 0.083147 0.000000
vn 0.050000 0.086603 0.000000
vn 0.050000 0.086603 0.000000
vn 0.044229 0.089687 0.000000
vn 0.044229 0.089687 0.000000
vn 0.038268 0.092388 0.000000
vn 0.038268 0.092388 0.000000
vn 0.032144 0.094693 0.000000
vn 0.032144 0.094693 0.000000
vn 0.025882 0.096593 0.000000
vn 0.025882 0.096593 0.000000
vn 0.019509 0.098079 0.000000
vn 0.019509 0.098079 0.000000
vn 0.013053 0.099144 0.000000
vn 0.013053 0.099144 0.000000
vn 0.006540 0.099786 0.000000
vn 0.006540 0.099786 0.000000
vn 0.000000 0.100000 0.000000
vn 0.000000 0.100000 0.000000
usemtl Steel_-_Satin
f 1/1/1 2/2/2 26/3/3
f 26/3/3 2/2/2 3/4/4
f 26/3/3 3/4/4 25/5/5
f 25/5/5 3/4/4 4/6/6
f 25/5/5 4/6/6 24/7/7
f 24/7/7 4/6/6 5/8/8
f 24/7/7 5/8/8 23/9/9
f 23/9/9 5/8/8 6/10/10
f 23/9/9 6/10/10 22/11/11
f 22/11/11 6/10/10 7/12/12
f 22/11/11 7/12/12 21/13/13
f 21/13/13 7/12/12 8/14/14
f 21/13/13 8/14/14 20/15/15
f 20/15/15 8/14/14 9/16/16
f 20/15/15 9/16/16 19/17/17
f 19/17/17 9/16/16 10/18/18
f 19/17/17 10/18/18 18/19/19
f 18/19/19 10/18/18 11/20/20
f 18/19/19 11/20/20 17/21/21
f 17/21/21 11/20/20 12/22/22
f 17/21/21 12/22/22 16/23/23
f 16/23/23 12/22/22 13/24/24
f 16/23/23 13/24/24 15/25/25
f 15/25/25 13/24/24 14/26/26
f 14/27/27 27/28/28 15/29/29
f 15/29/29 27/28/28 28/30/30
f 1/31/31 29/32/32 2/33/33
f 2/33/33 29/32/32 30/34/34
f 32/35/35 209/36/36 31/37/37
f 31/37/37 209/36/36 210/38/38
f 31/37/37 210/38/38 211/39/39
f 209/36/36 32/35/35 208/40/40
f 208/40/40 32/35/35 33/41/41
f 208/40/40 33/41/41 207/42/42
f 207/42/42 33/41/41 34/43/43
f 207/42/42 34/43/43 206/44/44
f 206/44/44 34/43/43 205/45/45
f 205/45/45 34/43/43 35/46/46
f 205/45/45 35/46/46 204/47/47
f 204/47/47 35/46/46 36/48/48
f 204/47/47 36/48/48 203/49/49
f 203/49/49 36/48/48 37/50/50
f 203/49/49 37/50/50 202/51/51
f 202/51/51 37/50/50 38/52/52
f 202/51/51 38/52/52 201/53/53
f 201/53/53 38/52/52 200/54/54
f 200/54/54 38/52/52 39/55/55
f 200/54/54 39/55/55 199/56/56
f 199/56/56 39/55/55 40/57/57
f 199/56/56 40/57/57 198/58/58
f 198/58/58 40/57/57 41/59/59
f 198/58/58 41/59/59 197/60/60
f 197/60/60 41/59/59 42/61/61
f 197/60/60 42/61/61 196/62/62
f 196/62/62 42/61/61 43/63/63
f 196/62/62 43/63/63 195/64/64
f 195/64/64 43/63/63 44/65/65
f 195/64/64 44/65/65 194/66/66
f 194/66/66 44/65/65 193/67/67
f 193/67/67 44/65/65 45/68/68
f 193/67/67 45/68/68 192/69/69
f 192/69/69 45/68/68 46/70/70
f 192/69/69 46/70/70 191/71/71
f 191/71/71 46/70/70 47/72/72
f 191/71/71 47/72/72 190/73/73
f 190/73/73 47/72/72 48/74/74
f 190/73/73 48/74/74 189/75/75
f 189/75/75 48/74/74 49/76/76
f 189/75/75 49/76/76 188/77/77
f 188/77/77 49/76/76 50/78/78
f 188/77/77 50/78/78 187/79/79
f 187/79/79 50/78/78 51/80/80
f 187/79/79 51/80/80 186/81/81
f 186/81/81 51/80/80 170/82/82
f 186/81/81 170/82/82 185/83/83
f 185/83/83 170/82/82 182/84/84
f 185/83/83 182/84/84 184/85/85
f 184/85/85 182/84/84 183/86/86
f 51/80/80 52/87/87 170/82/82
f 170/82/82 52/87/87 169/88/88
f 169/88/88 52/87/87 53/89/89
f 169/88/88 53/89/89 54/90/90
f 169/88/88 54/90/90 168/91/91
f 168/91/91 54/90/90 55/92/92
f 168/91/91 55/92/92 167/93/93
f 167/93/93 55/92/92 56/94/94
f 167/93/93 56/94/94 166/95/95
f 166/95/95 56/94/94 57/96/96
f 166/95/95 57/96/96 165/97/97
f 165/97/97 57/96/96 58/98/98
f 165/97/97 58/98/98 164/99/99
f 164/99/99 58/98/98 59/100/100
f 164/99/99 59/100/100 163/101/101
f 163/101/101 59/100/100 60/102/102
f 163/101/101 60/102/102 162/103/103
f 162/103/103 60/102/102 61/104/104
f 162/103/103 61/104/104 161/105/105
f 161/105/105 61/104/104 62/106/106
f 161/105/105 62/106/106 160/107/107
f 160/107/107 62/106/106 63/108/108
f 160/107/107 63/108/108 159/109/109
f 159/109/109 63/108/108 64/110/110
f 159/109/109 64/110/110 158/111/111
f 158/111/111 64/110/110 65/112/112
f 158/111/111 65/112/112 157/113/113
f 157/113/113 65/112/112 66/114/114
f 157/113/113 66/114/114 156/115/115
f 156/115/115 66/114/114 67/116/116
f 156/115/115 67/116/116 155/117/117
f 155/117/117 67/116/116 68/118/118
f 155/117/117 68/118/118 154/119/119
f 154/119/119 68/118/118 69/120/120
f 154/119/119 69/120/120 153/121/121
f 153/121/121 69/120/120 70/122/122
f 153/121/121 70/122/122 152/123/123
f 152/123/123 70/122/122 151/124/124
f 151/124/124 70/122/122 71/125/125
f 151/124/124 71/125/125 150/126/126
f 150/126/126 71/125/125 72/127/127
f 150/126/126 72/127/127 149/128/128
f 149/128/128 72/127/127 73/129/129
f 149/128/128 73/129/129 148/130/130
f 148/130/130 73/129/129 74/131/131
f 148/130/130 74/131/131 147/132/132
f 147/132/132 74/131/131 75/133/133
f 147/132/132 75/133/133 146/134/134
f 146/134/134 75/133/133 76/135/135
f 146/134/134 76/135/135 145/136/136
f 145/136/136 76/135/135 77/137/137
f 145/136/136 77/137/137 144/138/138
f 144/138/138 77/137/137 78/139/139
f 144/138/138 78/139/139 143/140/140
f 143/140/140 78/139/139 79/141/141
f 143/140/140 79/141/141 142/142/142
f 142/142/142 79/141/141 80/143/143
f 142/142/142 80/143/143 141/144/144
f 141/144/144 80/143/143 81/145/145
f 141/144/144 81/145/145 140/146/146
f 140/146/146 81/145/145 82/147/147
f 140/146/146 82/147/147 139/148/148
f 139/148/148 82/147/147 83/149/149
f 139/148/148 83/149/149 138/150/150
f 138/150/150 83/149/149 137/151/151
f 137/151/151 83/149/149 84/152/152
f 137/151/151 84/152/152 136/153/153
f 136/153/153 84/152/152 85/154/154
f 136/153/153 85/154/154 135/155/155
f 135/155/155 85/154/154 86/156/156
f 135/155/155 86/156/156 134/157/157
f 134/157/157 86/156/156 87/158/158
f 134/157/157 87/158/158 133/159/159
f 133/159/159 87/158/158 88/160/160
f 133/159/159 88/160/160 132/161/161
f 132/161/161 88/160/160 89/162/162
f 132/161/161 89/162/162 131/163/163
f 131/163/163 89/162/162 90/164/164
f 131/163/163 90/164/164 130/165/165
f 130/165/165 90/164/164 91/166/166
f 130/165/165 91/166/166 129/167/167
f 129/167/167 91/166/166 92/168/168
f 129/167/167 92/168/168 128/169/169
f 128/169/169 92/168/168 93/170/170
f 128/169/169 93/170/170 127/171/171
f 127/171/171 93/170/170 94/172/172
f 127/171/171 94/172/172 126/173/173
f 126/173/173 94/172/172 95/174/174
f 126/173/173 95/174/174 125/175/175
f 125/175/175 95/174/174 96/176/176
f 125/175/175 96/176/176 124/177/177
f 124/177/177 96/176/176 97/178/178
f 124/177/177 97/178/178 123/179/179
f 123/179/179 97/178/178 98/180/180
f 123/179/179 98/180/180 122/181/181
f 122/181/181 98/180/180 99/182/182
f 122/181/181 99/182/182 28/183/183
f 28/183/183 99/182/182 100/184/184
f 28/183/183 100/184/184 101/185/185
f 28/183/183 101/185/185 15/186/186
f 15/186/186 101/185/185 102/187/187
f 15/186/186 102/187/187 234/188/188
f 234/188/188 102/187/187 233/189/189
f 233/189/189 102/187/187 103/190/190
f 233/189/189 103/190/190 232/191/191
f 232/191/191 103/190/190 104/192/192
f 232/191/191 104/192/192 231/193/193
f 231/193/193 104/192/192 105/194/194
f 231/193/193 105/194/194 230/195/195
f 230/195/195 105/194/194 106/196/196
f 230/195/195 106/196/196 229/197/197
f 229/197/197 106/196/196 107/198/198
f 229/197/197 107/198/198 228/199/199
f 228/199/199 107/198/198 108/200/200
f 228/199/199 108/200/200 227/201/201
f 227/201/201 108/200/200 109/202/202
f 227/201/201 109/202/202 226/203/203
f 226/203/203 109/202/202 225/204/204
f 225/204/204 109/202/202 110/205/205
f 225/204/204 110/205/205 224/206/206
f 224/206/206 110/205/205 111/207/207
f 224/206/206 111/207/207 223/208/208
f 223/208/208 111/207/207 112/209/209
f 223/208/208 112/209/209 222/210/210
f 222/210/210 112/209/209 113/211/211
f 222/210/210 113/211/211 221/212/212
f 221/212/212 113/211/211 114/213/213
f 221/212/212 114/213/213 220/214/214
f 220/214/214 114/213/213 115/215/215
f 220/214/214 115/215/215 219/216/216
f 219/216/216 115/215/215 218/217/217
f 218/217/217 115/215/215 116/218/218
f 218/217/217 116/218/218 217/219/219
f 217/219/219 116/218/218 117/220/220
f 217/219/219 117/220/220 216/221/221
f 216/221/221 117/220/220 118/222/222
f 216/221/221 118/222/222 215/223/223
f 215/223/223 118/222/222 119/224/224
f 215/223/223 119/224/224 214/225/225
f 214/225/225 119/224/224 213/226/226
f 213/226/226 119/224/224 120/227/227
f 213/226/226 120/227/227 212/228/228
f 212/228/228 120/227/227 121/229/229
f 212/228/228 121/229/229 211/39/39
f 211/39/39 121/229/229 31/37/37
f 182/84/84 170/82/82 181/230/230
f 181/230/230 170/82/82 171/231/231
f 181/230/230 171/231/231 180/232/232
f 180/232/232 171/231/231 172/233/233
f 180/232/232 172/233/233 179/234/234
f 179/234/234 172/233/233 173/235/235
f 179/234/234 173/235/235 178/236/236
f 178/236/236 173/235/235 174/237/237
f 178/236/236 174/237/237 177/238/238
f 177/238/238 174/237/237 175/239/239
f 177/238/238 175/239/239 176/240/240
f 234/188/188 235/241/241 15/186/186
f 15/186/186 235/241/241 1/242/242
f 15/186/186 1/242/242 16/243/243
f 16/243/243 1/242/242 26/244/244
f 16/243/243 26/244/244 17/245/245
f 17/245/245 26/244/244 25/246/246
f 17/245/245 25/246/246 18/247/247
f 18/247/247 25/246/246 24/248/248
f 18/247/247 24/248/248 19/249/249
f 19/249/249 24/248/248 23/250/250
f 19/249/249 23/250/250 20/251/251
f 20/251/251 23/250/250 22/252/252
f 20/251/251 22/252/252 21/253/253
f 235/241/241 236/254/254 1/242/242
f 1/242/242 236/254/254 29/255/255
f 170/256/256 237/257/257 171/258/258
f 171/258/258 237/257/257 238/259/259
f 171/258/258 238/259/259 172/260/260
f 172/260/260 238/259/259 239/261/261
f 172/260/260 239/261/261 173/262/262
f 173/262/262 239/261/261 240/263/263
f 173/262/262 240/263/263 174/264/264
f 174/264/264 240/263/263 241/265/265
f 174/264/264 241/265/265 175/266/266
f 175/266/266 241/265/265 242/267/267
f 175/266/266 242/267/267 176/268/268
f 176/268/268 242/267/267 243/269/269
f 176/268/268 243/269/269 177/270/270
f 177/270/270 243/269/269 244/271/271
f 177/270/270 244/271/271 178/272/272
f 178/272/272 244/271/271 245/273/273
f 178/272/272 245/273/273 179/274/274
f 179/274/274 245/273/273 246/275/275
f 179/274/274 246/275/275 180/276/276
f 180/276/276 246/275/275 247/277/277
f 180/276/276 247/277/277 181/278/278
f 181/278/278 247/277/277 248/279/279
f 181/278/278 248/279/279 182/280/280
f 182/280/280 248/279/279 249/281/281
f 249/282/282 250/283/283 182/284/284
f 182/284/284 250/283/283 183/285/285
f 170/286/286 169/287/287 237/288/288
f 237/288/288 169/287/287 251/289/289
f 30/290/290 29/291/291 304/292/292
f 304/292/292 29/291/291 236/293/293
f 304/292/292 236/293/293 303/294/294
f 303/294/294 236/293/293 235/295/295
f 303/294/294 235/295/295 302/296/296
f 302/296/296 235/295/295 234/297/297
f 302/296/296 234/297/297 301/298/298
f 301/298/298 234/297/297 233/299/299
f 301/298/298 233/299/299 300/300/300
f 300/300/300 233/299/299 232/301/301
f 300/300/300 232/301/301 299/302/302
f 299/302/302 232/301/301 231/303/303
f 299/302/302 231/303/303 298/304/304
f 298/304/304 231/303/303 230/305/305
f 298/304/304 230/305/305 297/306/306
f 297/306/306 230/305/305 229/307/307
f 297/306/306 229/307/307 296/308/308
f 296/308/308 229/307/307 228/309/309
f 296/308/308 228/309/309 295/310/310
f 295/310/310 228/309/309 227/311/311
f 295/310/310 227/311/311 294/312/312
f 294/312/312 227/311/311 226/313/313
f 294/312/312 226/313/313 293/314/314
f 293/314/314 226/313/313 225/315/315
f 293/314/314 225/315/315 292/316/316
f 292/316/316 225/315/315 224/317/317
f 292/316/316 224/317/317 291/318/318
f 291/318/318 224/317/317 223/319/319
f 291/318/318 223/319/319 290/320/320
f 290/320/320 223/319/319 222/321/321
f 290/320/320 222/321/321 289/322/322
f 289/322/322 222/321/321 221/323/323
f 289/322/322 221/323/323 288/324/324
f 288/324/324 221/323/323 220/325/325
f 288/324/324 220/325/325 287/326/326
f 287/326/326 220/325/325 219/327/327
f 287/326/326 219/327/327 286/328/328
f 286/328/328 219/327/327 218/329/329
f 286/328/328 218/329/329 285/330/330
f 285/330/330 218/329/329 217/331/331
f 285/330/330 217/331/331 284/332/332
f 284/332/332 217/331/331 216/333/333
f 284/332/332 216/333/333 283/334/334
f 283/334/334 216/333/333 215/335/335
f 283/334/334 215/335/335 282/336/336
f 282/336/336 215/335/335 214/337/337
f 282/336/336 214/337/337 281/338/338
f 281/338/338 214/337/337 213/339/339
f 281/338/338 213/339/339 280/340/340
f 280/340/340 213/339/339 212/341/341
f 280/340/340 212/341/341 279/342/342
f 279/342/342 212/341/341 211/343/343
f 279/342/342 211/343/343 278/344/344
f 278/344/344 211/343/343 210/345/345
f 278/344/344 210/345/345 277/346/346
f 277/346/346 210/345/345 209/347/347
f 277/346/346 209/347/347 276/348/348
f 276/348/348 209/347/347 208/349/349
f 276/348/348 208/349/349 275/350/350
f 275/350/350 208/349/349 207/351/351
f 275/350/350 207/351/351 274/352/352
f 274/352/352 207/351/351 206/353/353
f 274/352/352 206/353/353 273/354/354
f 273/354/354 206/353/353 205/355/355
f 273/354/354 205/355/355 272/356/356
f 272/356/356 205/355/355 204/357/357
f 272/356/356 204/357/357 271/358/358
f 271/358/358 204/357/357 203/359/359
f 271/358/358 203/359/359 270/360/360
f 270/360/360 203/359/359 202/361/361
f 270/360/360 202/361/361 269/362/362
f 269/362/362 202/361/361 201/363/363
f 269/362/362 201/363/363 268/364/364
f 268/364/364 201/363/363 200/365/365
f 268/364/364 200/365/365 267/366/366
f 267/366/366 200/365/365 199/367/367
f 267/366/366 199/367/367 266/368/368
f 266/368/368 199/367/367 198/369/369
f 266/368/368 198/369/369 265/370/370
f 265/370/370 198/369/369 197/371/371
f 265/370/370 197/371/371 264/372/372
f 264/372/372 197/371/371 196/373/373
f 264/372/372 196/373/373 263/374/374
f 263/374/374 196/373/373 195/375/375
f 263/374/374 195/375/375 262/376/376
f 262/376/376 195/375/375 194/377/377
f 262/376/376 194/377/377 261/378/378
f 261/378/378 194/377/377 193/379/379
f 261/378/378 193/379/379 260/380/380
f 260/380/380 193/379/379 192/381/381
f 260/380/380 192/381/381 259/382/382
f 259/382/382 192/381/381 191/383/383
f 259/382/382 191/383/383 258/384/384
f 258/384/384 191/383/383 190/385/385
f 258/384/384 190/385/385 257/386/386
f 257/386/386 190/385/385 189/387/387
f 257/386/386 189/387/387 256/388/388
f 256/388/388 189/387/387 188/389/389
f 256/388/388 188/389/389 255/390/390
f 255/390/390 188/389/389 187/391/391
f 255/390/390 187/391/391 254/392/392
f 254/392/392 187/391/391 186/393/393
f 254/392/392 186/393/393 253/394/394
f 253/394/394 186/393/393 185/395/395
f 253/394/394 185/395/395 252/396/396
f 252/396/396 185/395/395 184/397/397
f 252/396/396 184/397/397 250/398/398
f 250/398/398 184/397/397 183/399/399
f 306/400/400 32/401/401 305/402/402
f 305/402/402 32/401/401 31/403/403
f 305/404/402 31/405/403 395/406/404
f 395/406/404 31/405/403 121/407/405
f 395/406/404 121/407/405 394/408/406
f 394/408/406 121/407/405 120/409/407
f 394/408/406 120/409/407 393/410/408
f 393/410/408 120/409/407 119/411/409
f 393/410/408 119/411/409 392/412/410
f 392/412/410 119/411/409 118/413/411
f 392/412/410 118/413/411 391/414/412
f 391/414/412 118/413/411 117/415/413
f 391/414/412 117/415/413 390/416/414
f 390/416/414 117/415/413 116/417/415
f 390/416/414 116/417/415 389/418/416
f 389/418/416 116/417/415 115/419/417
f 389/418/416 115/419/417 388/420/418
f 388/420/418 115/419/417 114/421/419
f 388/420/418 114/421/419 387/422/420
f 387/422/420 114/421/419 113/423/421
f 387/422/420 113/423/421 386/424/422
f 386/424/422 113/423/421 112/425/423
f 386/424/422 112/425/423 385/426/424
f 385/426/424 112/425/423 111/427/425
f 385/426/424 111/427/425 384/428/426
f 384/428/426 111/427/425 110/429/427
f 384/428/426 110/429/427 383/430/428
f 383/430/428 110/429/427 109/431/429
f 383/430/428 109/431/429 382/432/430
f 382/432/430 109/431/429 108/433/431
f 382/432/430 108/433/431 381/434/432
f 381/434/432 108/433/431 107/435/433
f 381/434/432 107/435/433 380/436/434
f 380/436/434 107/435/433 106/437/435
f 380/436/434 106/437/435 379/438/436
f 379/438/436 106/437/435 105/439/437
f 379/438/436 105/439/437 378/440/438
f 378/440/438 105/439/437 104/441/439
f 378/440/438 104/441/439 377/442/440
f 377/442/440 104/441/439 103/443/441
f 377/442/440 103/443/441 376/444/442
f 376/444/442 103/443/441 102/445/443
f 376/444/442 102/445/443 375/446/444
f 375/446/444 102/445/443 101/447/445
f 375/446/444 101/447/445 374/448/446
f 374/448/446 101/447/445 100/449/447
f 374/448/446 100/449/447 373/450/448
f 373/450/448 100/449/447 99/451/449
f 373/450/448 99/451/449 372/452/450
f 372/452/450 99/451/449 98/453/451
f 372/452/450 98/453/451 371/454/452
f 371/454/452 98/453/451 97/455/453
f 371/454/452 97/455/453 370/456/454
f 370/456/454 97/455/453 96/457/455
f 370/456/454 96/457/455 369/458/456
f 369/458/456 96/457/455 95/459/457
f 369/458/456 95/459/457 368/460/458
f 368/460/458 95/459/457 94/461/459
f 368/460/458 94/461/459 367/462/460
f 367/462/460 94/461/459 93/463/461
f 367/462/460 93/463/461 366/464/462
f 366/464/462 93/463/461 92/465/463
f 366/464/462 92/465/463 365/466/464
f 365/466/464 92/465/463 91/467/465
f 365/466/464 91/467/465 364/468/466
f 364/468/466 91/467/465 90/469/467
f 364/468/466 90/469/467 363/470/468
f 363/470/468 90/469/467 89/471/469
f 363/470/468 89/471/469 362/472/470
f 362/472/470 89/471/469 88/473/471
f 362/472/470 88/473/471 361/474/472
f 361/474/472 88/473/471 87/475/473
f 361/474/472 87/475/473 360/476/474
f 360/476/474 87/475/473 86/477/475
f 360/476/474 86/477/475 359/478/476
f 359/478/476 86/477/475 85/479/477
f 359/478/476 85/479/477 358/480/478
f 358/480/478 85/479/477 84/481/479
f 358/480/478 84/481/479 357/482/480
f 357/482/480 84/481/479 83/483/481
f 357/482/480 83/483/481 356/484/482
f 356/484/482 83/483/481 82/485/483
f 356/484/482 82/485/483 355/486/484
f 355/486/484 82/485/483 81/487/485
f 355/486/484 81/487/485 354/488/486
f 354/488/486 81/487/485 80/489/487
f 354/488/486 80/489/487 353/490/488
f 353/490/488 80/489/487 79/491/489
f 353/490/488 79/491/489 352/492/490
f 352/492/490 79/491/489 78/493/491
f 352/492/490 78/493/491 351/494/492
f 351/494/492 78/493/491 77/495/493
f 351/494/492 77/495/493 350/496/494
f 350/496/494 77/495/493 76/497/495
f 350/496/494 76/497/495 349/498/496
f 349/498/496 76/497/495 75/499/497
f 349/498/496 75/499/497 348/500/498
f 348/500/498 75/499/497 74/501/499
f 348/500/498 74/501/499 347/502/500
f 347/502/500 74/501/499 73/503/501
f 347/502/500 73/503/501 346/504/502
f 346/504/502 73/503/501 72/505/503
f 346/504/502 72/505/503 345/506/504
f 345/506/504 72/505/503 71/507/505
f 345/506/504 71/507/505 344/508/506
f 344/508/506 71/507/505 70/509/507
f 344/508/506 70/509/507 343/510/508
f 343/510/508 70/509/507 69/511/509
f 343/510/508 69/511/509 342/512/510
f 342/512/510 69/511/509 68/513/511
f 342/512/510 68/513/511 341/514/512
f 341/514/512 68/513/511 67/515/513
f 341/514/512 67/515/513 340/516/514
f 340/516/514 67/515/513 66/517/515
f 340/516/514 66/517/515 339/518/516
f 339/518/516 66/517/515 65/519/517
f 339/518/516 65/519/517 338/520/518
f 338/520/518 65/519/517 64/521/519
f 338/520/518 64/521/519 337/522/520
f 337/522/520 64/521/519 63/523/521
f 337/522/520 63/523/521 336/524/522
f 336/524/522 63/523/521 62/525/523
f 336/524/522 62/525/523 335/526/524
f 335/526/524 62/525/523 61/527/525
f 335/526/524 61/527/525 334/528/526
f 334/528/526 61/527/525 60/529/527
f 334/528/526 60/529/527 333/530/528
f 333/530/528 60/529/527 59/531/529
f 333/530/528 59/531/529 332/532/530
f 332/532/530 59/531/529 58/533/531
f 332/532/530 58/533/531 331/534/532
f 331/534/532 58/533/531 57/535/533
f 331/534/532 57/535/533 330/536/534
f 330/536/534 57/535/533 56/537/535
f 330/536/534 56/537/535 329/538/536
f 329/538/536 56/537/535 55/539/537
f 329/538/536 55/539/537 328/540/538
f 328/540/538 55/539/537 54/541/539
f 328/540/538 54/541/539 327/542/540
f 327/542/540 54/541/539 53/543/541
f 327/542/540 53/543/541 326/544/542
f 326/544/542 53/543/541 52/545/543
f 326/544/542 52/545/543 325/546/544
f 325/546/544 52/545/543 51/547/545
f 325/546/544 51/547/545 324/548/546
f 324/548/546 51/547/545 50/549/547
f 324/548/546 50/549/547 323/550/548
f 323/550/548 50/549/547 49/551/549
f 323/550/548 49/551/549 322/552/550
f 322/552/550 49/551/549 48/553/551
f 322/552/550 48/553/551 321/554/552
f 321/554/552 48/553/551 47/555/553
f 321/554/552 47/555/553 320/556/554
f 320/556/554 47/555/553 46/557/555
f 320/556/554 46/557/555 319/558/556
f 319/558/556 46/557/555 45/559/557
f 319/558/556 45/559/557 318/560/558
f 318/560/558 45/559/557 44/561/559
f 318/560/558 44/561/559 317/562/560
f 317/562/560 44/561/559 43/563/561
f 317/562/560 43/563/561 316/564/562
f 316/564/562 43/563/561 42/565/563
f 316/564/562 42/565/563 315/566/564
f 315/566/564 42/565/563 41/567/565
f 315/566/564 41/567/565 314/568/566
f 314/568/566 41/567/565 40/569/567
f 314/568/566 40/569/567 313/570/568
f 313/570/568 40/569/567 39/571/569
f 313/570/568 39/571/569 312/572/570
f 312/572/570 39/571/569 38/573/571
f 312/572/570 38/573/571 311/574/572
f 311/574/572 38/573/571 37/575/573
f 311/574/572 37/575/573 310/576/574
f 310/576/574 37/575/573 36/577/575
f 310/576/574 36/577/575 309/578/576
f 309/578/576 36/577/575 35/579/577
f 309/578/576 35/579/577 308/580/578
f 308/580/578 35/579/577 34/581/579
f 308/580/578 34/581/579 307/582/580
f 307/582/580 34/581/579 33/583/581
f 307/582/580 33/583/581 306/400/400
f 306/400/400 33/583/581 32/401/401
f 30/584/582 304/585/583 2/586/584
f 2/586/584 304/585/583 303/587/585
f 2/586/584 303/587/585 14/588/586
f 14/588/586 303/587/585 302/589/587
f 14/588/586 302/589/587 376/590/588
f 376/590/588 302/589/587 301/591/589
f 376/590/588 301/591/589 377/592/590
f 377/592/590 301/591/589 300/593/591
f 377/592/590 300/593/591 378/594/592
f 378/594/592 300/593/591 299/595/593
f 378/594/592 299/595/593 379/596/594
f 379/596/594 299/595/593 298/597/595
f 379/596/594 298/597/595 380/598/596
f 380/598/596 298/597/595 297/599/597
f 380/598/596 297/599/597 381/600/598
f 381/600/598 297/599/597 296/601/599
f 381/600/598 296/601/599 382/602/600
f 382/602/600 296/601/599 295/603/601
f 382/602/600 295/603/601 383/604/602
f 383/604/602 295/603/601 294/605/603
f 383/604/602 294/605/603 293/606/604
f 383/604/602 293/606/604 384/607/605
f 384/607/605 293/606/604 292/608/606
f 384/607/605 292/608/606 385/609/607
f 385/609/607 292/608/606 291/610/608
f 385/609/607 291/610/608 386/611/609
f 386/611/609 291/610/608 290/612/610
f 386/611/609 290/612/610 387/613/611
f 387/613/611 290/612/610 289/614/612
f 387/613/611 289/614/612 388/615/613
f 388/615/613 289/614/612 288/616/614
f 388/615/613 288/616/614 389/617/615
f 389/617/615 288/616/614 287/618/616
f 389/617/615 287/618/616 286/619/617
f 389/617/615 286/619/617 390/620/618
f 390/620/618 286/619/617 285/621/619
f 390/620/618 285/621/619 391/622/620
f 391/622/620 285/621/619 284/623/621
f 391/622/620 284/623/621 392/624/622
f 392/624/622 284/623/621 283/625/623
f 392/624/622 283/625/623 393/626/624
f 393/626/624 283/625/623 282/627/625
f 393/626/624 282/627/625 281/628/626
f 393/626/624 281/628/626 394/629/627
f 394/629/627 281/628/626 280/630/628
f 394/629/627 280/630/628 395/631/629
f 395/631/629 280/630/628 279/632/630
f 395/631/629 279/632/630 305/633/631
f 305/633/631 279/632/630 278/634/632
f 305/633/631 278/634/632 277/635/633
f 305/633/631 277/635/633 306/636/634
f 306/636/634 277/635/633 276/637/635
f 306/636/634 276/637/635 307/638/636
f 307/638/636 276/637/635 275/639/637
f 307/638/636 275/639/637 308/640/638
f 308/640/638 275/639/637 274/641/639
f 308/640/638 274/641/639 273/642/640
f 308/640/638 273/642/640 309/643/641
f 309/643/641 273/642/640 272/644/642
f 309/643/641 272/644/642 310/645/643
f 310/645/643 272/644/642 271/646/644
f 310/645/643 271/646/644 311/647/645
f 311/647/645 271/646/644 270/648/646
f 311/647/645 270/648/646 312/649/647
f 312/649/647 270/648/646 269/650/648
f 312/649/647 269/650/648 268/651/649
f 312/649/647 268/651/649 313/652/650
f 313/652/650 268/651/649 267/653/651
f 313/652/650 267/653/651 314/654/652
f 314/654/652 267/653/651 266/655/653
f 314/654/652 266/655/653 315/656/654
f 315/656/654 266/655/653 265/657/655
f 315/656/654 265/657/655 316/658/656
f 316/658/656 265/657/655 264/659/657
f 316/658/656 264/659/657 317/660/658
f 317/660/658 264/659/657 263/661/659
f 317/660/658 263/661/659 318/662/660
f 318/662/660 263/661/659 262/663/661
f 318/662/660 262/663/661 261/664/662
f 318/662/660 261/664/662 319/665/663
f 319/665/663 261/664/662 260/666/664
f 319/665/663 260/666/664 320/667/665
f 320/667/665 260/666/664 259/668/666
f 320/667/665 259/668/666 321/669/667
f 321/669/667 259/668/666 258/670/668
f 321/669/667 258/670/668 322/671/669
f 322/671/669 258/670/668 257/672/670
f 322/671/669 257/672/670 323/673/671
f 323/673/671 257/672/670 256/674/672
f 323/673/671 256/674/672 324/675/673
f 324/675/673 256/674/672 255/676/674
f 324/675/673 255/676/674 325/677/675
f 325/677/675 255/676/674 254/678/676
f 325/677/675 254/678/676 237/679/677
f 237/679/677 254/678/676 253/680/678
f 237/679/677 253/680/678 249/681/679
f 249/681/679 253/680/678 252/682/680
f 249/681/679 252/682/680 250/683/681
f 249/681/679 248/684/682 237/679/677
f 237/679/677 248/684/682 238/685/683
f 238/685/683 248/684/682 247/686/684
f 238/685/683 247/686/684 239/687/685
f 239/687/685 247/686/684 246/688/686
f 239/687/685 246/688/686 240/689/687
f 240/689/687 246/688/686 245/690/688
f 240/689/687 245/690/688 241/691/689
f 241/691/689 245/690/688 244/692/690
f 241/691/689 244/692/690 242/693/691
f 242/693/691 244/692/690 243/694/692
f 325/677/675 237/679/677 326/695/693
f 326/695/693 237/679/677 251/696/694
f 326/695/693 251/696/694 327/697/695
f 327/697/695 251/696/694 328/698/696
f 328/698/696 251/696/694 396/699/697
f 328/698/696 396/699/697 329/700/698
f 329/700/698 396/699/697 397/701/699
f 329/700/698 397/701/699 330/702/700
f 330/702/700 397/701/699 398/703/701
f 330/702/700 398/703/701 331/704/702
f 331/704/702 398/703/701 399/705/703
f 331/704/702 399/705/703 332/706/704
f 332/706/704 399/705/703 400/707/705
f 332/706/704 400/707/705 333/708/706
f 333/708/706 400/707/705 401/709/707
f 333/708/706 401/709/707 334/710/708
f 334/710/708 401/709/707 402/711/709
f 334/710/708 402/711/709 335/712/710
f 335/712/710 402/711/709 403/713/711
f 335/712/710 403/713/711 336/714/712
f 336/714/712 403/713/711 404/715/713
f 336/714/712 404/715/713 337/716/714
f 337/716/714 404/715/713 405/717/715
f 337/716/714 405/717/715 338/718/716
f 338/718/716 405/717/715 406/719/717
f 338/718/716 406/719/717 339/720/718
f 339/720/718 406/719/717 407/721/719
f 339/720/718 407/721/719 340/722/720
f 340/722/720 407/721/719 408/723/721
f 340/722/720 408/723/721 341/724/722
f 341/724/722 408/723/721 409/725/723
f 341/724/722 409/725/723 342/726/724
f 342/726/724 409/725/723 410/727/725
f 342/726/724 410/727/725 343/728/726
f 343/728/726 410/727/725 411/729/727
f 343/728/726 411/729/727 344/730/728
f 344/730/728 411/729/727 412/731/729
f 344/730/728 412/731/729 413/732/730
f 344/730/728 413/732/730 345/733/731
f 345/733/731 413/732/730 414/734/732
f 345/733/731 414/734/732 346/735/733
f 346/735/733 414/734/732 415/736/734
f 346/735/733 415/736/734 347/737/735
f 347/737/735 415/736/734 416/738/736
f 347/737/735 416/738/736 348/739/737
f 348/739/737 416/738/736 417/740/738
f 348/739/737 417/740/738 349/741/739
f 349/741/739 417/740/738 418/742/740
f 349/741/739 418/742/740 350/743/741
f 350/743/741 418/742/740 419/744/742
f 350/743/741 419/744/742 351/745/743
f 351/745/743 419/744/742 420/746/744
f 351/745/743 420/746/744 352/747/745
f 352/747/745 420/746/744 421/748/746
f 352/747/745 421/748/746 353/749/747
f 353/749/747 421/748/746 422/750/748
f 353/749/747 422/750/748 354/751/749
f 354/751/749 422/750/748 423/752/750
f 354/751/749 423/752/750 355/753/751
f 355/753/751 423/752/750 424/754/752
f 355/753/751 424/754/752 356/755/753
f 356/755/753 424/754/752 425/756/754
f 356/755/753 425/756/754 357/757/755
f 357/757/755 425/756/754 426/758/756
f 357/757/755 426/758/756 427/759/757
f 357/757/755 427/759/757 358/760/758
f 358/760/758 427/759/757 428/761/759
f 358/760/758 428/761/759 359/762/760
f 359/762/760 428/761/759 429/763/761
f 359/762/760 429/763/761 360/764/762
f 360/764/762 429/763/761 430/765/763
f 360/764/762 430/765/763 361/766/764
f 361/766/764 430/765/763 431/767/765
f 361/766/764 431/767/765 362/768/766
f 362/768/766 431/767/765 432/769/767
f 362/768/766 432/769/767 363/770/768
f 363/770/768 432/769/767 433/771/769
f 363/770/768 433/771/769 364/772/770
f 364/772/770 433/771/769 434/773/771
f 364/772/770 434/773/771 365/774/772
f 365/774/772 434/773/771 435/775/773
f 365/774/772 435/775/773 366/776/774
f 366/776/774 435/775/773 436/777/775
f 366/776/774 436/777/775 367/778/776
f 367/778/776 436/777/775 437/779/777
f 367/778/776 437/779/777 368/780/778
f 368/780/778 437/779/777 438/781/779
f 368/780/778 438/781/779 369/782/780
f 369/782/780 438/781/779 439/783/781
f 369/782/780 439/783/781 370/784/782
f 370/784/782 439/783/781 440/785/783
f 370/784/782 440/785/783 371/786/784
f 371/786/784 440/785/783 441/787/785
f 371/786/784 441/787/785 372/788/786
f 372/788/786 441/787/785 442/789/787
f 372/788/786 442/789/787 373/790/788
f 373/790/788 442/789/787 27/791/789
f 373/790/788 27/791/789 374/792/790
f 374/792/790 27/791/789 375/793/791
f 375/793/791 27/791/789 14/588/586
f 375/793/791 14/588/586 376/590/588
f 14/588/586 13/794/792 2/586/584
f 2/586/584 13/794/792 3/795/793
f 3/795/793 13/794/792 12/796/794
f 3/795/793 12/796/794 4/797/795
f 4/797/795 12/796/794 11/798/796
f 4/797/795 11/798/796 5/799/797
f 5/799/797 11/798/796 10/800/798
f 5/799/797 10/800/798 6/801/799
f 6/801/799 10/800/798 9/802/800
f 6/801/799 9/802/800 7/803/801
f 7/803/801 9/802/800 8/804/802
f 251/805/803 169/806/804 396/807/805
f 396/807/805 169/806/804 168/808/806
f 396/807/805 168/808/806 397/809/807
f 397/809/807 168/808/806 167/810/808
f 397/809/807 167/810/808 398/811/809
f 398/811/809 167/810/808 166/812/810
f 398/811/809 166/812/810 399/813/811
f 399/813/811 166/812/810 165/814/812
f 399/813/811 165/814/812 400/815/813
f 400/815/813 165/814/812 164/816/814
f 400/815/813 164/816/814 401/817/815
f 401/817/815 164/816/814 163/818/816
f 401/817/815 163/818/816 402/819/817
f 402/819/817 163/818/816 162/820/818
f 402/819/817 162/820/818 403/821/819
f 403/821/819 162/820/818 161/822/820
f 403/821/819 161/822/820 404/823/821
f 404/823/821 161/822/820 160/824/822
f 404/823/821 160/824/822 405/825/823
f 405/825/823 160/824/822 159/826/824
f 405/825/823 159/826/824 406/827/825
f 406/827/825 159/826/824 158/828/826
f 406/827/825 158/828/826 407/829/827
f 407/829/827 158/828/826 157/830/828
f 407/829/827 157/830/828 408/831/829
f 408/831/829 157/830/828 156/832/830
f 408/831/829 156/832/830 409/833/831
f 409/833/831 156/832/830 155/834/832
f 409/833/831 155/834/832 410/835/833
f 410/835/833 155/834/832 154/836/834
f 410/835/833 154/836/834 411/837/835
f 411/837/835 154/836/834 153/838/836
f 411/837/835 153/838/836 412/839/837
f 412/839/837 153/838/836 152/840/838
f 412/839/837 152/840/838 413/841/839
f 413/841/839 152/840/838 151/842/840
f 413/841/839 151/842/840 414/843/841
f 414/843/841 151/842/840 150/844/842
f 414/843/841 150/844/842 415/845/843
f 415/845/843 150/844/842 149/846/844
f 415/845/843 149/846/844 416/847/845
f 416/847/845 149/846/844 148/848/846
f 416/847/845 148/848/846 417/849/847
f 417/849/847 148/848/846 147/850/848
f 417/849/847 147/850/848 418/851/849
f 418/851/849 147/850/848 146/852/850
f 418/851/849 146/852/850 419/853/851
f 419/853/851 146/852/850 145/854/852
f 419/853/851 145/854/852 420/855/853
f 420/855/853 145/854/852 144/856/854
f 420/855/853 144/856/854 421/857/855
f 421/857/855 144/856/854 143/858/856
f 421/857/855 143/858/856 422/859/857
f 422/859/857 143/858/856 142/860/858
f 422/859/857 142/860/858 423/861/859
f 423/861/859 142/860/858 141/862/860
f 423/861/859 141/862/860 424/863/861
f 424/863/861 141/862/860 140/864/862
f 424/863/861 140/864/862 425/865/863
f 425/865/863 140/864/862 139/866/864
f 425/865/863 139/866/864 426/867/865
f 426/867/865 139/866/864 138/868/866
f 426/867/865 138/868/866 427/869/867
f 427/869/867 138/868/866 137/870/868
f 427/869/867 137/870/868 428/871/869
f 428/871/869 137/870/868 136/872/870
f 428/871/869 136/872/870 429/873/871
f 429/873/871 136/872/870 135/874/872
f 429/873/871 135/874/872 430/875/873
f 430/875/873 135/874/872 134/876/874
f 430/875/873 134/876/874 431/877/875
f 431/877/875 134/876/874 133/878/876
f 431/877/875 133/878/876 432/879/877
f 432/879/877 133/878/876 132/880/878
f 432/879/877 132/880/878 433/881/879
f 433/881/879 132/880/878 131/882/880
f 433/881/879 131/882/880 434/883/881
f 434/883/881 131/882/880 130/884/882
f 434/883/881 130/884/882 435/885/883
f 435/885/883 130/884/882 129/886/884
f 435/885/883 129/886/884 436/887/885
f 436/887/885 129/886/884 128/888/886
f 436/887/885 128/888/886 437/889/887
f 437/889/887 128/888/886 127/890/888
f 437/889/887 127/890/888 438/891/889
f 438/891/889 127/890/888 126/892/890
f 438/891/889 126/892/890 439/893/891
f 439/893/891 126/892/890 125/894/892
f 439/893/891 125/894/892 440/895/893
f 440/895/893 125/894/892 124/896/894
f 440/895/893 124/896/894 441/897/895
f 441/897/895 124/896/894 123/898/896
f 441/897/895 123/898/896 442/899/897
f 442/899/897 123/898/896 122/900/898
f 442/899/897 122/900/898 27/901/899
f 27/901/899 122/900/898 28/902/900
# 442 vertices
# 902 texture params
# 900 normals
# 884 facets

# 1 groups
